ano,mes_cod,uo_cod,fonte_cod,receita_cod,receita_desc,vl_efet_ajust
2026,1,1011,60,1321010101000,REMUNERACAO DEPOSITOS BANCARIOS - PRINC.,7606600.56
2026,1,1011,60,1361011101000,CESSAO DIR. OPERAC. PAG. - PODERES EXECUTIVO LEGISLATIVO - PRINC. - FOLHA DE PESSOAL,119896
2026,1,1011,60,1922990199000,OUTRAS RESTITUICOES - PRINC. - DEMAIS,85426.23
2026,1,1011,60,1999992199000,OUTRAS REC. - PRIMARIAS - PRINC. - DEMAIS,58259.96
2026,1,1021,60,1321010101000,REMUNERACAO DEPOSITOS BANCARIOS - PRINC.,3230912.66
2026,1,1021,60,1922063199000,RESTITUICAO DESPESAS PRIMARIAS EXERCICIOS ANTERIORES - PRINC. - DEMAIS,259274.04
2026,1,1031,60,1321010101000,REMUNERACAO DEPOSITOS BANCARIOS - PRINC.,25246650.7
2026,1,1031,60,1922990199000,OUTRAS RESTITUICOES - PRINC. - DEMAIS,37847.53
2026,1,1031,60,1999992199000,OUTRAS REC. - PRIMARIAS - PRINC. - DEMAIS,2130.83
2026,1,1051,60,1321010101000,REMUNERACAO DEPOSITOS BANCARIOS - PRINC.,659590.69
2026,1,1051,60,1611010199001,SERVICOS ADM. COMERC. GER. - PRINC. - DEMAIS - SERVICOS ADMINISTRATIVOS,23.16
2026,1,1091,60,1311011101000,ALUGUEIS ARRENDAMENTOS - PRINC. - ALUGUEIS,2267.82
2026,1,1091,60,1911090199000,MULTAS JUROS PREVISTOS CONTRATOS - PRINC. - DEMAIS,31343.78
2026,1,1091,60,1922990199000,OUTRAS RESTITUICOES - PRINC. - DEMAIS,587848.74
2026,1,1191,9,1321010101000,REMUNERACAO DEPOSITOS BANCARIOS - PRINC.,217381.86
2026,1,1191,74,1321010101000,REMUNERACAO DEPOSITOS BANCARIOS - PRINC.,561824.23
2026,1,1191,74,2441990107001,ADM. ATIV. FISCAL - EMPRESAS DO SETOR SUCROENERGETICO,1308.83
2026,1,1221,24,1321010101000,REMUNERACAO DEPOSITOS BANCARIOS - PRINC.,73371.27
2026,1,1221,98,1321010101000,REMUNERACAO DEPOSITOS BANCARIOS - PRINC.,87.47
2026,1,1231,1,1321010101000,REMUNERACAO DEPOSITOS BANCARIOS - PRINC.,0
2026,1,1231,59,1349010103000,COMPENSACOES AMBIENTAIS - PRINC. - SUPRESSAO DO PEQUI,38502.83
2026,1,1251,1,2414990120004,SEGURANCA PUBLICA - MINISTERIO DA JUSTICA E SEGURANCA PUBLICA,1874146.07
2026,1,1251,45,1321010101000,REMUNERACAO DEPOSITOS BANCARIOS - PRINC.,563.38
2026,1,1251,45,2441990150999,SEGURANCA PUBLICA - OUTROS,353000
2026,1,1251,60,1311012101000,FOROS LAUDEMIOS TARIFAS OCUPACAO - PRINC. - TARIFA DE OCUPACAO DE IMOVEIS,25059.81
2026,1,1251,60,1311020101000,CONC. PERM. AUTOR. CESSAO DIR. USO BENS IMOV. PUB. - PRINC. - CONCESSAO DE DIREITO REAL DE USO DE AREA PUBLICA,32149.58
2026,1,1251,60,1611010199001,SERVICOS ADM. COMERC. GER. - PRINC. - DEMAIS - SERVICOS ADMINISTRATIVOS,2958.25
2026,1,1251,60,1611020101000,INSCRICAO CONCURSOS PROCESSOS SELETIVOS - PRINC.,981410
2026,1,1251,60,1922990199000,OUTRAS RESTITUICOES - PRINC. - DEMAIS,6394.63
2026,1,1261,3,1321010101000,REMUNERACAO DEPOSITOS BANCARIOS - PRINC.,57.41
2026,1,1261,21,1321010101000,REMUNERACAO DEPOSITOS BANCARIOS - PRINC.,2302804.13
2026,1,1261,21,1714500101000,TRANSFERENCIAS DO SALARIO-EDUCACAO - PRINC.,132575445.26
2026,1,1261,21,1922990104000,OUTRAS RESTITUICOES - PRINC. - CONTRIB. DO SALARIO-EDUCACAO,3259.62
2026,1,1261,23,1321010101000,REMUNERACAO DEPOSITOS BANCARIOS - PRINC.,6077936.41
2026,1,1261,23,1715530101000,TRANSF. FUNDEB MATRICULAS ETI - PRINC.,802522.78
2026,1,1261,23,1751500101000,TRANSF. RECURSOS FUNDEB - PRINC. - PARCELA FPM,229065818.61
2026,1,1261,23,1751500103001,TRANSF. RECURSOS FUNDEB - PRINC. - PARCELA ICMS - PRINC.,621663313.07
2026,1,1261,23,1751500104001,TRANSF. RECURSOS FUNDEB - PRINC. - PARCELA IPI - PRINC.,7397939.97
2026,1,1261,23,1751500105001,TRANSF. RECURSOS FUNDEB - PRINC. - PARCELA FPE - PRINC.,76568238.96
2026,1,1261,23,1751500106001,TRANSF. RECURSOS FUNDEB - PRINC. - PARCELA ITR - PRINC.,990740.54
2026,1,1261,23,1751500107001,TRANSF. RECURSOS FUNDEB - PRINC. - PARCELA IPVA - PRINC.,156713904.74
2026,1,1261,23,1751500108001,TRANSF. RECURSOS FUNDEB - PRINC. - PARCELA ITCD - PRINC.,14191397.76
2026,1,1261,23,1751500109001,TRANSF. RECURSOS FUNDEB - PRINC. - PARCELA ADICIONAL ICMS - FEM - PRINC.,9413753.98
2026,1,1261,23,1922510101000,RESTITUICOES RECURSOS FUNDEB - PRINC.,6954.27
2026,1,1261,23,1922990199000,OUTRAS RESTITUICOES - PRINC. - DEMAIS,3750662.57
2026,1,1261,24,1321010101000,REMUNERACAO DEPOSITOS BANCARIOS - PRINC.,3870.51
2026,1,1261,36,1321010101000,REMUNERACAO DEPOSITOS BANCARIOS - PRINC.,4396594.51
2026,1,1271,16,1321010101000,REMUNERACAO DEPOSITOS BANCARIOS - PRINC.,91934.19
2026,1,1271,16,1922990199000,OUTRAS RESTITUICOES - PRINC. - DEMAIS,6686.01
2026,1,1301,24,2414540103000,TRANSPORTE - MINISTERIO DO DESENVOLVIMENTO REGIONAL,2865613.56
2026,1,1371,79,1911061101000,MULTAS ADM. DANOS AMBIENTAIS - PRINC.,1107536.11
2026,1,1401,45,1741990150999,SEGURANCA PUBLICA - OUTROS,400
2026,1,1401,60,1611010111000,SERVICOS ADM. COMERC. GER. - PRINC. - SEGURANCA PUBLICA,133.95
2026,1,1401,60,1611010127000,SERVICOS ADM. COMERC. GER. - PRINC. - RECREATIVOS E CULTURAIS,22085.63
2026,1,1401,60,1611020101000,INSCRICAO CONCURSOS PROCESSOS SELETIVOS - PRINC.,2
2026,1,1401,60,1911010111000,MULTAS LEGISL. ESPECIFICA - PRINC. - INFRACAO A LEGISLACAO SOBRE PRATICAS DE COMPETENCIA DO CBMMG POR INSTITUICOES CIVIS,5531
2026,1,1401,70,1321010101000,REMUNERACAO DEPOSITOS BANCARIOS - PRINC.,9.98
2026,1,1441,60,1321010101000,REMUNERACAO DEPOSITOS BANCARIOS - PRINC.,1265193.1
2026,1,1451,1,1321010101000,REMUNERACAO DEPOSITOS BANCARIOS - PRINC.,7574.09
2026,1,1451,2,1321010101000,REMUNERACAO DEPOSITOS BANCARIOS - PRINC.,39761.62
2026,1,1451,24,1321010101000,REMUNERACAO DEPOSITOS BANCARIOS - PRINC.,74852.84
2026,1,1451,60,1923990101000,OUTROS RESSARCIMENTOS - PRINC. - RETENCAO SOBRE PAGAMENTO FOLHA DE SENTENCIADO,707805.35
2026,1,1481,38,1719990115001,DESPORTO LAZER - MINISTERIO DO ESPORTE,4196543.98
2026,1,1511,1,2414990120004,SEGURANCA PUBLICA - MINISTERIO DA JUSTICA E SEGURANCA PUBLICA,209298.81
2026,1,1511,70,1321010101000,REMUNERACAO DEPOSITOS BANCARIOS - PRINC.,537.01
2026,1,1521,9,1321010101000,REMUNERACAO DEPOSITOS BANCARIOS - PRINC.,16509.75
2026,1,1711,69,1321010101000,REMUNERACAO DEPOSITOS BANCARIOS - PRINC.,898.66
2026,1,1911,15,1321010101000,REMUNERACAO DEPOSITOS BANCARIOS - PRINC.,0
2026,1,1911,15,1999992199000,OUTRAS REC. - PRIMARIAS - PRINC. - DEMAIS,0
2026,1,1911,20,1112510102000,IPVA - PRINC. - COTA PARTE DOS MUNICIPIOS,0
2026,1,1911,20,1112510202000,IPVA - MJM - COTA PARTE DOS MUNICIPIOS,0
2026,1,1911,20,1112510302000,IPVA - DA - COTA PARTE DOS MUNICIPIOS,0
2026,1,1911,20,1114501102000,ICMS - PRINC. - COTA PARTE DOS MUNICIPIOS,0
2026,1,1911,20,1114501202000,ICMS - MJM - COTA PARTE DOS MUNICIPIOS,0
2026,1,1911,20,1114501302000,ICMS - DA - COTA PARTE DOS MUNICIPIOS,0
2026,1,1911,20,9112510102000,DEDUCAO REC. - IPVA - PRINC. - COTA PARTE DOS MUNICIPIOS,0
2026,1,1911,20,9112510202000,DEDUCAO REC. - IPVA - MJM - COTA PARTE DOS MUNICIPIOS,0
2026,1,1911,20,9112510302000,DEDUCAO REC. - IPVA - DA - COTA PARTE DOS MUNICIPIOS,0
2026,1,1911,20,9114501102000,DEDUCAO REC. - ICMS - PRINC. - COTA PARTE DOS MUNICIPIOS,0
2026,1,1911,20,9114501202000,DEDUCAO REC. - ICMS - MJM - COTA PARTE DOS MUNICIPIOS,0
2026,1,1911,20,9114501302000,DEDUCAO REC. - ICMS - DA - COTA PARTE DOS MUNICIPIOS,0
2026,1,1911,23,1112510103000,IPVA - PRINC. - COTA PARTE DO ESTADO PARA O FUNDEB,0
2026,1,1911,23,1112510203000,IPVA - MJM - COTA PARTE DO ESTADO PARA O FUNDEB,0
2026,1,1911,23,1112510303000,IPVA - DA - COTA PARTE DO ESTADO PARA O FUNDEB,0
2026,1,1911,23,1112520102000,ITCD - PRINC. - COTA PARTE DO FUNDEB,0
2026,1,1911,23,1112520202000,ITCD - MJM - COTA PARTE DO FUNDEB,0
2026,1,1911,23,1112520302000,ITCD - DA - COTA PARTE DO FUNDEB,0
2026,1,1911,23,1114501103000,ICMS - PRINC. - COTA PARTE DO ESTADO PARA O FUNDEB,0
2026,1,1911,23,1114501203000,ICMS - MJM - COTA PARTE DO ESTADO PARA O FUNDEB,0
2026,1,1911,23,1114501303000,ICMS - DA - COTA PARTE DO ESTADO PARA O FUNDEB,0
2026,1,1911,23,1114502102000,ADICIONAL ICMS - FEM - PRINC. - COTA PARTE DO FUNDEB,0
2026,1,1911,23,1114502202000,ADICIONAL ICMS - FEM - MJM - COTA PARTE DO FUNDEB,0
2026,1,1911,23,1114502302000,ADICIONAL ICMS - FEM - DA - COTA PARTE DO FUNDEB,0
2026,1,1911,23,1114502402000,ADICIONAL ICMS - FEM - DA-MJM - COTA PARTE DO FUNDEB,0
2026,1,1911,23,9112510103000,DEDUCAO REC. - IPVA - PRINC. - COTA PARTE DO ESTADO PARA O FUNDEB,0
2026,1,1911,23,9112510203000,DEDUCAO REC. - IPVA - MJM - COTA PARTE DO ESTADO PARA O FUNDEB,0
2026,1,1911,23,9112510303000,DEDUCAO REC. - IPVA - DA - COTA PARTE DO ESTADO PARA O FUNDEB,0
2026,1,1911,23,9112520102000,DEDUCAO REC. - ITCD - PRINC. - COTA PARTE DO ESTADO PARA O FUNDEB,0
2026,1,1911,23,9112520202000,DEDUCAO REC. - ITCD - MJM - COTA PARTE DO ESTADO PARA O FUNDEB,0
2026,1,1911,23,9112520302000,DEDUCAO REC. - ITCD - DA - COTA PARTE DO ESTADO PARA O FUNDEB,0
2026,1,1911,23,9114501103000,DEDUCAO REC. - ICMS - PRINC. - COTA PARTE DO ESTADO PARA O FUNDEB,0
2026,1,1911,23,9114501203000,DEDUCAO REC. - ICMS - MJM - COTA PARTE DO ESTADO PARA O FUNDEB,0
2026,1,1911,23,9114501303000,DEDUCAO REC. - ICMS - DA - COTA PARTE DO ESTADO PARA O FUNDEB,0
2026,1,1911,23,9114502102000,DEDUCAO REC. - ADICIONAL ICMS - FEM - PRINC. - COTA PARTE DO FUNDEB,0
2026,1,1911,23,9114502202000,DEDUCAO REC. - ADICIONAL ICMS - FEM - MJM - COTA PARTE DO FUNDEB,0
2026,1,1911,23,9114502302000,DEDUCAO REC. - ADICIONAL ICMS - FEM - DA - COTA PARTE DO FUNDEB,0
2026,1,1911,23,9114502402000,DEDUCAO REC. - ADICIONAL ICMS - FEM - DA-MJM - COTA PARTE DO FUNDEB,0
2026,1,1911,25,1321010101000,REMUNERACAO DEPOSITOS BANCARIOS - PRINC.,0
2026,1,2011,47,2221010101000,ALIENACAO BENS IMOVEIS - PRINC.,0
2026,1,2011,49,1219991101008,DEMAIS CONTRIB. SOC. - PRINC. - CONTRIB. PATRON. CIVIL SAUDE - MUNICIPIOS,26565.05
2026,1,2011,49,1922520101000,RESTITUICAO REMUNERACAO FOLHA PAGAMENTO - PESSOAL ATIVO - PRINC.,0
2026,1,2011,49,1922990199000,OUTRAS RESTITUICOES - PRINC. - DEMAIS,5954.84
2026,1,2011,49,7219991101001,REC. INTRA. - DEMAIS CONTRIB. SOC. - PRINC. - CONTRIB. PATRON. CIVIL SAUDE - SERVIDOR ATIVO,11399391.36
2026,1,2011,49,7219991101002,REC. INTRA. - DEMAIS CONTRIB. SOC. - PRINC. - CONTRIB. PATRON. CIVIL SAUDE - SERVIDOR INATIVO,12527448.81
2026,1,2011,49,7219991101003,REC. INTRA. - DEMAIS CONTRIB. SOC. - PRINC. - CONTRIB. PATRON. CIVIL SAUDE - PENSIONISTA,1962905.52
2026,1,2011,49,7219991101004,REC. INTRA. - DEMAIS CONTRIB. SOC. - PRINC. - CONTRIB. PATRON. CIVIL SAUDE - CONTRATO ADMINISTRATIVO,1003324.47
2026,1,2011,49,7219991101005,REC. INTRA. - DEMAIS CONTRIB. SOC. - PRINC. - CONTRIB. PATRON. CIVIL SAUDE - ESTADO - DEPENDENTES,9075854.32
2026,1,2011,49,7219991101006,REC. INTRA. - DEMAIS CONTRIB. SOC. - PRINC. - CONTRIB. PATRON. CIVIL SAUDE - ESTADO - DEPENDENTES - FILHOS,6449831.12
2026,1,2011,49,7219991101007,REC. INTRA. - DEMAIS CONTRIB. SOC. - PRINC. - CONTRIB. PATRON. CIVIL SAUDE - USUARIO FACULTATIVO,0
2026,1,2011,50,1219991102001,DEMAIS CONTRIB. SOC. - PRINC. - CONTRIB. CIVIL SAUDE - ATIVO,24315285.07
2026,1,2011,50,1219991102002,DEMAIS CONTRIB. SOC. - PRINC. - CONTRIB. CIVIL SAUDE - INATIVO,33823763.29
2026,1,2011,50,1219991102003,DEMAIS CONTRIB. SOC. - PRINC. - CONTRIB. CIVIL SAUDE - PENSIONISTA,4349314.5
2026,1,2011,50,1219991102004,DEMAIS CONTRIB. SOC. - PRINC. - CONTRIB. CIVIL SAUDE - CONTRATO ADMINISTRATIVO,2310632.37
2026,1,2011,50,1219991102005,DEMAIS CONTRIB. SOC. - PRINC. - CONTRIB. CIVIL SAUDE - ESTADO - DEPENDENTES,22249950.9
2026,1,2011,50,1219991102006,DEMAIS CONTRIB. SOC. - PRINC. - CONTRIB. CIVIL SAUDE - ESTADO - DEPENDENTES - FILHOS,13121476.02
2026,1,2011,50,1219991102007,DEMAIS CONTRIB. SOC. - PRINC. - CONTRIB. CIVIL SAUDE - USUARIO FACULTATIVO,856240.02
2026,1,2011,50,1219991102008,DEMAIS CONTRIB. SOC. - PRINC. - CONTRIB. CIVIL SAUDE - MUNICIPIOS,60343.44
2026,1,2011,50,1219991102009,DEMAIS CONTRIB. SOC. - PRINC. - CONTRIB. CIVIL SAUDE - DEMAIS - SERVIDOR,411019.23
2026,1,2011,50,1219991102010,DEMAIS CONTRIB. SOC. - PRINC. - CONTRIB. CIVIL SAUDE - DEMAIS - DEPENDENTES,0
2026,1,2011,50,1219991102011,DEMAIS CONTRIB. SOC. - PRINC. - CONTRIB. CIVIL SAUDE - DEMAIS - DEPENDENTES - FILHOS,0
2026,1,2011,50,1922990199000,OUTRAS RESTITUICOES - PRINC. - DEMAIS,8747.76
2026,1,2011,60,1219991399000,DEMAIS CONTRIB. SOC. - DA - DEMAIS,110590.72
2026,1,2011,60,1219991499000,DEMAIS CONTRIB. SOC. - DA-MJM - DEMAIS,307223.78
2026,1,2011,60,1311020199000,CONC. PERM. AUTOR. CESSAO DIR. USO BENS IMOV. PUB. - PRINC. - DEMAIS,18861.21
2026,1,2011,60,1321010101000,REMUNERACAO DEPOSITOS BANCARIOS - PRINC.,4006667.93
2026,1,2011,60,1321060102000,JUROS CAPITAL PROPRIO - PRINC. - EMPRESAS NAO ESTATAIS,0
2026,1,2011,60,1322010102000,DIVIDENDOS - PRINC. - EMPRESAS NAO ESTATAIS,0
2026,1,2011,60,1611010120000,SERVICOS ADM. COMERC. GER. - PRINC. - ADMINISTRACAO DE FUNDO DE PECULIO,0
2026,1,2011,60,1611010199001,SERVICOS ADM. COMERC. GER. - PRINC. - DEMAIS - SERVICOS ADMINISTRATIVOS,0
2026,1,2011,60,1611020101000,INSCRICAO CONCURSOS PROCESSOS SELETIVOS - PRINC.,0
2026,1,2011,60,1911090199000,MULTAS JUROS PREVISTOS CONTRATOS - PRINC. - DEMAIS,1845.17
2026,1,2011,60,1922063199000,RESTITUICAO DESPESAS PRIMARIAS EXERCICIOS ANTERIORES - PRINC. - DEMAIS,360500.57
2026,1,2011,60,1922990199000,OUTRAS RESTITUICOES - PRINC. - DEMAIS,9111.18
2026,1,2011,60,1999992199000,OUTRAS REC. - PRIMARIAS - PRINC. - DEMAIS,140773.75
2026,1,2011,60,7311011101000,REC. INTRA. - ALUGUEIS ARRENDAMENTOS - PRINC. - ALUGUEIS,34059.12
2026,1,2011,61,1631990105001,OUTROS SERV. ATEND. SAUDE - PRINC. - COPARTICIP. SEGURADOS - SERVICOS HOSPITALARES,4820219.75
2026,1,2011,61,1631990105002,OUTROS SERV. ATEND. SAUDE - PRINC. - COPARTICIP. SEGURADOS - SERVICOS ODONTOLOGICOS,245784.1
2026,1,2041,60,1321010101000,REMUNERACAO DEPOSITOS BANCARIOS - PRINC.,0
2026,1,2041,60,1322010101000,DIVIDENDOS - PRINC. - EMPRESAS ESTATAIS,0
2026,1,2041,60,1922990199000,OUTRAS RESTITUICOES - PRINC. - DEMAIS,1133.24
2026,1,2041,60,1999992102000,OUTRAS REC. - PRIMARIAS - PRINC. - RENDAS DE LOTERIA INSTANTANEA,0
2026,1,2041,60,1999992103000,OUTRAS REC. - PRIMARIAS - PRINC. - RENDAS DE LOTERIA ONLINE,1001037.27
2026,1,2041,60,1999992116000,OUTRAS REC. - PRIMARIAS - PRINC. - RENDAS DE LOTERIA CONVENCIONAL,18508.45
2026,1,2061,24,1321010101000,REMUNERACAO DEPOSITOS BANCARIOS - PRINC.,3339.68
2026,1,2061,24,1922990199000,OUTRAS RESTITUICOES - PRINC. - DEMAIS,0
2026,1,2061,60,1311011101000,ALUGUEIS ARRENDAMENTOS - PRINC. - ALUGUEIS,3168.72
2026,1,2061,60,1611010103000,"SERVICOS ADM. COMERC. GER. - PRINC. - COMERCIALIZACAO DE LIVROS, PERIODICOS, MATERIAIS ESCOLARES E PUBLICIDADE",0
2026,1,2061,60,1611010124000,SERVICOS ADM. COMERC. GER. - PRINC. - EDUCACIONAIS E CAPACITACAO,12995.28
2026,1,2061,60,1611010130000,SERVICOS ADM. COMERC. GER. - PRINC. - ESTUDOS E PESQUISA,95036.47
2026,1,2061,60,1611010199001,SERVICOS ADM. COMERC. GER. - PRINC. - DEMAIS - SERVICOS ADMINISTRATIVOS,27.7
2026,1,2061,60,1611020101000,INSCRICAO CONCURSOS PROCESSOS SELETIVOS - PRINC.,0
2026,1,2061,60,1611030104000,SERVICOS REG. CERTIF. FISCALIZ. - PRINC. - EXPEDICAO DE CERTIFICADOS,82921.72
2026,1,2061,60,1922990199000,OUTRAS RESTITUICOES - PRINC. - DEMAIS,882.46
2026,1,2071,24,1321010101000,REMUNERACAO DEPOSITOS BANCARIOS - PRINC.,352.13
2026,1,2071,24,1717990106003,CIENCIA TECNOLOGIA - FINANCIADORA DE ESTUDOS E PROJETOS - FINEP,0
2026,1,2071,24,1922990199000,OUTRAS RESTITUICOES - PRINC. - DEMAIS,2257.76
2026,1,2071,47,2211020199000,ALIEN. TITULOS VALORES MOBIL. APLIC. CONGEN. PERMANENTES - PRINC. - DEMAIS,0
2026,1,2071,47,2213010101000,ALIENACAO BENS MOVEIS E SEMOVENTES - PRINC.,0
2026,1,2071,60,1321010101000,REMUNERACAO DEPOSITOS BANCARIOS - PRINC.,0
2026,1,2071,60,1922011101000,RESTITUICAO CONVENIOS - PRIMARIAS - PRINC.,3411748.71
2026,1,2071,68,1321010101000,REMUNERACAO DEPOSITOS BANCARIOS - PRINC.,0
2026,1,2071,68,1741990109002,CIENCIA TECNOLOGIA - FUNDACAO RENOVA,0
2026,1,2071,68,1922990199000,OUTRAS RESTITUICOES - PRINC. - DEMAIS,0
2026,1,2071,68,2441990109001,CIENCIA TECNOLOGIA - FUNDACAO RENOVA,0
2026,1,2071,69,1321010101000,REMUNERACAO DEPOSITOS BANCARIOS - PRINC.,0
2026,1,2071,69,1922990199000,OUTRAS RESTITUICOES - PRINC. - DEMAIS,0
2026,1,2091,9,1321010101000,REMUNERACAO DEPOSITOS BANCARIOS - PRINC.,0
2026,1,2091,47,2213010101000,ALIENACAO BENS MOVEIS E SEMOVENTES - PRINC.,0
2026,1,2091,52,1121040103000,TX. CONTR. FISC. AMBIENT. - PRINC. - TAXA DE CONTROLE E FISCALIZACAO AMBIENTAL,317605.54
2026,1,2091,52,1121040203000,TX. CONTR. FISC. AMBIENT. - MJM - TAXA DE CONTROLE E FISCALIZACAO AMBIENTAL,149644.91
2026,1,2091,52,1121040303000,TX. CONTR. FISC. AMBIENT. - DA - TAXA DE CONTROLE E FISCALIZACAO AMBIENTAL,0
2026,1,2091,52,1121040403000,TX. CONTR. FISC. AMBIENT. - DA-MJM - TAXA DE CONTROLE E FISCALIZACAO AMBIENTAL,0
2026,1,2091,52,1922520101000,RESTITUICAO REMUNERACAO FOLHA PAGAMENTO - PESSOAL ATIVO - PRINC.,0
2026,1,2091,52,1922990199000,OUTRAS RESTITUICOES - PRINC. - DEMAIS,0
2026,1,2091,59,1921990101000,OUTRAS INDENIZACOES - PRINC. - IMPACTOS E DANOS AMBIENTAIS,247505.45
2026,1,2091,60,1611010128000,"SERVICOS ADM. COMERC. GER. - PRINC. - CONSULTORIA, ASSISTENCIA TECNICA E ANALISE DE PROJETOS",0
2026,1,2091,60,1611010199001,SERVICOS ADM. COMERC. GER. - PRINC. - DEMAIS - SERVICOS ADMINISTRATIVOS,0
2026,1,2091,60,1699990301000,OUTROS SERVICOS - DA,367587.04
2026,1,2091,60,1911061101000,MULTAS ADM. DANOS AMBIENTAIS - PRINC.,520665.74
2026,1,2091,60,1911061201000,MULTAS ADM. DANOS AMBIENTAIS - MJM,0
2026,1,2091,60,1922520101000,RESTITUICAO REMUNERACAO FOLHA PAGAMENTO - PESSOAL ATIVO - PRINC.,0
2026,1,2091,60,1922990199000,OUTRAS RESTITUICOES - PRINC. - DEMAIS,0
2026,1,2091,79,1911061101000,MULTAS ADM. DANOS AMBIENTAIS - PRINC.,214820
2026,1,2091,91,1121040104000,TX. CONTR. FISC. AMBIENT. - PRINC. - TAXA DE REGULARIZACAO AMBIENTAL,0
2026,1,2091,91,1121040109000,"TX. CONTR. FISC. AMBIENT. - PRINC. - TAXA DE REPROGRAFIA, CERTIDOES E JULGAMENTO DE CONTENCIOSO",86242.84
2026,1,2091,91,1122010101011,TX. PREST. SERV. G. - PRINC. - TX. EXP. - ATOS DE AUTORIDADE ADMINISTRATIVA DO SISTEMA ESTADUAL DE MEIO AMBIENTE E RECURSOS HIDRICOS - SISEMA,1158546.6
2026,1,2101,9,1321010101000,REMUNERACAO DEPOSITOS BANCARIOS - PRINC.,0
2026,1,2101,9,1741990146999,MEIO AMBIENTE - OUTROS,0
2026,1,2101,9,2441990146999,MEIO AMBIENTE - OUTROS,0
2026,1,2101,24,1321010101000,REMUNERACAO DEPOSITOS BANCARIOS - PRINC.,0
2026,1,2101,24,1717990116005,MEIO AMBIENTE - MINISTERIO DA JUSTICA E SEGURANCA PUBLICA,0
2026,1,2101,26,1121040101000,TX. CONTR. FISC. AMBIENT. - PRINC. - TAXA FLORESTAL,6342043.38
2026,1,2101,26,1121040201000,TX. CONTR. FISC. AMBIENT. - MJM - TAXA FLORESTAL,0
2026,1,2101,26,1121040301000,TX. CONTR. FISC. AMBIENT. - DA - TAXA FLORESTAL,0
2026,1,2101,26,1922520101000,RESTITUICAO REMUNERACAO FOLHA PAGAMENTO - PESSOAL ATIVO - PRINC.,0
2026,1,2101,26,1922990199000,OUTRAS RESTITUICOES - PRINC. - DEMAIS,16420.2
2026,1,2101,47,2213010101000,ALIENACAO BENS MOVEIS E SEMOVENTES - PRINC.,0
2026,1,2101,52,1121040103000,TX. CONTR. FISC. AMBIENT. - PRINC. - TAXA DE CONTROLE E FISCALIZACAO AMBIENTAL,49949.49
2026,1,2101,52,1121040303000,TX. CONTR. FISC. AMBIENT. - DA - TAXA DE CONTROLE E FISCALIZACAO AMBIENTAL,0
2026,1,2101,52,1121040403000,TX. CONTR. FISC. AMBIENT. - DA-MJM - TAXA DE CONTROLE E FISCALIZACAO AMBIENTAL,0
2026,1,2101,52,1922990199000,OUTRAS RESTITUICOES - PRINC. - DEMAIS,0
2026,1,2101,60,1611010116000,SERVICOS ADM. COMERC. GER. - PRINC. - MEIO AMBIENTE,0
2026,1,2101,60,1611010121000,SERVICOS ADM. COMERC. GER. - PRINC. - GESTAO DE CRIADORES DE PASSEIFORMES SILVESTRES,204032
2026,1,2101,60,1699990301000,OUTROS SERVICOS - DA,0
2026,1,2101,60,1911061101000,MULTAS ADM. DANOS AMBIENTAIS - PRINC.,433924.46
2026,1,2101,60,1922990199000,OUTRAS RESTITUICOES - PRINC. - DEMAIS,10189.23
2026,1,2101,60,1999992199000,OUTRAS REC. - PRIMARIAS - PRINC. - DEMAIS,300183.44
2026,1,2101,61,1349010101000,COMPENSACOES AMBIENTAIS - PRINC. - REPOSICAO FLORESTAL,1426162.26
2026,1,2101,61,1349010102000,COMPENSACOES AMBIENTAIS - PRINC. - REPOSICAO DA PESCA,57.37
2026,1,2101,61,1349010199000,COMPENSACOES AMBIENTAIS - PRINC. - DEMAIS,248108.75
2026,1,2101,61,1611010118000,SERVICOS ADM. COMERC. GER. - PRINC. - VISITACAO DAS UNIDADES DE CONSERVACAO DA NATUREZA,38950.83
2026,1,2101,61,1922990199000,OUTRAS RESTITUICOES - PRINC. - DEMAIS,0
2026,1,2101,68,1321010101000,REMUNERACAO DEPOSITOS BANCARIOS - PRINC.,0
2026,1,2101,69,1321010101000,REMUNERACAO DEPOSITOS BANCARIOS - PRINC.,0
2026,1,2101,74,1321010101000,REMUNERACAO DEPOSITOS BANCARIOS - PRINC.,0
2026,1,2101,79,1911061101000,MULTAS ADM. DANOS AMBIENTAIS - PRINC.,102549.72
2026,1,2101,91,1121040105000,TX. CONTR. FISC. AMBIENT. - PRINC. - TAXA DA LEI DA PESCA,82514.06
2026,1,2101,91,1121040106000,TX. CONTR. FISC. AMBIENT. - PRINC. - TAXA DE LIBERACAO E MANEJO DA FAUNA E FLORA,38110.9
2026,1,2101,91,1121040107000,TX. CONTR. FISC. AMBIENT. - PRINC. - TAXA DA LEI DE POLITICA FLORESTAL,1044124.09
2026,1,2101,91,1121040109000,"TX. CONTR. FISC. AMBIENT. - PRINC. - TAXA DE REPROGRAFIA, CERTIDOES E JULGAMENTO DE CONTENCIOSO",10950.09
2026,1,2101,91,1922990199000,OUTRAS RESTITUICOES - PRINC. - DEMAIS,0
2026,1,2121,47,2213010101000,ALIENACAO BENS MOVEIS E SEMOVENTES - PRINC.,0
2026,1,2121,47,2221010101000,ALIENACAO BENS IMOVEIS - PRINC.,0
2026,1,2121,49,1219991103052,DEMAIS CONTRIB. SOC. - PRINC. - IPSM - CONTRIB. PATRONAL - INATIVO CIVIL,3087.78
2026,1,2121,49,7219991103053,REC. INTRA. - DEMAIS CONTRIB. SOC. - PRINC. - IPSM - CONTRIB. PATRONAL MILITAR PARA A SAUDE - ATIVO,367.34
2026,1,2121,49,7219991103054,REC. INTRA. - DEMAIS CONTRIB. SOC. - PRINC. - IPSM - CONTRIB. PATRONAL MILITAR PARA A SAUDE - INATIVO,10518.86
2026,1,2121,49,7219991103055,REC. INTRA. - DEMAIS CONTRIB. SOC. - PRINC. - IPSM - CONTRIB. PATRONAL MILITAR PARA A PREVIDENCIA - ATIVO,817.63
2026,1,2121,49,7219991103056,REC. INTRA. - DEMAIS CONTRIB. SOC. - PRINC. - IPSM - CONTRIB. PATRONAL MILITAR PARA A PREVIDENCIA - INATIVO,35899.28
2026,1,2121,50,1219991103002,DEMAIS CONTRIB. SOC. - PRINC. - IPSM - CONTRIB. DO SERVIDOR CIVIL - INATIVO,1822.06
2026,1,2121,50,1219991103003,DEMAIS CONTRIB. SOC. - PRINC. - IPSM - CONTRIB. MILITAR PARA A SAUDE - ATIVO,183.67
2026,1,2121,50,1219991103004,DEMAIS CONTRIB. SOC. - PRINC. - IPSM - CONTRIB. MILITAR PARA A SAUDE - INATIVO,4168.74
2026,1,2121,50,1219991103005,DEMAIS CONTRIB. SOC. - PRINC. - IPSM - CONTRIB. MILITAR PARA A PREVIDENCIA  - ATIVO,408.81
2026,1,2121,50,1219991103006,DEMAIS CONTRIB. SOC. - PRINC. - IPSM - CONTRIB. MILITAR PARA A PREVIDENCIA  - INATIVO,13894.43
2026,1,2121,50,1922520101000,RESTITUICAO REMUNERACAO FOLHA PAGAMENTO - PESSOAL ATIVO - PRINC.,0
2026,1,2121,50,1922990199000,OUTRAS RESTITUICOES - PRINC. - DEMAIS,4634.25
2026,1,2121,60,1311011101000,ALUGUEIS ARRENDAMENTOS - PRINC. - ALUGUEIS,295192.16
2026,1,2121,60,1311011201000,ALUGUEIS ARRENDAMENTOS - MJM - ALUGUEIS,516.23
2026,1,2121,60,1322010102000,DIVIDENDOS - PRINC. - EMPRESAS NAO ESTATAIS,0
2026,1,2121,60,1329990102000,OUTROS VALORES MOBILIARIOS - PRINC. - FUNDOS DE INVESTIMENTO,5841132.55
2026,1,2121,60,1611010199001,SERVICOS ADM. COMERC. GER. - PRINC. - DEMAIS - SERVICOS ADMINISTRATIVOS,218485.92
2026,1,2121,60,1631990105001,OUTROS SERV. ATEND. SAUDE - PRINC. - COPARTICIP. SEGURADOS - SERVICOS HOSPITALARES,10428812.71
2026,1,2121,60,1631990105002,OUTROS SERV. ATEND. SAUDE - PRINC. - COPARTICIP. SEGURADOS - SERVICOS ODONTOLOGICOS,1611208.52
2026,1,2121,60,1699990101000,OUTROS SERVICOS - PRINC.,456.88
2026,1,2121,60,1922990199000,OUTRAS RESTITUICOES - PRINC. - DEMAIS,12407.02
2026,1,2121,60,1999992199000,OUTRAS REC. - PRIMARIAS - PRINC. - DEMAIS,402473.91
2026,1,2121,60,7219991205000,REC. INTRA. - DEMAIS CONTRIB. SOC. - MJM - RENEGOCIACAO DE OBRIGACOES PREVIDENCIARIAS,0
2026,1,2151,60,1411010101000,REC. AGROPECUARIA - PRINC. - PRODUCAO VEGETAL,0
2026,1,2151,60,1611010199001,SERVICOS ADM. COMERC. GER. - PRINC. - DEMAIS - SERVICOS ADMINISTRATIVOS,5500
2026,1,2171,24,1321010101000,REMUNERACAO DEPOSITOS BANCARIOS - PRINC.,0
2026,1,2171,24,1922990199000,OUTRAS RESTITUICOES - PRINC. - DEMAIS,0
2026,1,2171,24,2414990111005,CULTURA - BANCO NACIONAL DE DESENVOLVIMENTO ECONOMICO E SOCIAL - BNDES,0
2026,1,2171,60,1699990101000,OUTROS SERVICOS - PRINC.,560
2026,1,2181,47,2213010101000,ALIENACAO BENS MOVEIS E SEMOVENTES - PRINC.,0
2026,1,2181,60,1311011101000,ALUGUEIS ARRENDAMENTOS - PRINC. - ALUGUEIS,98285.44
2026,1,2181,60,1311020199000,CONC. PERM. AUTOR. CESSAO DIR. USO BENS IMOV. PUB. - PRINC. - DEMAIS,0
2026,1,2181,60,1611010124000,SERVICOS ADM. COMERC. GER. - PRINC. - EDUCACIONAIS E CAPACITACAO,0
2026,1,2181,60,1611010127000,SERVICOS ADM. COMERC. GER. - PRINC. - RECREATIVOS E CULTURAIS,40427.82
2026,1,2181,60,1611020101000,INSCRICAO CONCURSOS PROCESSOS SELETIVOS - PRINC.,0
2026,1,2181,60,1921990199000,OUTRAS INDENIZACOES - PRINC. - DEMAIS,9827.33
2026,1,2201,1,1321010101000,REMUNERACAO DEPOSITOS BANCARIOS - PRINC.,579.54
2026,1,2201,1,1922990199000,OUTRAS RESTITUICOES - PRINC. - DEMAIS,0
2026,1,2201,1,2414990111004,CULTURA - INSTITUTO DO PATRIMONIO HISTORICO E ARTISTICO NACIONAL - IPHAN,0
2026,1,2201,24,1321010101000,REMUNERACAO DEPOSITOS BANCARIOS - PRINC.,2616.28
2026,1,2201,24,1717990109002,CULTURA - INSTITUTO DO PATRIMONIO HISTORICO E ARTISTICO NACIONAL - IPHAN,0
2026,1,2201,24,1922990199000,OUTRAS RESTITUICOES - PRINC. - DEMAIS,0
2026,1,2201,24,2414990111004,CULTURA - INSTITUTO DO PATRIMONIO HISTORICO E ARTISTICO NACIONAL - IPHAN,0
2026,1,2201,45,1321010101000,REMUNERACAO DEPOSITOS BANCARIOS - PRINC.,76006.95
2026,1,2201,60,1699990101000,OUTROS SERVICOS - PRINC.,73.45
2026,1,2211,60,1311011101000,ALUGUEIS ARRENDAMENTOS - PRINC. - ALUGUEIS,0
2026,1,2211,60,1611010107000,SERVICOS ADM. COMERC. GER. - PRINC. - COMUNICACAO,0
2026,1,2241,24,1321010101000,REMUNERACAO DEPOSITOS BANCARIOS - PRINC.,0
2026,1,2241,24,1922990199000,OUTRAS RESTITUICOES - PRINC. - DEMAIS,0
2026,1,2241,47,2213010101000,ALIENACAO BENS MOVEIS E SEMOVENTES - PRINC.,0
2026,1,2241,60,1321010101000,REMUNERACAO DEPOSITOS BANCARIOS - PRINC.,0
2026,1,2241,60,1699990301000,OUTROS SERVICOS - DA,20736.34
2026,1,2241,60,1911061101000,MULTAS ADM. DANOS AMBIENTAIS - PRINC.,9233.23
2026,1,2241,60,1911090199000,MULTAS JUROS PREVISTOS CONTRATOS - PRINC. - DEMAIS,0
2026,1,2241,60,1922990199000,OUTRAS RESTITUICOES - PRINC. - DEMAIS,0
2026,1,2241,61,1345010101000,OUTORGA DIR. USO RECURSOS HIDRICOS - PRINC.,3888276.76
2026,1,2241,61,1345010301000,OUTORGA DIR. USO RECURSOS HIDRICOS - DA,38812.45
2026,1,2241,61,1922990199000,OUTRAS RESTITUICOES - PRINC. - DEMAIS,0
2026,1,2241,73,1321010101000,REMUNERACAO DEPOSITOS BANCARIOS - PRINC.,0
2026,1,2241,73,1717990116002,MEIO AMBIENTE - AGENCIA NACIONAL DE AGUAS E SANEAMENTO - ANA,0
2026,1,2241,73,1922990199000,OUTRAS RESTITUICOES - PRINC. - DEMAIS,0
2026,1,2241,79,1911061101000,MULTAS ADM. DANOS AMBIENTAIS - PRINC.,3688.42
2026,1,2241,91,1121040104000,TX. CONTR. FISC. AMBIENT. - PRINC. - TAXA DE REGULARIZACAO AMBIENTAL,610594.22
2026,1,2241,91,1121040108000,TX. CONTR. FISC. AMBIENT. - PRINC. - TAXA DE CADASTRO PERFURACAO DE POCOS TUBULARES,0
2026,1,2241,91,1121040109000,"TX. CONTR. FISC. AMBIENT. - PRINC. - TAXA DE REPROGRAFIA, CERTIDOES E JULGAMENTO DE CONTENCIOSO",145.92
2026,1,2241,91,1922990199000,OUTRAS RESTITUICOES - PRINC. - DEMAIS,0
2026,1,2251,60,1321060101000,JUROS CAPITAL PROPRIO - PRINC. - EMPRESAS ESTATAIS,0
2026,1,2251,60,1322010101000,DIVIDENDOS - PRINC. - EMPRESAS ESTATAIS,0
2026,1,2251,60,1611030106000,SERVICOS REG. CERTIF. FISCALIZ. - PRINC. - REGISTRO DO COMERCIO,13376343.96
2026,1,2251,60,1611040101000,SERVICOS INFORMACAO TECNOLOGIA - PRINC. - PROCESSAMENTO DE DADOS,0
2026,1,2251,60,1922520101000,RESTITUICAO REMUNERACAO FOLHA PAGAMENTO - PESSOAL ATIVO - PRINC.,0
2026,1,2251,60,1922990199000,OUTRAS RESTITUICOES - PRINC. - DEMAIS,489.98
2026,1,2251,60,7611030106000,REC. INTRA. - SERVICOS REG. CERTIF. FISCALIZ. - PRINC. - REGISTRO DO COMERCIO,0
2026,1,2261,10,1922990101000,OUTRAS RESTITUICOES - PRINC. - RECURSOS ORIGINARIOS DO FUNDO ESTADUAL DE SAUDE - FES,80266.78
2026,1,2261,10,7729990125000,REC. INTRA. - OUTRAS TRANSF. ESTADOS DF - PRINC. - REPASSE DO FUNDO ESTADUAL DE SAUDE - FES - LC FEDERAL NO 141/12,0
2026,1,2261,24,1321010101000,REMUNERACAO DEPOSITOS BANCARIOS - PRINC.,0
2026,1,2261,24,1922990199000,OUTRAS RESTITUICOES - PRINC. - DEMAIS,0
2026,1,2261,24,2414500101000,SUS-SAUDE - MINISTERIO DA SAUDE,0
2026,1,2261,60,1311011101000,ALUGUEIS ARRENDAMENTOS - PRINC. - ALUGUEIS,1663.12
2026,1,2261,60,1351010101000,OUTORGA DIR. USO EXPLORACAO CRIACAO PROTEGIDA - INSTITUICAO CIENTIFICA TECNOLOGICA - PRINC.,0
2026,1,2261,60,1511010101003,REC. INDUSTRIAL - PRINC. - INDUSTRIA TRANSFORMACAO - INDUSTRIA DE PRODUTOS FARMACEUTICOS E VETERINARIOS,73659841.4
2026,1,2261,60,1611040199000,SERVICOS INFORMACAO TECNOLOGIA - PRINC. - DEMAIS SERVICOS TECNOLOGICOS,0
2026,1,2261,60,1922990199000,OUTRAS RESTITUICOES - PRINC. - DEMAIS,0
2026,1,2261,60,7631520101000,REC. INTRA. - SERVICOS RADIOLOGICOS LABORATORIAIS - PRINC.,0
2026,1,2271,10,1922990101000,OUTRAS RESTITUICOES - PRINC. - RECURSOS ORIGINARIOS DO FUNDO ESTADUAL DE SAUDE - FES,991987.42
2026,1,2271,10,7729990125000,REC. INTRA. - OUTRAS TRANSF. ESTADOS DF - PRINC. - REPASSE DO FUNDO ESTADUAL DE SAUDE - FES - LC FEDERAL NO 141/12,0
2026,1,2271,24,1321010101000,REMUNERACAO DEPOSITOS BANCARIOS - PRINC.,0
2026,1,2271,24,1922990199000,OUTRAS RESTITUICOES - PRINC. - DEMAIS,0
2026,1,2271,24,2411512103000,TRANSF. BLOCO ESTRUT. REDE SERV. SAUDE - ATENCAO ESPECIALIZADA - PRINC. - PARTO E NASCIMENTO,0
2026,1,2271,45,1321010101000,REMUNERACAO DEPOSITOS BANCARIOS - PRINC.,355.34
2026,1,2271,47,2213010101000,ALIENACAO BENS MOVEIS E SEMOVENTES - PRINC.,0
2026,1,2271,60,1311011101000,ALUGUEIS ARRENDAMENTOS - PRINC. - ALUGUEIS,6470.19
2026,1,2271,60,1321010101000,REMUNERACAO DEPOSITOS BANCARIOS - PRINC.,0
2026,1,2271,60,1511010101002,REC. INDUSTRIAL - PRINC. - INDUSTRIA TRANSFORMACAO - INDUSTRIA QUIMICA,0
2026,1,2271,60,1611010124000,SERVICOS ADM. COMERC. GER. - PRINC. - EDUCACIONAIS E CAPACITACAO,0
2026,1,2271,60,1631500101000,SERVICOS HOSPITALARES - PRINC.,41528276.78
2026,1,2271,60,1911090199000,MULTAS JUROS PREVISTOS CONTRATOS - PRINC. - DEMAIS,4392.96
2026,1,2271,60,1922990199000,OUTRAS RESTITUICOES - PRINC. - DEMAIS,1327.95
2026,1,2271,60,1999992199000,OUTRAS REC. - PRIMARIAS - PRINC. - DEMAIS,0
2026,1,2271,68,1321010101000,REMUNERACAO DEPOSITOS BANCARIOS - PRINC.,2339.43
2026,1,2271,68,1741500199000,SUS-SAUDE - OUTROS,0
2026,1,2271,68,1922990199000,OUTRAS RESTITUICOES - PRINC. - DEMAIS,0
2026,1,2271,70,1321010101000,REMUNERACAO DEPOSITOS BANCARIOS - PRINC.,404707.27
2026,1,2271,70,1732500101000,SUS-SAUDE - DIVERSOS MUNICIPIOS,1859511.67
2026,1,2271,70,1922990199000,OUTRAS RESTITUICOES - PRINC. - DEMAIS,0
2026,1,2281,36,1321010101000,REMUNERACAO DEPOSITOS BANCARIOS - PRINC.,52160.37
2026,1,2281,36,1714990102000,OUTRAS TRANSF. DIRETAS FNDE - PRINC. - PRONATEC,0
2026,1,2281,36,1922990199000,OUTRAS RESTITUICOES - PRINC. - DEMAIS,0
2026,1,2301,47,2221010101000,ALIENACAO BENS IMOVEIS - PRINC.,0
2026,1,2301,51,1321010101000,REMUNERACAO DEPOSITOS BANCARIOS - PRINC.,0
2026,1,2301,60,1999992199000,OUTRAS REC. - PRIMARIAS - PRINC. - DEMAIS,649312.05
2026,1,2301,60,1999992299000,OUTRAS REC. - PRIMARIAS - MJM - DEMAIS,268227.65
2026,1,2301,68,1321010101000,REMUNERACAO DEPOSITOS BANCARIOS - PRINC.,0
2026,1,2301,68,1922990199000,OUTRAS RESTITUICOES - PRINC. - DEMAIS,0
2026,1,2301,68,2441990118001,TRANSPORTE - ANGLO AMERICAN MINERIO DE FERRO BRASIL,0
2026,1,2301,68,2441990118003,TRANSPORTE - TAQUARIL MINERACAO,0
2026,1,2301,69,1321010101000,REMUNERACAO DEPOSITOS BANCARIOS - PRINC.,0
2026,1,2301,69,1922990199000,OUTRAS RESTITUICOES - PRINC. - DEMAIS,0
2026,1,2301,70,1321010101000,REMUNERACAO DEPOSITOS BANCARIOS - PRINC.,0
2026,1,2301,70,1922990199000,OUTRAS RESTITUICOES - PRINC. - DEMAIS,0
2026,1,2301,70,2432990117001,TRANSPORTE - DIVERSOS MUNICIPIOS,0
2026,1,2301,74,1321010101000,REMUNERACAO DEPOSITOS BANCARIOS - PRINC.,0
2026,1,2301,74,1922990199000,OUTRAS RESTITUICOES - PRINC. - DEMAIS,0
2026,1,2301,74,2441990118002,TRANSPORTE - EMPRESAS DO SETOR SUCROENERGETICO,0
2026,1,2301,91,1122010101001,TX. PREST. SERV. G. - PRINC. - TX. EXP. - DEPARTAMENTO DE EDIFICACOES E ESTRADAS DE RODAGEM DO ESTADO DE MINAS GERAIS - DERMG,14700.67
2026,1,2301,91,1122010104000,TX. PREST. SERV. G. - PRINC. - TAXA DE GERENCIAMENTO DO SISTEMA TRANSPORTE RODOVIARIO INTERMUNICIPAL - DEPARTAMENTO DE EDIFICACOES E ESTRADAS DE RODAGEM DO ESTADO DE MINAS GERAIS - DERMG,26448.97
2026,1,2311,1,1321010101000,REMUNERACAO DEPOSITOS BANCARIOS - PRINC.,499.19
2026,1,2311,1,1922990199000,OUTRAS RESTITUICOES - PRINC. - DEMAIS,0
2026,1,2311,1,2414510106000,EDUCACAO - MINISTERIO DA SAUDE,0
2026,1,2311,24,1321010101000,REMUNERACAO DEPOSITOS BANCARIOS - PRINC.,8338.5
2026,1,2311,24,1717510104000,EDUCACAO - COORDENACAO DE APERFEICOAMENTO DE PESSOAL DE NIVEL SUPERIOR - CAPES,0
2026,1,2311,24,1717510110000,EDUCACAO - INSTITUTO FEDERAL DO NORTE DE MINAS GERAIS - IFNMG,0
2026,1,2311,24,1922990199000,OUTRAS RESTITUICOES - PRINC. - DEMAIS,0
2026,1,2311,24,2412509104000,EDUCACAO - FNDE - PLANO TODOS PELA EDUCACAO,0
2026,1,2311,24,2414510103000,EDUCACAO - MINISTERIO DA EDUCACAO,0
2026,1,2311,36,1321010101000,REMUNERACAO DEPOSITOS BANCARIOS - PRINC.,956.47
2026,1,2311,36,1714990102000,OUTRAS TRANSF. DIRETAS FNDE - PRINC. - PRONATEC,0
2026,1,2311,36,1922990199000,OUTRAS RESTITUICOES - PRINC. - DEMAIS,0
2026,1,2311,36,2412509104000,EDUCACAO - FNDE - PLANO TODOS PELA EDUCACAO,0
2026,1,2311,60,1311011101000,ALUGUEIS ARRENDAMENTOS - PRINC. - ALUGUEIS,5474.91
2026,1,2311,60,1321010101000,REMUNERACAO DEPOSITOS BANCARIOS - PRINC.,3150.96
2026,1,2311,60,1611010124000,SERVICOS ADM. COMERC. GER. - PRINC. - EDUCACIONAIS E CAPACITACAO,1059
2026,1,2311,60,1611020101000,INSCRICAO CONCURSOS PROCESSOS SELETIVOS - PRINC.,60060
2026,1,2311,60,1631500101000,SERVICOS HOSPITALARES - PRINC.,1176686.18
2026,1,2311,60,1922520101000,RESTITUICAO REMUNERACAO FOLHA PAGAMENTO - PESSOAL ATIVO - PRINC.,0
2026,1,2311,60,1922990199000,OUTRAS RESTITUICOES - PRINC. - DEMAIS,0
2026,1,2311,68,1321010101000,REMUNERACAO DEPOSITOS BANCARIOS - PRINC.,0
2026,1,2311,68,1741990146999,MEIO AMBIENTE - OUTROS,0
2026,1,2311,68,1922990199000,OUTRAS RESTITUICOES - PRINC. - DEMAIS,0
2026,1,2311,70,1321010101000,REMUNERACAO DEPOSITOS BANCARIOS - PRINC.,66243.58
2026,1,2311,70,1732500101000,SUS-SAUDE - DIVERSOS MUNICIPIOS,297225.93
2026,1,2311,70,1922990199000,OUTRAS RESTITUICOES - PRINC. - DEMAIS,0
2026,1,2311,70,2432500101000,SUS-SAUDE - DIVERSOS MUNICIPIOS,0
2026,1,2321,1,1321010101000,REMUNERACAO DEPOSITOS BANCARIOS - PRINC.,12
2026,1,2321,1,1922990199000,OUTRAS RESTITUICOES - PRINC. - DEMAIS,0
2026,1,2321,1,2414500101000,SUS-SAUDE - MINISTERIO DA SAUDE,0
2026,1,2321,10,1922990101000,OUTRAS RESTITUICOES - PRINC. - RECURSOS ORIGINARIOS DO FUNDO ESTADUAL DE SAUDE - FES,74856.73
2026,1,2321,10,7729990125000,REC. INTRA. - OUTRAS TRANSF. ESTADOS DF - PRINC. - REPASSE DO FUNDO ESTADUAL DE SAUDE - FES - LC FEDERAL NO 141/12,0
2026,1,2321,24,1321010101000,REMUNERACAO DEPOSITOS BANCARIOS - PRINC.,1682.73
2026,1,2321,24,1717500101000,SUS-SAUDE - MINISTERIO DA SAUDE,0
2026,1,2321,24,1922990199000,OUTRAS RESTITUICOES - PRINC. - DEMAIS,0
2026,1,2321,24,2414500101000,SUS-SAUDE - MINISTERIO DA SAUDE,0
2026,1,2321,47,2213010101000,ALIENACAO BENS MOVEIS E SEMOVENTES - PRINC.,0
2026,1,2321,60,1321010101000,REMUNERACAO DEPOSITOS BANCARIOS - PRINC.,0
2026,1,2321,60,1322010102000,DIVIDENDOS - PRINC. - EMPRESAS NAO ESTATAIS,0
2026,1,2321,60,1631500101000,SERVICOS HOSPITALARES - PRINC.,43196.4
2026,1,2321,60,1631500201000,SERVICOS HOSPITALARES - MJM,0
2026,1,2321,60,1631530101000,SERVICOS AMBULATORIAIS - PRINC.,118954.79
2026,1,2321,60,1631990102000,"OUTROS SERV. ATEND. SAUDE - PRINC. - SERVICOS DE COLETA, PROCESSAMENTO E ARMAZENAMENTO DE CELULAS E TECIDOS BIOLOGICOS",123324.01
2026,1,2321,60,1631990104000,OUTROS SERV. ATEND. SAUDE - PRINC. - SERVICOS DE SAUDE PRESTADOS A PARTICULARES,1519532.55
2026,1,2321,60,1631990202000,"OUTROS SERV. ATEND. SAUDE - MJM - SERVICOS DE COLETA, PROCESSAMENTO E ARMAZENAMENTO DE CELULAS E TECIDOS BIOLOGICOS",955.23
2026,1,2321,60,1631990204000,OUTROS SERV. ATEND. SAUDE - MJM - SERVICOS DE SAUDE PRESTADOS A PARTICULARES,4594.77
2026,1,2321,60,1911090199000,MULTAS JUROS PREVISTOS CONTRATOS - PRINC. - DEMAIS,60179.79
2026,1,2321,60,1911090299000,MULTAS JUROS PREVISTOS CONTRATO - MJM,0
2026,1,2321,60,1922990101000,OUTRAS RESTITUICOES - PRINC. - RECURSOS ORIGINARIOS DO FUNDO ESTADUAL DE SAUDE - FES,0
2026,1,2321,60,1922990199000,OUTRAS RESTITUICOES - PRINC. - DEMAIS,1133.54
2026,1,2321,60,1999992199000,OUTRAS REC. - PRIMARIAS - PRINC. - DEMAIS,0
2026,1,2321,60,7631990103000,REC. INTRA. - OUTROS SERV. ATEND. SAUDE - PRINC. - SERVICOS DE SAUDE PRESTADOS AO SIA/SUS,0
2026,1,2321,60,7631990104000,REC. INTRA. - OUTROS SERV. ATEND. SAUDE - PRINC. - SERVICOS DE SAUDE PRESTADOS A PARTICULARES,426993
2026,1,2321,60,7631990204000,REC. INTRA. - OUTROS SERV. ATEND. SAUDE - MJM - SERVICOS DE SAUDE PRESTADOS A PARTICULARES,5232.86
2026,1,2331,73,1321010101000,REMUNERACAO DEPOSITOS BANCARIOS - PRINC.,31215.51
2026,1,2331,73,1717990106001,"CIENCIA TECNOLOGIA - INSTITUTO NACIONAL DE METROLOGIA, QUALIDADE E TECNOLOGIA - INMETRO",2984259
2026,1,2331,73,1922520101000,RESTITUICAO REMUNERACAO FOLHA PAGAMENTO - PESSOAL ATIVO - PRINC.,0
2026,1,2331,73,1922990199000,OUTRAS RESTITUICOES - PRINC. - DEMAIS,8273.85
2026,1,2331,73,2414990108001,"CIENCIA TECNOLOGIA - INSTITUTO NACIONAL DE METROLOGIA, QUALIDADE E TECNOLOGIA - INMETRO",0
2026,1,2351,1,1321010101000,REMUNERACAO DEPOSITOS BANCARIOS - PRINC.,0
2026,1,2351,1,1717510108000,EDUCACAO - MINISTERIO DA EDUCACAO,707.7
2026,1,2351,1,1922990199000,OUTRAS RESTITUICOES - PRINC. - DEMAIS,0
2026,1,2351,1,2414510103000,EDUCACAO - MINISTERIO DA EDUCACAO,0
2026,1,2351,3,2412509103000,EDUCACAO - FNDE - AQUISICAO DE EQUIPAMENTOS DE MATERIAL PERMANENTE,0
2026,1,2351,3,2412509199000,EDUCACAO - FNDE - DEMAIS,0
2026,1,2351,24,1321010101000,REMUNERACAO DEPOSITOS BANCARIOS - PRINC.,0
2026,1,2351,24,1717510104000,EDUCACAO - COORDENACAO DE APERFEICOAMENTO DE PESSOAL DE NIVEL SUPERIOR - CAPES,0
2026,1,2351,24,1922990199000,OUTRAS RESTITUICOES - PRINC. - DEMAIS,0
2026,1,2351,36,2412509103000,EDUCACAO - FNDE - AQUISICAO DE EQUIPAMENTOS DE MATERIAL PERMANENTE,0
2026,1,2351,60,1311011102000,ALUGUEIS ARRENDAMENTOS - PRINC. - ARRENDAMENTOS,0
2026,1,2351,60,1322010102000,DIVIDENDOS - PRINC. - EMPRESAS NAO ESTATAIS,0
2026,1,2351,60,1611010124000,SERVICOS ADM. COMERC. GER. - PRINC. - EDUCACIONAIS E CAPACITACAO,0
2026,1,2351,60,1611020101000,INSCRICAO CONCURSOS PROCESSOS SELETIVOS - PRINC.,0
2026,1,2351,60,1922990199000,OUTRAS RESTITUICOES - PRINC. - DEMAIS,0
2026,1,2351,60,2213010101000,ALIENACAO BENS MOVEIS E SEMOVENTES - PRINC.,0
2026,1,2351,68,1321010101000,REMUNERACAO DEPOSITOS BANCARIOS - PRINC.,0
2026,1,2351,68,1922990199000,OUTRAS RESTITUICOES - PRINC. - DEMAIS,0
2026,1,2361,60,1219991101001,DEMAIS CONTRIB. SOC. - PRINC. - CONTRIB. PATRON. CIVIL SAUDE - SERVIDOR ATIVO,79308.84
2026,1,2361,60,1219991104002,DEMAIS CONTRIB. SOC. - PRINC. - IPLEMG - CONTRIB. DO SEGURADO - INATIVO,287851.12
2026,1,2361,60,1219991104003,DEMAIS CONTRIB. SOC. - PRINC. - IPLEMG - CONTRIB. DO SEGURADO - PENSIONISTA,194616.64
2026,1,2361,60,1219991104052,DEMAIS CONTRIB. SOC. - PRINC. - IPLEMG - CONTRIB. PATRONAL - EXERCENTE DE MANDATO ELETIVO FEDERAL OU MUNICIPAL,116031.5
2026,1,2361,60,1311011101000,ALUGUEIS ARRENDAMENTOS - PRINC. - ALUGUEIS,0
2026,1,2361,60,1321010101000,REMUNERACAO DEPOSITOS BANCARIOS - PRINC.,8358902.1
2026,1,2361,60,1322010102000,DIVIDENDOS - PRINC. - EMPRESAS NAO ESTATAIS,0
2026,1,2361,60,1641010101000,RETORNO OPER. JUROS ENCARG. FINANCEIROS - PRINC. - JUROS DE EMPRESTIMOS,77108.42
2026,1,2361,60,1641010199000,RETORNO OPER. JUROS ENCARG. FINANCEIROS - PRINC. - DEMAIS,0
2026,1,2361,60,1922990199000,OUTRAS RESTITUICOES - PRINC. - DEMAIS,0
2026,1,2361,60,1999992199000,OUTRAS REC. - PRIMARIAS - PRINC. - DEMAIS,713379.59
2026,1,2361,60,2999990101000,DEMAIS REC. CAPITAL - PRINC. - RESERVA ATUARIAL,0
2026,1,2361,60,2999990199000,DEMAIS REC. CAPITAL - PRINC. - DEMAIS,0
2026,1,2361,60,7219991104051,REC. INTRA. - DEMAIS CONTRIB. SOC. - PRINC. - IPLEMG - CONTRIB. PATRONAL - EXERCENTE DE MANDATO ESTADUAL,0
2026,1,2361,60,7999992105000,REC. INTRA. - OUTRAS REC. - PRIMARIAS - PRINC. - RESERVA TECNICA OBRIGATORIA - EQUILIBRIO ATUARIAL,0
2026,1,2371,1,1321010101000,REMUNERACAO DEPOSITOS BANCARIOS - PRINC.,0
2026,1,2371,1,1922990199000,OUTRAS RESTITUICOES - PRINC. - DEMAIS,0
2026,1,2371,24,1321010101000,REMUNERACAO DEPOSITOS BANCARIOS - PRINC.,2371.39
2026,1,2371,24,1922990199000,OUTRAS RESTITUICOES - PRINC. - DEMAIS,0
2026,1,2371,24,2414990107007,AGROPECUARIA - MINISTERIO DO DESENVOLVIMENTO AGRARIO E AGRICULTURA FAMILIAR,0
2026,1,2371,47,2213010101000,ALIENACAO BENS MOVEIS E SEMOVENTES - PRINC.,0
2026,1,2371,60,1311011101000,ALUGUEIS ARRENDAMENTOS - PRINC. - ALUGUEIS,0
2026,1,2371,60,1321010101000,REMUNERACAO DEPOSITOS BANCARIOS - PRINC.,48.4
2026,1,2371,60,1611010125000,SERVICOS ADM. COMERC. GER. - PRINC. - AGROPECUARIOS,49532.48
2026,1,2371,60,1611030104000,SERVICOS REG. CERTIF. FISCALIZ. - PRINC. - EXPEDICAO DE CERTIFICADOS,4194.24
2026,1,2371,60,1611030106000,SERVICOS REG. CERTIF. FISCALIZ. - PRINC. - REGISTRO DO COMERCIO,31091.68
2026,1,2371,60,1611030199000,SERVICOS REG. CERTIF. FISCALIZ. - PRINC. - DEMAIS,125779.8
2026,1,2371,60,1699990101000,OUTROS SERVICOS - PRINC.,25030.76
2026,1,2371,60,1922990199000,OUTRAS RESTITUICOES - PRINC. - DEMAIS,143.05
2026,1,2371,60,1999992299000,OUTRAS REC. - PRIMARIAS - MJM - DEMAIS,1158763.07
2026,1,2371,91,1122010101003,TX. PREST. SERV. G. - PRINC. - TX. EXP. - INSTITUTO MINEIRO DE AGROPECUARIA - IMA,5802825.89
2026,1,2371,91,1321010101000,REMUNERACAO DEPOSITOS BANCARIOS - PRINC.,193.71
2026,1,2371,91,1922520101000,RESTITUICAO REMUNERACAO FOLHA PAGAMENTO - PESSOAL ATIVO - PRINC.,0
2026,1,2371,91,1922990199000,OUTRAS RESTITUICOES - PRINC. - DEMAIS,0
2026,1,2421,24,1321010101000,REMUNERACAO DEPOSITOS BANCARIOS - PRINC.,0
2026,1,2421,24,1717990105003,AGROPECUARIA - COMPANHIA DE DESENVOLVIMENTO DOS VALES DO SAO FRANCISCO E DO PARNAIBA - CODEVASF,0
2026,1,2421,24,1717990105005,AGROPECUARIA - MINISTERIO DO DESENVOLVIMENTO REGIONAL,0
2026,1,2421,24,1922990199000,OUTRAS RESTITUICOES - PRINC. - DEMAIS,0
2026,1,2421,24,2414990107002,AGROPECUARIA - MINISTERIO DO DESENVOLVIMENTO REGIONAL,0
2026,1,2421,24,2414990107004,AGROPECUARIA - COMPANHIA DE DESENVOLVIMENTO DOS VALES DO SAO FRANCISCO E DO PARNAIBA - CODEVASF,0
2026,1,2431,24,1321010101000,REMUNERACAO DEPOSITOS BANCARIOS - PRINC.,0
2026,1,2431,24,1922990199000,OUTRAS RESTITUICOES - PRINC. - DEMAIS,0
2026,1,2431,24,2414520102000,SANEAMENTO - MINISTERIO DAS CIDADES,0
2026,1,2431,60,1611010199001,SERVICOS ADM. COMERC. GER. - PRINC. - DEMAIS - SERVICOS ADMINISTRATIVOS,125594.94
2026,1,2441,59,1121010104000,TX. INSP. CONTR. FISC. - PRINC. - TAXA DE FISCALIZACAO SOBRE SERVICOS PUBLICOS DE ABASTECIMENTO DE AGUA E SANEAMENTO,4012403.46
2026,1,2441,59,1121010204000,TX. INSP. CONTR. FISC. - MJM - TAXA DE FISCALIZACAO SOBRE SERVICOS PUBLICOS DE ABASTECIMENTO DE AGUA E SANEAMENTO,0
2026,1,2441,59,1922520101000,RESTITUICAO REMUNERACAO FOLHA PAGAMENTO - PESSOAL ATIVO - PRINC.,0
2026,1,2441,59,1922990199000,OUTRAS RESTITUICOES - PRINC. - DEMAIS,1417.37
2026,1,2461,24,1321010101000,REMUNERACAO DEPOSITOS BANCARIOS - PRINC.,0
2026,1,2461,24,1717990122001,URBANISMO - MINISTERIO DAS CIDADES,0
2026,1,2461,24,1922990199000,OUTRAS RESTITUICOES - PRINC. - DEMAIS,0
2026,1,2461,60,1611010199001,SERVICOS ADM. COMERC. GER. - PRINC. - DEMAIS - SERVICOS ADMINISTRATIVOS,5640.19
2026,1,3041,1,1321010101000,REMUNERACAO DEPOSITOS BANCARIOS - PRINC.,0
2026,1,3041,1,1717990105007,AGROPECUARIA - MINISTERIO DO DESENVOLVIMENTO AGRARIO E AGRICULTURA FAMILIAR,0
2026,1,3041,1,1922990199000,OUTRAS RESTITUICOES - PRINC. - DEMAIS,0
2026,1,3041,1,2414990107007,AGROPECUARIA - MINISTERIO DO DESENVOLVIMENTO AGRARIO E AGRICULTURA FAMILIAR,0
2026,1,3041,2,1717990105007,AGROPECUARIA - MINISTERIO DO DESENVOLVIMENTO AGRARIO E AGRICULTURA FAMILIAR,0
2026,1,3041,2,2414990107001,"AGROPECUARIA - MINISTERIO DA AGRICULTURA, PECUARIA E ABASTECIMENTO",0
2026,1,3041,2,2414990107007,AGROPECUARIA - MINISTERIO DO DESENVOLVIMENTO AGRARIO E AGRICULTURA FAMILIAR,0
2026,1,3041,24,1321010101000,REMUNERACAO DEPOSITOS BANCARIOS - PRINC.,0
2026,1,3041,24,1717990105007,AGROPECUARIA - MINISTERIO DO DESENVOLVIMENTO AGRARIO E AGRICULTURA FAMILIAR,0
2026,1,3041,24,1922990199000,OUTRAS RESTITUICOES - PRINC. - DEMAIS,0
2026,1,3041,24,2414990107002,AGROPECUARIA - MINISTERIO DO DESENVOLVIMENTO REGIONAL,0
2026,1,3041,24,2414990107007,AGROPECUARIA - MINISTERIO DO DESENVOLVIMENTO AGRARIO E AGRICULTURA FAMILIAR,0
2026,1,3041,60,1611010128000,"SERVICOS ADM. COMERC. GER. - PRINC. - CONSULTORIA, ASSISTENCIA TECNICA E ANALISE DE PROJETOS",5316172.23
2026,1,3041,67,1732990108001,AGROPECUARIA - DIVERSOS MUNICIPIOS,0
2026,1,3051,1,1321010101000,REMUNERACAO DEPOSITOS BANCARIOS - PRINC.,0
2026,1,3051,1,1922990199000,OUTRAS RESTITUICOES - PRINC. - DEMAIS,0
2026,1,3051,2,1321010101000,REMUNERACAO DEPOSITOS BANCARIOS - PRINC.,0
2026,1,3051,2,1922990199000,OUTRAS RESTITUICOES - PRINC. - DEMAIS,0
2026,1,3051,24,1321010101000,REMUNERACAO DEPOSITOS BANCARIOS - PRINC.,0
2026,1,3051,24,1717990105006,AGROPECUARIA - EMPRESA BRASILEIRA DE PESQUISA AGROPECUARIA - EMBRAPA,0
2026,1,3051,24,1717990105009,AGROPECUARIA - BANCO DO NORDESTE - BNB,0
2026,1,3051,24,1922990199000,OUTRAS RESTITUICOES - PRINC. - DEMAIS,0
2026,1,3051,24,2414990107001,"AGROPECUARIA - MINISTERIO DA AGRICULTURA, PECUARIA E ABASTECIMENTO",0
2026,1,3051,24,2414990107009,AGROPECUARIA - BANCO DO NORDESTE - BNB,93810
2026,1,3051,47,2213010101000,ALIENACAO BENS MOVEIS E SEMOVENTES - PRINC.,0
2026,1,3051,60,1411010101000,REC. AGROPECUARIA - PRINC. - PRODUCAO VEGETAL,48184.9
2026,1,3051,60,1411010102999,REC. AGROPECUARIA - PRINC. - PRODUCAO ANIMAL DERIVADOS - OUTROS,197000.05
2026,1,3051,60,1411010199000,REC. AGROPECUARIA - PRINC. - DEMAIS,0
2026,1,3051,60,1511010101004,REC. INDUSTRIAL - PRINC. - INDUSTRIA TRANSFORMACAO - INDUSTRIA DE PRODUTOS ALIMENTARES,55012.03
2026,1,3051,60,1611010124000,SERVICOS ADM. COMERC. GER. - PRINC. - EDUCACIONAIS E CAPACITACAO,0
2026,1,3051,60,1611010130000,SERVICOS ADM. COMERC. GER. - PRINC. - ESTUDOS E PESQUISA,35472.57
2026,1,3051,60,1611040102000,SERVICOS INFORMACAO TECNOLOGIA - PRINC. - INFORMACOES CIENTIFICAS E TECNOLOGICAS,66768.83
2026,1,3051,60,1699990101000,OUTROS SERVICOS - PRINC.,0
2026,1,3051,60,1999992199000,OUTRAS REC. - PRIMARIAS - PRINC. - DEMAIS,4049.31
2026,1,3051,60,7411010101000,REC. INTRA. - REC. AGROPECUARIA - PRINC. - PRODUCAO VEGETAL,174704
2026,1,3051,68,1321010101000,REMUNERACAO DEPOSITOS BANCARIOS - PRINC.,0
2026,1,3051,68,1922990199000,OUTRAS RESTITUICOES - PRINC. - DEMAIS,0
2026,1,3051,70,1732990108001,AGROPECUARIA - DIVERSOS MUNICIPIOS,20295
2026,1,3051,70,2432990107001,AGROPECUARIA - DIVERSOS MUNICIPIOS,6765
2026,1,3151,60,1611010107000,SERVICOS ADM. COMERC. GER. - PRINC. - COMUNICACAO,2240443.05
2026,1,4031,47,2213010101000,ALIENACAO BENS MOVEIS E SEMOVENTES - PRINC.,0
2026,1,4031,60,1311020101000,CONC. PERM. AUTOR. CESSAO DIR. USO BENS IMOV. PUB. - PRINC. - CONCESSAO DE DIREITO REAL DE USO DE AREA PUBLICA,64041.84
2026,1,4031,60,1321010101000,REMUNERACAO DEPOSITOS BANCARIOS - PRINC.,86029073.89
2026,1,4031,60,1611010101000,SERVICOS ADM. COMERC. GER. - PRINC. - ADMINISTRACAO DE DEPOSITOS JUDICIAIS,50556141.87
2026,1,4031,60,1611010113000,SERVICOS ADM. COMERC. GER. - PRINC. - FOTOCOPIAS E COPIAS HELIOGRAFICAS,0
2026,1,4031,60,1611010123002,SERVICOS ADM. COMERC. GER. - PRINC. - PODER JUDIC. - DESPESAS PROCESSUAIS,2862793.83
2026,1,4031,60,1611010223002,SERVICOS ADM. COMERC. GER. - MJM - PODER JUDIC. - DESPESAS PROCESSUAIS,0
2026,1,4031,60,1611010323002,SERVICOS ADM. COMERC. GER. - DA - PODER JUDIC. - DESPESAS PROCESSUAIS,159876.82
2026,1,4031,60,1611010423002,SERVICOS ADM. COMERC. GER. - DA-MJM - PODER JUDIC. - DESPESAS PROCESSUAIS,38163.44
2026,1,4031,60,1611020101000,INSCRICAO CONCURSOS PROCESSOS SELETIVOS - PRINC.,74121
2026,1,4031,60,1611040105000,SERVICOS INFORMACAO TECNOLOGIA - PRINC. - PROCESSAMENTO DAS CONSIGNACOES DA FOLHA DE PESSOAL,195512.41
2026,1,4031,60,1699990101000,OUTROS SERVICOS - PRINC.,0
2026,1,4031,60,1911010108001,MULTAS LEGISL. ESPECIFICA - PRINC. - MULTA ADM. DISCIPLINAR - NOTARIOS REGISTRADORES - PRINC.,15914.16
2026,1,4031,60,1911010108002,MULTAS LEGISL. ESPECIFICA - PRINC. - MULTA ADM. DISCIPLINAR - NOTARIOS REGISTRADORES - CORRECAO MONETARIA,374.94
2026,1,4031,60,1911010208001,MULTAS LEGISL. ESPECIFICA - MJM - MULTA ADM. DISCIPLINAR - NOTARIOS REGISTRADORES - PRINC.,491.18
2026,1,4031,60,1911010308001,MULTAS LEGISL. ESPECIFICA - DA - MULTA ADM. DISCIPLINAR - NOTARIOS REGISTRADORES - PRINC.,3436.53
2026,1,4031,60,1911090199000,MULTAS JUROS PREVISTOS CONTRATOS - PRINC. - DEMAIS,11508.76
2026,1,4031,60,1911090399000,MULTAS JUROS PREVISTOS CONTRATOS - DA,0
2026,1,4031,60,1911090499000,MULTAS JUROS PREVISTOS CONTRATOS - DA-MJM - DEMAIS,0
2026,1,4031,60,1921990199000,OUTRAS INDENIZACOES - PRINC. - DEMAIS,3772.09
2026,1,4031,60,1922990199000,OUTRAS RESTITUICOES - PRINC. - DEMAIS,2801.63
2026,1,4031,60,1999992109001,OUTRAS REC. - PRIMARIAS - PRINC. - EXCEDENTE TETO INTERINOS - PRINC.,28395567.1
2026,1,4031,60,1999992109002,OUTRAS REC. - PRIMARIAS - PRINC. - EXCEDENTE TETO INTERINOS - CORRECAO MONETARIA,385.89
2026,1,4031,60,1999992199000,OUTRAS REC. - PRIMARIAS - PRINC. - DEMAIS,150
2026,1,4031,60,1999992209001,OUTRAS REC. - PRIMARIAS - MJM - EXCEDENTE TETO INTERINOS - PRINC.,7480.02
2026,1,4031,60,7311020101000,REC. INTRA. - CONC. PERM. AUTOR. CESSAO DIR. USO BENS IMOV. PUB. - PRINC. - CONCESSAO DE DIREITO REAL DE USO DE AREA PUBLICA,211664.22
2026,1,4031,60,7611010101000,REC. INTRA. - SERVICOS ADM. COMERC. GER. - PRINC. - ADMINISTRACAO DE DEPOSITOS JUDICIAIS,6927208.85
2026,1,4031,61,1611010123003,SERVICOS ADM. COMERC. GER. - PRINC. - PODER JUDIC. - VERBA INDENIZATORIA DE TRANSPORTE CUSTEADA PELAS PARTES,5182243.68
2026,1,4031,70,1321010101000,REMUNERACAO DEPOSITOS BANCARIOS - PRINC.,302.14
2026,1,4031,70,1732990105001,ACOES JUDICIARIAS - DIVERSOS MUNICIPIOS,70000
2026,1,4031,77,1121010102000,TX. INSP. CONTR. FISC. - PRINC. - TAXA DE FISCALIZACAO JUDICIARIA,139881013.99
2026,1,4031,77,1121010202000,TX. INSP. CONTR. FISC. - MJM - TAXA DE FISCALIZACAO JUDICIARIA,169453.18
2026,1,4031,77,1121010302000,TX. INSP. CONTR. FISC. - DA - TAXA DE FISCALIZACAO JUDICIARIA,31192.98
2026,1,4031,77,1121010402000,TX. INSP. CONTR. FISC. - DA-MJM - TAXA DE FISCALIZACAO JUDICIARIA,58650.82
2026,1,4031,77,1122020101000,EMOLUMENTOS CUSTAS JUDICIAIS - PRINC. - CUSTAS JUDICIAIS - JUSTICA COMUM,15694833.2
2026,1,4031,77,1122020102000,EMOLUMENTOS CUSTAS JUDICIAIS - PRINC. - CUSTAS JUDICIAIS - JUIZADO ESPECIAL,1559327.82
2026,1,4031,77,1122020103000,EMOLUMENTOS CUSTAS JUDICIAIS - PRINC. - TAXA JUDICIARIA,11625702.04
2026,1,4031,77,1122020201000,EMOLUMENTOS CUSTAS JUDICIAIS - MJM - CUSTAS JUDICIAIS - JUSTICA COMUM,0
2026,1,4031,77,1122020202000,EMOLUMENTOS CUSTAS JUDICIAIS - MJM - CUSTAS JUDICIAIS - JUIZADO ESPECIAL,0
2026,1,4031,77,1122020203000,EMOLUMENTOS CUSTAS JUDICIAIS - MJM - TAXA JUDICIARIA,0
2026,1,4031,77,1122020301000,EMOLUMENTOS CUSTAS JUDICIAIS - DA - CUSTAS JUDICIAIS - JUSTICA COMUM,622247.65
2026,1,4031,77,1122020302000,EMOLUMENTOS CUSTAS JUDICIAIS - DA - CUSTAS JUDICIAIS - JUIZADO ESPECIAL,60385.22
2026,1,4031,77,1122020303000,EMOLUMENTOS CUSTAS JUDICIAIS - DA - TAXA JUDICIARIA,235331.32
2026,1,4031,77,1122020401000,EMOLUMENTOS CUSTAS JUDICIAIS - DA-MJM - CUSTAS JUDICIAIS - JUSTICA COMUM,142396.49
2026,1,4031,77,1122020402000,EMOLUMENTOS CUSTAS JUDICIAIS - DA-MJM - CUSTAS JUDICIAIS - JUIZADO ESPECIAL,13927.93
2026,1,4031,77,1122020403000,EMOLUMENTOS CUSTAS JUDICIAIS - DA-MJM - TAXA JUDICIARIA,60394.02
2026,1,4031,77,1911080101000,MULTAS SENTENCAS JUDICIAIS - PRINC. - MULTAS PECUNIARIAS E JUROS DE MORA,159117.78
2026,1,4031,77,1911080301000,MULTAS SENTENCAS JUDICIAIS - DA - MULTAS PECUNIARIAS E JUROS DE MORA,1599.34
2026,1,4031,77,1911080401000,MULTAS SENTENCAS JUDICIAIS - DA-MJM - MULTAS PECUNIARIAS E JUROS DE MORA,105.9
2026,1,4031,77,1911090199000,MULTAS JUROS PREVISTOS CONTRATOS - PRINC. - DEMAIS,0
2026,1,4031,77,1911090399000,MULTAS JUROS PREVISTOS CONTRATOS - DA,0
2026,1,4031,77,1911090499000,MULTAS JUROS PREVISTOS CONTRATOS - DA-MJM - DEMAIS,0
2026,1,4031,77,1921990199000,OUTRAS INDENIZACOES - PRINC. - DEMAIS,0
2026,1,4031,77,1922990199000,OUTRAS RESTITUICOES - PRINC. - DEMAIS,148.96
2026,1,4031,77,1999992199000,OUTRAS REC. - PRIMARIAS - PRINC. - DEMAIS,0
2026,1,4091,45,1741990141999,DIR. HUMANOS CIDADANIA - OUTROS,10360.85
2026,1,4091,45,1791990114000,OUTRAS TRANSF. PESSOAS FISICAS - PRINC. - DIREITOS HUMANOS E DE CIDADANIA,0
2026,1,4091,45,2441990141999,DIR. HUMANOS CIDADANIA - OUTROS,0
2026,1,4091,45,2491990114000,OUTRAS TRANSF. PESSOAS FISICAS - PRINC. - DIREITOS HUMANOS E DE CIDADANIA,0
2026,1,4101,60,2311071199000,AMORTIZACAO FINANCIAMENTOS GERAL - PRINC. - DEMAIS,3953021.9
2026,1,4111,60,1641010101000,RETORNO OPER. JUROS ENCARG. FINANCEIROS - PRINC. - JUROS DE EMPRESTIMOS,112.69
2026,1,4111,60,2311071199000,AMORTIZACAO FINANCIAMENTOS GERAL - PRINC. - DEMAIS,0
2026,1,4111,61,1641010101000,RETORNO OPER. JUROS ENCARG. FINANCEIROS - PRINC. - JUROS DE EMPRESTIMOS,9.8
2026,1,4111,61,2311071199000,AMORTIZACAO FINANCIAMENTOS GERAL - PRINC. - DEMAIS,0
2026,1,4121,60,1321010101000,REMUNERACAO DEPOSITOS BANCARIOS - PRINC.,4085756.03
2026,1,4121,60,1641010101000,RETORNO OPER. JUROS ENCARG. FINANCEIROS - PRINC. - JUROS DE EMPRESTIMOS,96914.64
2026,1,4121,60,2311060101000,AMORTIZACAO EMPRESTIMOS CONTRATUAIS - PRINC.,5250.18
2026,1,4141,39,1911080101000,MULTAS SENTENCAS JUDICIAIS - PRINC. - MULTAS PECUNIARIAS E JUROS DE MORA,0
2026,1,4141,57,1321010101000,REMUNERACAO DEPOSITOS BANCARIOS - PRINC.,214941.28
2026,1,4141,57,1922990199000,OUTRAS RESTITUICOES - PRINC. - DEMAIS,0
2026,1,4141,57,2419990123001,SEGURANCA PUBLICA - FUNDO PENITENCIARIO NACIONAL,0
2026,1,4251,5,1321010101000,REMUNERACAO DEPOSITOS BANCARIOS - PRINC.,0
2026,1,4251,5,1922990199000,OUTRAS RESTITUICOES - PRINC. - DEMAIS,0
2026,1,4251,5,2413500199000,ASSISTENCIA SOCIAL - FNAS - DEMAIS,0
2026,1,4251,6,1321010101000,REMUNERACAO DEPOSITOS BANCARIOS - PRINC.,0
2026,1,4251,6,1922990199000,OUTRAS RESTITUICOES - PRINC. - DEMAIS,0
2026,1,4251,6,2413500199000,ASSISTENCIA SOCIAL - FNAS - DEMAIS,0
2026,1,4251,56,1321010101000,REMUNERACAO DEPOSITOS BANCARIOS - PRINC.,22710.26
2026,1,4251,56,1716500102000,TRANSF. RECURSOS FNAS - PRINC. - IGDE,0
2026,1,4251,56,1716500199000,TRANSF. RECURSOS FNAS - PRINC. - DEMAIS,704.37
2026,1,4251,56,1922990199000,OUTRAS RESTITUICOES - PRINC. - DEMAIS,0
2026,1,4291,10,1922990101000,OUTRAS RESTITUICOES - PRINC. - RECURSOS ORIGINARIOS DO FUNDO ESTADUAL DE SAUDE - FES,2979.33
2026,1,4291,24,1321010101000,REMUNERACAO DEPOSITOS BANCARIOS - PRINC.,614.19
2026,1,4291,24,1922990199000,OUTRAS RESTITUICOES - PRINC. - DEMAIS,0
2026,1,4291,37,1321010101000,REMUNERACAO DEPOSITOS BANCARIOS - PRINC.,16333.44
2026,1,4291,37,1922990199000,OUTRAS RESTITUICOES - PRINC. - DEMAIS,50453.29
2026,1,4291,57,1321010101000,REMUNERACAO DEPOSITOS BANCARIOS - PRINC.,49852.98
2026,1,4291,57,1713505104000,TRANSF. BLOCO MANUT. ASPS - GESTAO SUS - PRINC. - PISO DA ENFERMAGEM,0
2026,1,4291,57,1922520101000,RESTITUICAO REMUNERACAO FOLHA PAGAMENTO - PESSOAL ATIVO - PRINC.,0
2026,1,4291,57,1922990199000,OUTRAS RESTITUICOES - PRINC. - DEMAIS,0
2026,1,4291,60,1321010101000,REMUNERACAO DEPOSITOS BANCARIOS - PRINC.,0
2026,1,4291,60,1611020101000,INSCRICAO CONCURSOS PROCESSOS SELETIVOS - PRINC.,0
2026,1,4291,60,1631990199000,OUTROS SERV. ATEND. SAUDE - PRINC. - DEMAIS,597665.86
2026,1,4291,60,1922990199000,OUTRAS RESTITUICOES - PRINC. - DEMAIS,326976
2026,1,4291,62,1321010101000,REMUNERACAO DEPOSITOS BANCARIOS - PRINC.,0
2026,1,4291,62,1713502101999,TRANSF. BLOCO MANUT. ASPS - ATENCAO ESPECIALIZADA - PRINC. - ATENCAO MAC - OUTROS PROGRAMAS,0
2026,1,4291,62,1922990199000,OUTRAS RESTITUICOES - PRINC. - DEMAIS,0
2026,1,4291,63,1321010101000,REMUNERACAO DEPOSITOS BANCARIOS - PRINC.,0
2026,1,4291,63,1713502101999,TRANSF. BLOCO MANUT. ASPS - ATENCAO ESPECIALIZADA - PRINC. - ATENCAO MAC - OUTROS PROGRAMAS,0
2026,1,4291,63,1922990199000,OUTRAS RESTITUICOES - PRINC. - DEMAIS,0
2026,1,4291,64,1321010101000,REMUNERACAO DEPOSITOS BANCARIOS - PRINC.,0
2026,1,4291,64,1922990199000,OUTRAS RESTITUICOES - PRINC. - DEMAIS,0
2026,1,4291,65,1321010101000,REMUNERACAO DEPOSITOS BANCARIOS - PRINC.,0
2026,1,4291,65,1922990199000,OUTRAS RESTITUICOES - PRINC. - DEMAIS,0
2026,1,4291,65,2411512102000,"TRANSF. BLOCO ESTRUT. REDE SERV. SAUDE - ATENCAO ESPECIALIZADA - PRINC. - AMBULATORIAL, HOSPITALAR E QUALIDADE DO SANGUE",0
2026,1,4291,92,1321010101000,REMUNERACAO DEPOSITOS BANCARIOS - PRINC.,0
2026,1,4291,92,1713501104000,TRANSF. BLOCO MANUT. ASPS - ATENCAO PRIMARIA - IMP. DA SEG. AL. E NUT. NA SAUDE,0
2026,1,4291,92,1713502101001,TRANSF. BLOCO MANUT. ASPS - ATENCAO ESPECIALIZADA - PRINC. - ATENCAO MAC - PRESTADORES AMBULATORIAIS E HOSPITALARES,4733597.09
2026,1,4291,92,1713502101002,TRANSF. BLOCO MANUT. ASPS - ATENCAO ESPECIALIZADA - PRINC. - ATENCAO MAC - SAMU,11433149.65
2026,1,4291,92,1713502101003,TRANSF. BLOCO MANUT. ASPS - ATENCAO ESPECIALIZADA - PRINC. - ATENCAO MAC - TRANSPLANTES,115798.88
2026,1,4291,92,1713502101004,TRANSF. BLOCO MANUT. ASPS - ATENCAO ESPECIALIZADA - PRINC. - ATENCAO MAC - FUNDO DE ACOES ESTRATEGICAS E COMPENSACAO - FAEC,0
2026,1,4291,92,1713503101000,TRANSF. BLOCO MANUT. ASPS - VIGILANCIA SAUDE - PRINC. - VIGILANCIA EPIDEMIOLOGICA,3402125.28
2026,1,4291,92,1713503102000,TRANSF. BLOCO MANUT. ASPS - VIGILANCIA SAUDE - PRINC. - HIV-AIDS,0
2026,1,4291,92,1713503103000,TRANSF. BLOCO MANUT. ASPS - VIGILANCIA SAUDE - PRINC. - VIGILANCIA SANITARIA,0
2026,1,4291,92,1713504101000,TRANSF. BLOCO MANUT. ASPS - ASSISTENCIA FARMACEUTICA - PRINC. - MEDICAMENTOS BASICOS,0
2026,1,4291,92,1713504102000,TRANSF. BLOCO MANUT. ASPS - ASSISTENCIA FARMACEUTICA - PRINC. - MEDICAMENTOS EXCEPCIONAIS,0
2026,1,4291,92,1922990199000,OUTRAS RESTITUICOES - PRINC. - DEMAIS,266419.99
2026,1,4291,93,1321010101000,REMUNERACAO DEPOSITOS BANCARIOS - PRINC.,0
2026,1,4291,93,1922990199000,OUTRAS RESTITUICOES - PRINC. - DEMAIS,0
2026,1,4331,59,1739990126001,URBANISMO - DIVERSOS MUNICIPIOS,0
2026,1,4331,59,1999992299000,OUTRAS REC. - PRIMARIAS - MJM - DEMAIS,7792.17
2026,1,4341,61,1911010112000,MULTAS LEGISL. ESPECIFICA - PRINC. - INFRACAO A LEGISLACAO DE ABASTECIMENTO DE AGUA E ESGOTAMENTO SANITARIO,0
2026,1,4381,54,1121010103000,TX. INSP. CONTR. FISC. - PRINC. - TAXA DE LICENCIAMENTO PARA USO OU OCUPACAO DA FAIXA DE DOMINIO DAS RODOVIAS,40265.14
2026,1,4381,54,1121010203000,TX. INSP. CONTR. FISC. - MJM - TAXA DE LICENCIAMENTO PARA USO OU OCUPACAO DA FAIXA DE DOMINIO DAS RODOVIAS,12269.71
2026,1,4381,60,1331010101002,DELEG. PREST. SERV. TRANSP. RODOVIARIO - PRINC. - FUNTRANS - INTERMUNICIPAL,0
2026,1,4381,60,1332011101000,DELEG. EXPLOR. INFRA. TRANSP. RODOVIARIO SETOR PRIVADO - PRINC. - FUNDO ESTADUAL DE DESENVOLVIMENTO DE TRANSPORTES - FUNTRANS,0
2026,1,4381,60,1611030105000,SERVICOS REG. CERTIF. FISCALIZ. - PRINC. - INSPECAO E FISCALIZACAO,0
2026,1,4381,60,1611030199000,SERVICOS REG. CERTIF. FISCALIZ. - PRINC. - DEMAIS,1512858.65
2026,1,4381,60,1911090199000,MULTAS JUROS PREVISTOS CONTRATOS - PRINC. - DEMAIS,0
2026,1,4381,83,1911010103002,MULTAS LEGISL. ESPECIFICA - PRINC. - LEGISL. TRANSITO - COTA PARTE DO DEPARTAMENTO DE EDIFICACOES E ESTRADAS DE RODAGEM DO ESTADO DE MINAS GERAIS - DERMG,23676415.45
2026,1,4381,83,1911010103003,MULTAS LEGISL. ESPECIFICA - PRINC. - LEGISL. TRANSITO - COTA PARTE DO FUNDO NACIONAL DE SEGURANCA E EDUCACAO NO TRANSITO - FUNSET,1244173.14
2026,1,4381,83,1922990199000,OUTRAS RESTITUICOES - PRINC. - DEMAIS,0
2026,1,4381,83,9911010103003,DEDUCAO REC. - MULTAS LEGISL. ESPECIFICA - PRINC. - LEGISL. TRANSITO - COTA PARTE DO FUNDO NACIONAL DE SEGURANCA E EDUCACAO NO TRANSITO - FUNSET,-1244173.14
2026,1,4421,39,1911080101000,MULTAS SENTENCAS JUDICIAIS - PRINC. - MULTAS PECUNIARIAS E JUROS DE MORA,133585.71
2026,1,4441,47,2213010101000,ALIENACAO BENS MOVEIS E SEMOVENTES - PRINC.,0
2026,1,4441,60,1321010101000,REMUNERACAO DEPOSITOS BANCARIOS - PRINC.,1912503.89
2026,1,4441,60,1911040103000,MULTAS LEGISL. DEFESA DIR. DIFUSOS - PRINC. - TERMO DE AJUSTAMENTO DE CONDUTA - TAC,1887886.36
2026,1,4441,60,1922011101000,RESTITUICAO CONVENIOS - PRIMARIAS - PRINC.,0
2026,1,4441,60,1922990199000,OUTRAS RESTITUICOES - PRINC. - DEMAIS,39.08
2026,1,4451,47,2213010101000,ALIENACAO BENS MOVEIS E SEMOVENTES - PRINC.,0
2026,1,4451,60,1321010101000,REMUNERACAO DEPOSITOS BANCARIOS - PRINC.,2530323.78
2026,1,4451,60,1911010112000,MULTAS LEGISL. ESPECIFICA - PRINC. - INFRACAO A LEGISLACAO DE ABASTECIMENTO DE AGUA E ESGOTAMENTO SANITARIO,0
2026,1,4451,60,1911040102000,MULTAS LEGISL. DEFESA DIR. DIFUSOS - PRINC. - APLICADAS PELO PROCON-MG,1453638.2
2026,1,4451,60,1911090199000,MULTAS JUROS PREVISTOS CONTRATOS - PRINC. - DEMAIS,0
2026,1,4451,60,1922011101000,RESTITUICAO CONVENIOS - PRIMARIAS - PRINC.,0
2026,1,4451,60,1922990199000,OUTRAS RESTITUICOES - PRINC. - DEMAIS,0
2026,1,4491,59,1321010101000,REMUNERACAO DEPOSITOS BANCARIOS - PRINC.,0
2026,1,4491,59,1999992199000,OUTRAS REC. - PRIMARIAS - PRINC. - DEMAIS,382839.2
2026,1,4541,60,1641010101000,RETORNO OPER. JUROS ENCARG. FINANCEIROS - PRINC. - JUROS DE EMPRESTIMOS,0
2026,1,4541,60,2311060101000,AMORTIZACAO EMPRESTIMOS CONTRATUAIS - PRINC.,0
2026,1,4551,59,1219991106000,DEMAIS CONTRIB. SOC. - PRINC. - PECULIO,4674590.27
2026,1,4551,59,1219991107000,DEMAIS CONTRIB. SOC. - PRINC. - SEGURO COLETIVO,2198225.26
2026,1,4551,59,1219991108000,DEMAIS CONTRIB. SOC. - PRINC. - SEGURO DO CONJUGE,91592.72
2026,1,4601,45,1741990141999,DIR. HUMANOS CIDADANIA - OUTROS,0
2026,1,4601,45,1791990114000,OUTRAS TRANSF. PESSOAS FISICAS - PRINC. - DIREITOS HUMANOS E DE CIDADANIA,0
2026,1,4601,45,2441990141999,DIR. HUMANOS CIDADANIA - OUTROS,0
2026,1,4601,45,2491990114000,OUTRAS TRANSF. PESSOAS FISICAS - PRINC. - DIREITOS HUMANOS E DE CIDADANIA,0
2026,1,4611,60,1311020101000,CONC. PERM. AUTOR. CESSAO DIR. USO BENS IMOV. PUB. - PRINC. - CONCESSAO DE DIREITO REAL DE USO DE AREA PUBLICA,28102.16
2026,1,4611,60,1321010101000,REMUNERACAO DEPOSITOS BANCARIOS - PRINC.,368148.35
2026,1,4611,60,1361011101000,CESSAO DIR. OPERAC. PAG. - PODERES EXECUTIVO LEGISLATIVO - PRINC. - FOLHA DE PESSOAL,0
2026,1,4611,60,1611020101000,INSCRICAO CONCURSOS PROCESSOS SELETIVOS - PRINC.,0
2026,1,4611,60,1911090199000,MULTAS JUROS PREVISTOS CONTRATOS - PRINC. - DEMAIS,0
2026,1,4611,60,1921990199000,OUTRAS INDENIZACOES - PRINC. - DEMAIS,0
2026,1,4611,60,1922990199000,OUTRAS RESTITUICOES - PRINC. - DEMAIS,6247.88
2026,1,4611,60,1999992199000,OUTRAS REC. - PRIMARIAS - PRINC. - DEMAIS,194
2026,1,4611,60,1999992299000,OUTRAS REC. - PRIMARIAS - MJM - DEMAIS,77377.71
2026,1,4621,60,1321050101000,JUROS TITULOS RENDA - PRINC. - RENDIMENTO DE APLICACAO FINANCEIRA - TITULOS DE CREDITO,0
2026,1,4621,60,1641010101000,RETORNO OPER. JUROS ENCARG. FINANCEIROS - PRINC. - JUROS DE EMPRESTIMOS,4378.82
2026,1,4621,60,2311071199000,AMORTIZACAO FINANCIAMENTOS GERAL - PRINC. - DEMAIS,0
2026,1,4631,10,7729990125000,REC. INTRA. - OUTRAS TRANSF. ESTADOS DF - PRINC. - REPASSE DO FUNDO ESTADUAL DE SAUDE - FES - LC FEDERAL NO 141/12,0
2026,1,4661,60,7311011101000,REC. INTRA. - ALUGUEIS ARRENDAMENTOS - PRINC. - ALUGUEIS,0
2026,1,4691,57,1321010101000,REMUNERACAO DEPOSITOS BANCARIOS - PRINC.,1317767.16
2026,1,4691,57,1719550102000,SEGURANCA PUBLICA - MINISTERIO DA JUSTICA E SEGURANCA PUBLICA,0
2026,1,4691,57,1922990199000,OUTRAS RESTITUICOES - PRINC. - DEMAIS,0
2026,1,4701,57,1321010101000,REMUNERACAO DEPOSITOS BANCARIOS - PRINC.,0
2026,1,4701,57,1719990125002,TRABALHO - MINISTERIO DA ECONOMIA,0
2026,1,4701,57,1719990125003,TRABALHO - MINISTERIO DO TRABALHO E EMPREGO,0
2026,1,4701,57,1922990199000,OUTRAS RESTITUICOES - PRINC. - DEMAIS,0
2026,1,4711,10,1922990199000,OUTRAS RESTITUICOES - PRINC. - DEMAIS,3751.79
2026,1,4711,42,7215021101001,REC. INTRA. - CONTRIB. PATRON. - SERV. CIVIL ATIVO - PRINC. - EXECUTIVO - CONTRIB. ORDINARIA,218130519.17
2026,1,4711,42,7215021101002,REC. INTRA. - CONTRIB. PATRON. - SERV. CIVIL ATIVO - PRINC. - EXECUTIVO - CONTRIB. SUPLEMENTAR,185409024.95
2026,1,4711,42,7215021102001,REC. INTRA. - CONTRIB. PATRON. - SERV. CIVIL ATIVO - PRINC. - ALMG - CONTRIB. ORDINARIA,8386410.45
2026,1,4711,42,7215021103001,REC. INTRA. - CONTRIB. PATRON. - SERV. CIVIL ATIVO - PRINC. - TCEMG - CONTRIB. ORDINARIA,8568593.47
2026,1,4711,42,7215021104001,REC. INTRA. - CONTRIB. PATRON. - SERV. CIVIL ATIVO - PRINC. - TJMG - CONTRIB. ORDINARIA,76680987.6
2026,1,4711,42,7215021105001,REC. INTRA. - CONTRIB. PATRON. - SERV. CIVIL ATIVO - PRINC. - TJMMG - CONTRIB. ORDINARIA,1326780.14
2026,1,4711,42,7215021106001,REC. INTRA. - CONTRIB. PATRON. - SERV. CIVIL ATIVO - PRINC. - MPMG - CONTRIB. ORDINARIA,31372254.92
2026,1,4711,42,7215021107001,REC. INTRA. - CONTRIB. PATRON. - SERV. CIVIL ATIVO - PRINC. - DEFPUB - CONTRIB. ORDINARIA,7446529.17
2026,1,4711,43,1215011101000,CONTRIB. SERV. CIVIL ATIVO - PRINC. - PODER EXECUTIVO,109143888.81
2026,1,4711,43,1215011102000,CONTRIB. SERV. CIVIL ATIVO - PRINC. - ASSEMBLEIA LEGISLATIVA DO ESTADO DE MINAS GERAIS - ALMG,4191601.35
2026,1,4711,43,1215011103000,CONTRIB. SERV. CIVIL ATIVO - PRINC. - TRIBUNAL DE CONTAS DO ESTADO DE MINAS GERAIS - TCEMG,4400146.09
2026,1,4711,43,1215011104000,CONTRIB. SERV. CIVIL ATIVO - PRINC. - TRIBUNAL DE JUSTICA DO ESTADO DE MINAS GERAIS - TJMG,38340493.8
2026,1,4711,43,1215011105000,CONTRIB. SERV. CIVIL ATIVO - PRINC. - TRIBUNAL DE JUSTICA MILITAR DO ESTADO DE MINAS GERAIS - TJMMG,663389.99
2026,1,4711,43,1215011106000,CONTRIB. SERV. CIVIL ATIVO - PRINC. - MINISTERIO PUBLICO DO ESTADO DE MINAS GERAIS - MPMG,15687670.89
2026,1,4711,43,1215011107000,CONTRIB. SERV. CIVIL ATIVO - PRINC. - DEFENSORIA PUBLICA DO ESTADO DE MINAS GERAIS - DEFPUB,3723264.57
2026,1,4711,43,1215011199001,CONTRIB. SERV. CIVIL ATIVO - PRINC. - DEMAIS - PESSOAL LICENCIADO/A DISPOSICAO,2274738.13
2026,1,4711,43,1215012101000,CONTRIB. SERV. CIVIL INATIVO - PRINC. - PODER EXECUTIVO,49148198.63
2026,1,4711,43,1215012102000,CONTRIB. SERV. CIVIL INATIVO - PRINC. - ASSEMBLEIA LEGISLATIVA DO ESTADO DE MINAS GERAIS - ALMG,5091645.1
2026,1,4711,43,1215012103000,CONTRIB. SERV. CIVIL INATIVO - PRINC. - TRIBUNAL DE CONTAS DO ESTADO DE MINAS GERAIS - TCEMG,5478993.5
2026,1,4711,43,1215012104000,CONTRIB. SERV. CIVIL INATIVO - PRINC. - TRIBUNAL DE JUSTICA DO ESTADO DE MINAS GERAIS - TJMG,17890743.06
2026,1,4711,43,1215012105000,CONTRIB. SERV. CIVIL INATIVO - PRINC. - TRIBUNAL DE JUSTICA MILITAR DO ESTADO DE MINAS GERAIS - TJMMG,392177.8
2026,1,4711,43,1215012106000,CONTRIB. SERV. CIVIL INATIVO - PRINC. - MINISTERIO PUBLICO DO ESTADO DE MINAS GERAIS - MPMG,4163821.38
2026,1,4711,43,1215012107000,CONTRIB. SERV. CIVIL INATIVO - PRINC. - DEFENSORIA PUBLICA DO ESTADO DE MINAS GERAIS - DEFPUB,1409219.81
2026,1,4711,43,1215013101000,CONTRIB. SERV. CIVIL - PENSIONISTAS - PRINC. - PODER EXECUTIVO,32213.98
2026,1,4711,43,1215013102000,CONTRIB. SERV. CIVIL - PENSIONISTAS - PRINC. - ASSEMBLEIA LEGISLATIVA DO ESTADO DE MINAS GERAIS - ALMG,18971.36
2026,1,4711,43,1215013104000,CONTRIB. SERV. CIVIL - PENSIONISTAS - PRINC. - TRIBUNAL DE JUSTICA DO ESTADO DE MINAS GERAIS - TJMG,2939456.23
2026,1,4711,43,1215013105000,CONTRIB. SERV. CIVIL - PENSIONISTAS - PRINC. - TRIBUNAL DE JUSTICA MILITAR DO ESTADO DE MINAS GERAIS - TJMMG,30982.94
2026,1,4711,43,1215013106000,CONTRIB. SERV. CIVIL - PENSIONISTAS - PRINC. - MINISTERIO PUBLICO DO ESTADO DE MINAS GERAIS - MPMG,1065784.95
2026,1,4711,43,1215014101000,CONTRIB. ORIUNDA SENT. JUDIC. - SERV. CIVIL ATIVO - PRINC.,701691.05
2026,1,4711,43,1215015101000,CONTRIB. ORIUNDA SENT. JUDIC. - SERV. CIVIL INATIVO - PRINC.,700393.99
2026,1,4711,44,1999030101000,COMPENSACOES FINANCEIRAS REGIMES DE PREVIDENCIA - PRINC.,97277024.06
2026,1,4711,52,1922990199000,OUTRAS RESTITUICOES - PRINC. - DEMAIS,0
2026,1,4711,60,1922990199000,OUTRAS RESTITUICOES - PRINC. - DEMAIS,20880.87
2026,1,4711,61,1219991399000,DEMAIS CONTRIB. SOC. - DA - DEMAIS,0
2026,1,4711,61,1219991499000,DEMAIS CONTRIB. SOC. - DA-MJM - DEMAIS,0
2026,1,4711,61,1321040101000,REMUNERACAO RECURSOS RPPS - PRINC. - RENDA FIXA,6488642.87
2026,1,4711,61,1321040102000,REMUNERACAO RECURSOS RPPS - PRINC. - RENDA VARIAVEL,39375
2026,1,4711,61,1922990199000,OUTRAS RESTITUICOES - PRINC. - DEMAIS,23787.83
2026,1,4731,59,1122020104000,EMOLUMENTOS CUSTAS JUDICIAIS - PRINC. - EMOLUMENTOS,8525963.25
2026,1,4731,59,1122020204000,EMOLUMENTOS CUSTAS JUDICIAIS - MJM - EMOLUMENTOS,332078.64
2026,1,4741,59,1122020104000,EMOLUMENTOS CUSTAS JUDICIAIS - PRINC. - EMOLUMENTOS,8578215.48
2026,1,4741,59,1122020204000,EMOLUMENTOS CUSTAS JUDICIAIS - MJM - EMOLUMENTOS,332128.03
2026,1,4741,59,1321010101000,REMUNERACAO DEPOSITOS BANCARIOS - PRINC.,644170.52
2026,1,4741,59,1922990199000,OUTRAS RESTITUICOES - PRINC. - DEMAIS,0
2026,1,4741,60,1321010101000,REMUNERACAO DEPOSITOS BANCARIOS - PRINC.,282375.09
2026,1,4741,60,1922990199000,OUTRAS RESTITUICOES - PRINC. - DEMAIS,0
2026,1,4741,60,1999122101000,ONUS SUCUMBENCIA - PRINC. - HONORARIOS,352878.08
2026,1,4751,59,1122020104000,EMOLUMENTOS CUSTAS JUDICIAIS - PRINC. - EMOLUMENTOS,1088420.79
2026,1,4751,59,1122020204000,EMOLUMENTOS CUSTAS JUDICIAIS - MJM - EMOLUMENTOS,42393
2026,1,4751,59,1122020304000,EMOLUMENTOS CUSTAS JUDICIAIS - DA - EMOLUMENTOS,0
2026,1,4751,59,1122020404000,EMOLUMENTOS CUSTAS JUDICIAIS - DA-MJM - EMOLUMENTOS,0
2026,1,4751,59,1999992199000,OUTRAS REC. - PRIMARIAS - PRINC. - DEMAIS,2000000
2026,1,9999,1,1321010101000,REMUNERACAO DEPOSITOS BANCARIOS - PRINC.,0
2026,1,9999,1,1717990105002,"AGROPECUARIA - MINISTERIO DA AGRICULTURA, PECUARIA E ABASTECIMENTO",0
2026,1,9999,1,1717990120005,SEGURANCA PUBLICA - MINISTERIO DA JUSTICA E SEGURANCA PUBLICA,0
2026,1,9999,1,1922990199000,OUTRAS RESTITUICOES - PRINC. - DEMAIS,0
2026,1,9999,1,2414990120004,SEGURANCA PUBLICA - MINISTERIO DA JUSTICA E SEGURANCA PUBLICA,0
2026,1,9999,2,1321010101000,REMUNERACAO DEPOSITOS BANCARIOS - PRINC.,0
2026,1,9999,2,1717990110003,DESPORTO LAZER - MINISTERIO DO ESPORTE,0
2026,1,9999,2,1717990120005,SEGURANCA PUBLICA - MINISTERIO DA JUSTICA E SEGURANCA PUBLICA,0
2026,1,9999,2,1922990199000,OUTRAS RESTITUICOES - PRINC. - DEMAIS,0
2026,1,9999,2,2414990120004,SEGURANCA PUBLICA - MINISTERIO DA JUSTICA E SEGURANCA PUBLICA,0
2026,1,9999,3,1321010101000,REMUNERACAO DEPOSITOS BANCARIOS - PRINC.,0
2026,1,9999,3,1714560101000,TRANSF. REF. PEJA - PRINC.,0
2026,1,9999,3,1714990199000,OUTRAS TRANSF. DIRETAS FNDE - PRINC. - DEMAIS,0
2026,1,9999,3,1922990199000,OUTRAS RESTITUICOES - PRINC. - DEMAIS,0
2026,1,9999,3,2412509103000,EDUCACAO - FNDE - AQUISICAO DE EQUIPAMENTOS DE MATERIAL PERMANENTE,0
2026,1,9999,9,1321010101000,REMUNERACAO DEPOSITOS BANCARIOS - PRINC.,0
2026,1,9999,9,1741990133999,ACOES ESSENCIAIS JUSTICA - OUTROS,0
2026,1,9999,9,1741990134999,ADM. ATIV. FISCAL - OUTROS,0
2026,1,9999,9,1741990150999,SEGURANCA PUBLICA - OUTROS,0
2026,1,9999,9,1922990199000,OUTRAS RESTITUICOES - PRINC. - DEMAIS,0
2026,1,9999,9,2441990130999,SANEAMENTO - OUTROS,0
2026,1,9999,9,2441990133999,ACOES ESSENCIAIS JUSTICA - OUTROS,0
2026,1,9999,9,2441990150999,SEGURANCA PUBLICA - OUTROS,0
2026,1,9999,10,1112510101000,IPVA - PRINC. - COTA PARTE DO ESTADO,785399756.53
2026,1,9999,10,1112510201000,IPVA - MJM - COTA PARTE DO ESTADO,14597467.34
2026,1,9999,10,1112510301000,IPVA - DA - COTA PARTE DO ESTADO,10764855.42
2026,1,9999,10,1112520101000,ITCD - PRINC. - COTA PARTE DO ESTADO,110068908.13
2026,1,9999,10,1112520201000,ITCD - MJM - COTA PARTE DO ESTADO,11476967.04
2026,1,9999,10,1112520301000,ITCD - DA - COTA PARTE DO ESTADO,2152454.63
2026,1,9999,10,1113031101000,IR - RETIDO FONTE - TRABALHO - PRINC.,460568561.53
2026,1,9999,10,1113034101000,IR - RETIDO FONTE - OUTROS RENDIMENTOS - PRINC.,29477076.42
2026,1,9999,10,1114501101001,ICMS - PRINC. - COTA PARTE ESTADO,4401358566.68
2026,1,9999,10,1114501101002,ICMS - PRINC. - COTA PARTE ESTADO - CESSAO DE DIREITOS CREDITORIOS - LEI ESTADUAL NO 19.266/10,0
2026,1,9999,10,1114501201001,ICMS - MJM - COTA PARTE ESTADO,48030675.6
2026,1,9999,10,1114501201002,ICMS - MJM - COTA PARTE ESTADO - CESSAO DE DIREITOS CREDITORIOS - LEI ESTADUAL NO 19.266/10,0
2026,1,9999,10,1114501301001,ICMS - DA - COTA PARTE ESTADO,38744442.41
2026,1,9999,10,1114501301002,ICMS - DA - COTA PARTE ESTADO - CESSAO DE DIREITOS CREDITORIOS - LEI ESTADUAL NO 19.266/10,523090.2
2026,1,9999,10,1321010101000,REMUNERACAO DEPOSITOS BANCARIOS - PRINC.,11931.78
2026,1,9999,10,1711500101000,COTA-PARTE FPE - PRINC. - ESTADO,703640385.58
2026,1,9999,10,1711530101000,COTA-PARTE IPI - ESTADOS EXPORT. PROD. INDUST. - PRINC. - ESTADO,50988726.04
2026,1,9999,10,1711550101000,COTA-PARTE IOF-OURO - PRINC.,0
2026,1,9999,10,1911090199000,MULTAS JUROS PREVISTOS CONTRATOS - PRINC. - DEMAIS,0
2026,1,9999,10,1922011101000,RESTITUICAO CONVENIOS - PRIMARIAS - PRINC.,427837.67
2026,1,9999,10,1922063199000,RESTITUICAO DESPESAS PRIMARIAS EXERCICIOS ANTERIORES - PRINC. - DEMAIS,14686.8
2026,1,9999,10,1922520101000,RESTITUICAO REMUNERACAO FOLHA PAGAMENTO - PESSOAL ATIVO - PRINC.,0
2026,1,9999,10,1922990199000,OUTRAS RESTITUICOES - PRINC. - DEMAIS,18521669.96
2026,1,9999,10,7729990125000,REC. INTRA. - OUTRAS TRANSF. ESTADOS DF - PRINC. - REPASSE DO FUNDO ESTADUAL DE SAUDE - FES - LC FEDERAL NO 141/12,0
2026,1,9999,10,7922990199000,REC. INTRA. - OUTRAS RESTITUICOES - PRINC. - DEMAIS,0
2026,1,9999,10,9114501101002,DEDUCAO REC. - ICMS - PRINC. - COTA PARTE DO ESTADO - CESSAO DE DIREITOS CREDITORIOS - LEI ESTADUAL NO 19.266/10,0
2026,1,9999,10,9114501201002,DEDUCAO REC. - ICMS - MJM - COTA PARTE DO ESTADO - CESSAO DE DIREITOS CREDITORIOS - LEI ESTADUAL NO 19.266/10,0
2026,1,9999,10,9114501301002,DEDUCAO REC. - ICMS - DA - COTA PARTE DO ESTADO - CESSAO DE DIREITOS CREDITORIOS - LEI ESTADUAL NO 19.266/10,-523090.2
2026,1,9999,11,1114502101000,ADICIONAL ICMS - FEM - PRINC. - COTA PARTE DO ESTADO,26020209.37
2026,1,9999,11,1114502201000,ADICIONAL ICMS - FEM - MJM - COTA PARTE DO ESTADO,149467.7
2026,1,9999,11,1114502301000,ADICIONAL ICMS - FEM - DA - COTA PARTE DO ESTADO,93089.41
2026,1,9999,11,1114502401000,ADICIONAL ICMS - FEM - DA-MJM - COTA PARTE DO ESTADO,68054.5
2026,1,9999,11,1121010101001,TX. INSP. CONTR. FISC. - PRINC. - TX. SEGURANCA PUBLICA - POLICIA CIVIL DO ESTADO DE MINAS GERAIS - PCMG E COORDENADORIA ESTADUAL DE GESTAO DO TRANSITO - CET,29832131.23
2026,1,9999,11,1121010101002,TX. INSP. CONTR. FISC. - PRINC. - TX. SEGURANCA PUBLICA - CORPO DE BOMBEIROS MILITAR DO ESTADO DE MINAS GERAIS - CBMMG,241550.85
2026,1,9999,11,1121010101003,TX. INSP. CONTR. FISC. - PRINC. - TX. SEGURANCA PUBLICA - POLICIA MILITAR DO ESTADO DE MINAS GERAIS - PMMG,3798.26
2026,1,9999,11,1121010101004,TX. INSP. CONTR. FISC. - PRINC. - TX. SEGURANCA PUBLICA - TAXA DE RENOVACAO DE LICENCIAMENTO ANUAL DE VEICULO,28012167.75
2026,1,9999,11,1121010101006,TX. INSP. CONTR. FISC. - PRINC. - TX. SEGURANCA PUBLICA - DEPARTAMENTO DE EDIFICACOES E ESTRADAS DE RODAGEM DO ESTADO DE MINAS GERAIS - DERMG,197007.78
2026,1,9999,11,1121010103000,TX. INSP. CONTR. FISC. - PRINC. - TAXA DE LICENCIAMENTO PARA USO OU OCUPACAO DA FAIXA DE DOMINIO DAS RODOVIAS,17256.47
2026,1,9999,11,1121010104000,TX. INSP. CONTR. FISC. - PRINC. - TAXA DE FISCALIZACAO SOBRE SERVICOS PUBLICOS DE ABASTECIMENTO DE AGUA E SANEAMENTO,1719601.47
2026,1,9999,11,1121010201001,TX. INSP. CONTR. FISC. - MJM - TX. SEGURANCA PUBLICA - POLICIA CIVIL DO ESTADO DE MINAS GERAIS - PCMG E COORDENADORIA ESTADUAL DE GESTAO DO TRANSITO - CET,96.17
2026,1,9999,11,1121010201004,TX. INSP. CONTR. FISC. - MJM - TX. SEGURANCA PUBLICA - TAXA DE RENOVACAO DE LICENCIAMENTO ANUAL DE VEICULO,652780.78
2026,1,9999,11,1121010203000,TX. INSP. CONTR. FISC. - MJM - TAXA DE LICENCIAMENTO PARA USO OU OCUPACAO DA FAIXA DE DOMINIO DAS RODOVIAS,5245.35
2026,1,9999,11,1121010204000,TX. INSP. CONTR. FISC. - MJM - TAXA DE FISCALIZACAO SOBRE SERVICOS PUBLICOS DE ABASTECIMENTO DE AGUA E SANEAMENTO,0
2026,1,9999,11,1121010301003,TX. INSP. CONTR. FISC. - DA - TX. SEGURANCA PUBLICA - POLICIA MILITAR DO ESTADO DE MINAS GERAIS - PMMG,0
2026,1,9999,11,1121010401003,TX. INSP. CONTR. FISC. - DA-MJM - TX. SEGURANCA PUBLICA - POLICIA MILITAR DO ESTADO DE MINAS GERAIS - PMMG,0
2026,1,9999,11,1121040101000,TX. CONTR. FISC. AMBIENT. - PRINC. - TAXA FLORESTAL,3178652.11
2026,1,9999,11,1121040102000,TX. CONTR. FISC. AMBIENT. - PRINC. - TAXA DE FISCALIZACAO DE RECURSOS MINERARIOS,16576370.57
2026,1,9999,11,1121040103000,TX. CONTR. FISC. AMBIENT. - PRINC. - TAXA DE CONTROLE E FISCALIZACAO AMBIENTAL,157523.5
2026,1,9999,11,1121040104000,TX. CONTR. FISC. AMBIENT. - PRINC. - TAXA DE REGULARIZACAO AMBIENTAL,265075.62
2026,1,9999,11,1121040105000,TX. CONTR. FISC. AMBIENT. - PRINC. - TAXA DA LEI DA PESCA,35363.11
2026,1,9999,11,1121040106000,TX. CONTR. FISC. AMBIENT. - PRINC. - TAXA DE LIBERACAO E MANEJO DA FAUNA E FLORA,16333.24
2026,1,9999,11,1121040107000,TX. CONTR. FISC. AMBIENT. - PRINC. - TAXA DA LEI DE POLITICA FLORESTAL,447481.53
2026,1,9999,11,1121040108000,TX. CONTR. FISC. AMBIENT. - PRINC. - TAXA DE CADASTRO PERFURACAO DE POCOS TUBULARES,0
2026,1,9999,11,1121040109000,"TX. CONTR. FISC. AMBIENT. - PRINC. - TAXA DE REPROGRAFIA, CERTIDOES E JULGAMENTO DE CONTENCIOSO",41716.67
2026,1,9999,11,1121040201000,TX. CONTR. FISC. AMBIENT. - MJM - TAXA FLORESTAL,0
2026,1,9999,11,1121040202000,TX. CONTR. FISC. AMBIENT. - MJM - TAXA DE FISCALIZACAO DE RECURSOS MINERARIOS,20800.85
2026,1,9999,11,1121040203000,TX. CONTR. FISC. AMBIENT. - MJM - TAXA DE CONTROLE E FISCALIZACAO AMBIENTAL,64133.47
2026,1,9999,11,1121040302000,TX. CONTR. FISC. AMBIENT. - DA - TAXA DE FISCALIZACAO DE RECURSOS MINERARIOS,6518.21
2026,1,9999,11,1121040303000,TX. CONTR. FISC. AMBIENT. - DA - TAXA DE CONTROLE E FISCALIZACAO AMBIENTAL,0
2026,1,9999,11,1121040402000,TX. CONTR. FISC. AMBIENT. - DA-MJM - TAXA DE FISCALIZACAO DE RECURSOS MINERARIOS,9458.57
2026,1,9999,11,1121040403000,TX. CONTR. FISC. AMBIENT. - DA-MJM - TAXA DE CONTROLE E FISCALIZACAO AMBIENTAL,0
2026,1,9999,11,1122010101001,TX. PREST. SERV. G. - PRINC. - TX. EXP. - DEPARTAMENTO DE EDIFICACOES E ESTRADAS DE RODAGEM DO ESTADO DE MINAS GERAIS - DERMG,6300.25
2026,1,9999,11,1122010101002,TX. PREST. SERV. G. - PRINC. - TX. EXP. - ATOS DA SECRETARIA DE ESTADO DA FAZENDA - SEF,595022.61
2026,1,9999,11,1122010101003,TX. PREST. SERV. G. - PRINC. - TX. EXP. - INSTITUTO MINEIRO DE AGROPECUARIA - IMA,2487518.95
2026,1,9999,11,1122010101004,TX. PREST. SERV. G. - PRINC. - TX. EXP. - ATOS DA SECRETARIA DE ESTADO DE SAUDE - SES,570.63
2026,1,9999,11,1122010101011,TX. PREST. SERV. G. - PRINC. - TX. EXP. - ATOS DE AUTORIDADE ADMINISTRATIVA DO SISTEMA ESTADUAL DE MEIO AMBIENTE E RECURSOS HIDRICOS - SISEMA,524421.99
2026,1,9999,11,1122010104000,TX. PREST. SERV. G. - PRINC. - TAXA DE GERENCIAMENTO DO SISTEMA TRANSPORTE RODOVIARIO INTERMUNICIPAL - DEPARTAMENTO DE EDIFICACOES E ESTRADAS DE RODAGEM DO ESTADO DE MINAS GERAIS - DERMG,11335.28
2026,1,9999,11,1122010201002,TX. PREST. SERV. G. - MJM - TX. EXP. - ATOS DA SECRETARIA DE ESTADO DA FAZENDA - SEF,8196.62
2026,1,9999,11,1122010201004,TX. PREST. SERV. G. - MJM - TX. EXP. - ATOS DA SECRETARIA DE ESTADO DE SAUDE - SES,0
2026,1,9999,11,1349010101000,COMPENSACOES AMBIENTAIS - PRINC. - REPOSICAO FLORESTAL,611212.42
2026,1,9999,11,1349010102000,COMPENSACOES AMBIENTAIS - PRINC. - REPOSICAO DA PESCA,24.59
2026,1,9999,11,1349010103000,COMPENSACOES AMBIENTAIS - PRINC. - SUPRESSAO DO PEQUI,16501.22
2026,1,9999,11,1349010199000,COMPENSACOES AMBIENTAIS - PRINC. - DEMAIS,106332.32
2026,1,9999,11,1511010101005,REC. INDUSTRIAL - PRINC. - INDUSTRIA TRANSFORMACAO - INDUSTRIAS DIVERSAS - UNIDADES PENAIS,0
2026,1,9999,11,1611010118000,SERVICOS ADM. COMERC. GER. - PRINC. - VISITACAO DAS UNIDADES DE CONSERVACAO DA NATUREZA,16693.22
2026,1,9999,11,1712500101000,COTA-PARTE COMPENSACAO FINANCEIRA RECURSOS HIDRICOS - PRINC.,2777971.34
2026,1,9999,11,1712510101000,COTA-PARTE CFEM - PRINC.,16730335.64
2026,1,9999,11,1712521101000,COTA-PARTE COMPENSACAO FINANCEIRA PRODUCAO PETROLEO - LEI FEDERAL NO 7.990/89 - PRINC.,1107955.01
2026,1,9999,11,1741990140001,DESPORTO LAZER - APOIO FINANCEIRO AO ESPORTE,0
2026,1,9999,11,1911010103001,MULTAS LEGISL. ESPECIFICA - PRINC. - LEGISL. TRANSITO - COTA PARTE DO ESTADO,5720255.28
2026,1,9999,11,1911010103002,MULTAS LEGISL. ESPECIFICA - PRINC. - LEGISL. TRANSITO - COTA PARTE DO DEPARTAMENTO DE EDIFICACOES E ESTRADAS DE RODAGEM DO ESTADO DE MINAS GERAIS - DERMG,7091786.95
2026,1,9999,11,1911010112000,MULTAS LEGISL. ESPECIFICA - PRINC. - INFRACAO A LEGISLACAO DE ABASTECIMENTO DE AGUA E ESGOTAMENTO SANITARIO,0
2026,1,9999,11,1921990101000,OUTRAS INDENIZACOES - PRINC. - IMPACTOS E DANOS AMBIENTAIS,106073.76
2026,1,9999,11,1999992199000,OUTRAS REC. - PRIMARIAS - PRINC. - DEMAIS,164073.91
2026,1,9999,12,1922990199000,OUTRAS RESTITUICOES - PRINC. - DEMAIS,0
2026,1,9999,13,1922510101000,RESTITUICOES RECURSOS FUNDEB - PRINC.,0
2026,1,9999,13,1922990199000,OUTRAS RESTITUICOES - PRINC. - DEMAIS,0
2026,1,9999,15,1122010101999,TX. PREST. SERV. G. - PRINC. - TX. EXP. - OUTROS,1731.65
2026,1,9999,15,1122010201999,TX. PREST. SERV. G. - MJM - TX. EXP. - OUTROS,0
2026,1,9999,15,1122010301999,TX. PREST. SERV. G. - DA - TX. EXP. - OUTROS,0
2026,1,9999,15,1122010401999,TX. PREST. SERV. G. - DA-MJM - TX. EXP. - OUTROS,0
2026,1,9999,15,1311011101000,ALUGUEIS ARRENDAMENTOS - PRINC. - ALUGUEIS,800
2026,1,9999,15,1311020199000,CONC. PERM. AUTOR. CESSAO DIR. USO BENS IMOV. PUB. - PRINC. - DEMAIS,137123.98
2026,1,9999,15,1321010101000,REMUNERACAO DEPOSITOS BANCARIOS - PRINC.,71136539.27
2026,1,9999,15,1321020101000,REMUNERACAO DEPOSITOS ESPECIAIS - PRINC.,3901923.55
2026,1,9999,15,1321060101000,JUROS CAPITAL PROPRIO - PRINC. - EMPRESAS ESTATAIS,2449995.29
2026,1,9999,15,1321060102000,JUROS CAPITAL PROPRIO - PRINC. - EMPRESAS NAO ESTATAIS,0
2026,1,9999,15,1322010101000,DIVIDENDOS - PRINC. - EMPRESAS ESTATAIS,289672847.03
2026,1,9999,15,1322010102000,DIVIDENDOS - PRINC. - EMPRESAS NAO ESTATAIS,0
2026,1,9999,15,1361011101000,CESSAO DIR. OPERAC. PAG. - PODERES EXECUTIVO LEGISLATIVO - PRINC. - FOLHA DE PESSOAL,0
2026,1,9999,15,1399990101000,OUTRAS REC. PATRIMONIAIS - PRINC.,0
2026,1,9999,15,1511010102001,REC. INDUSTRIAL - PRINC. - INDUSTRIA EDITORIAL GRAFICA - RECEITA DE PUBLICACOES,1111176.52
2026,1,9999,15,1611010106000,SERVICOS ADM. COMERC. GER. - PRINC. - RESERVA DE PLACA ESPECIAL,588648.68
2026,1,9999,15,1611010119000,SERVICOS ADM. COMERC. GER. - PRINC. - REGULARIZACAO FUNDIARIA,47449.06
2026,1,9999,15,1611040103000,SERVICOS INFORMACAO TECNOLOGIA - PRINC. - FORNECIMENTO DE DADOS FISCAIS,28989.98
2026,1,9999,15,1611040105000,SERVICOS INFORMACAO TECNOLOGIA - PRINC. - PROCESSAMENTO DAS CONSIGNACOES DA FOLHA DE PESSOAL,6395.5
2026,1,9999,15,1699990301000,OUTROS SERVICOS - DA,4261665.5
2026,1,9999,15,1719580101000,TRANSF. OBRIGATORIA DECORRENTE LC FEDERAL NO 176/20 - PRINC.,37724064.65
2026,1,9999,15,1911010101000,MULTAS LEGISL. ESPECIFICA - PRINC. - LEGISLACAO SANITARIA,0
2026,1,9999,15,1911010104999,MULTAS LEGISL. ESPECIFICA - PRINC. - MULTA ISOLADA OBRIG. ACESSORIA - OUTROS,3176447.61
2026,1,9999,15,1911010204999,MULTAS LEGISL. ESPECIFICA - MJM - MULTA ISOLADA OBRIG. ACESSORIA - OUTROS,69.87
2026,1,9999,15,1911010304999,MULTAS LEGISL. ESPECIFICA - DA - MULTA ISOLADA OBRIG. ACESSORIA - OUTROS,2354053.62
2026,1,9999,15,1911010404999,MULTAS LEGISL. ESPECIFICA - DA-MJM - MULTA ISOLADA OBRIG. ACESSORIA - OUTROS,1198.27
2026,1,9999,15,1911040104000,MULTAS LEGISL. DEFESA DIR. DIFUSOS - PRINC. - USO DE PIPAS COM LINHA CORTANTE,340.66
2026,1,9999,15,1911061101000,MULTAS ADM. DANOS AMBIENTAIS - PRINC.,5948543.33
2026,1,9999,15,1911090199000,MULTAS JUROS PREVISTOS CONTRATOS - PRINC. - DEMAIS,0
2026,1,9999,15,1911132101000,MULTAS LEGISLACAO ANTICORRUPCAO ACORDOS LENIENCIA - PRINC.,0
2026,1,9999,15,1921990199000,OUTRAS INDENIZACOES - PRINC. - DEMAIS,249778.97
2026,1,9999,15,1922520101000,RESTITUICAO REMUNERACAO FOLHA PAGAMENTO - PESSOAL ATIVO - PRINC.,0
2026,1,9999,15,1922990199000,OUTRAS RESTITUICOES - PRINC. - DEMAIS,0
2026,1,9999,15,1923030101000,REVERSAO GARANTIAS - PRINC.,0
2026,1,9999,15,1931060101000,BENS DIREITOS VALORES RENUNCIA VOLUNTARIA ACORDO NAO PERSECUCAO PENAL - PRINC.,105437.71
2026,1,9999,15,1999992108001,OUTRAS REC. - PRIMARIAS - PRINC. - RECEITAS ADICIONAIS A CONCESSAO - PPP - AEROPORTUARIA,0
2026,1,9999,15,1999992108999,OUTRAS REC. - PRIMARIAS - PRINC. - RECEITAS ADICIONAIS A CONCESSAO - PPP - OUTROS,0
2026,1,9999,15,1999992111000,OUTRAS REC. - PRIMARIAS - PRINC. - BANCO DO ESTADO DE MINAS GERAIS - BEMGE,0
2026,1,9999,15,1999992115000,OUTRAS REC. - PRIMARIAS - PRINC. - GESTAO DE VEICULOS APREENDIDOS E REMOVIDOS,8755075.02
2026,1,9999,15,1999992117000,"OUTRAS REC. - PRIMARIAS - PRINC. - BENS, DIREITOS E VALORES OBJETO DE RENUNCIA VOLUNTARIA EM ACORDO DE NAO PERSECUCAO CIVEL",20771.73
2026,1,9999,15,1999992199000,OUTRAS REC. - PRIMARIAS - PRINC. - DEMAIS,3302365.95
2026,1,9999,15,1999992299000,OUTRAS REC. - PRIMARIAS - MJM - DEMAIS,20433.17
2026,1,9999,15,1999992399000,OUTRAS REC. - PRIMARIAS - DA - DEMAIS,218.31
2026,1,9999,15,1999992499000,OUTRAS REC. - PRIMARIAS - DA-MJM - DEMAIS,72.47
2026,1,9999,15,2311060101000,AMORTIZACAO EMPRESTIMOS CONTRATUAIS - PRINC.,0
2026,1,9999,16,1321010101000,REMUNERACAO DEPOSITOS BANCARIOS - PRINC.,0
2026,1,9999,16,1719990114001,CULTURA - MINISTERIO DA CULTURA,0
2026,1,9999,16,1922011101000,RESTITUICAO CONVENIOS - PRIMARIAS - PRINC.,0
2026,1,9999,16,1922990199000,OUTRAS RESTITUICOES - PRINC. - DEMAIS,0
2026,1,9999,20,1112510102000,IPVA - PRINC. - COTA PARTE DOS MUNICIPIOS,981774906.14
2026,1,9999,20,1112510202000,IPVA - MJM - COTA PARTE DOS MUNICIPIOS,18248816.19
2026,1,9999,20,1112510302000,IPVA - DA - COTA PARTE DOS MUNICIPIOS,13456795.62
2026,1,9999,20,1114501102000,ICMS - PRINC. - COTA PARTE DOS MUNICIPIOS,1833899429.08
2026,1,9999,20,1114501202000,ICMS - MJM - COTA PARTE DOS MUNICIPIOS,20012562.46
2026,1,9999,20,1114501302000,ICMS - DA - COTA PARTE DOS MUNICIPIOS,16361472.54
2026,1,9999,20,1711530102000,COTA-PARTE IPI - ESTADOS EXPORT. PROD. INDUST. - PRINC. - MUNICIPIOS,21245302.45
2026,1,9999,20,9112510102000,DEDUCAO REC. - IPVA - PRINC. - COTA PARTE DOS MUNICIPIOS,-981774906.14
2026,1,9999,20,9112510202000,DEDUCAO REC. - IPVA - MJM - COTA PARTE DOS MUNICIPIOS,-18248816.19
2026,1,9999,20,9112510302000,DEDUCAO REC. - IPVA - DA - COTA PARTE DOS MUNICIPIOS,-13456795.62
2026,1,9999,20,9114501102000,DEDUCAO REC. - ICMS - PRINC. - COTA PARTE DOS MUNICIPIOS,-1833899429.08
2026,1,9999,20,9114501202000,DEDUCAO REC. - ICMS - MJM - COTA PARTE DOS MUNICIPIOS,-20012562.46
2026,1,9999,20,9114501302000,DEDUCAO REC. - ICMS - DA - COTA PARTE DOS MUNICIPIOS,-16361472.54
2026,1,9999,20,9711530102000,DEDUCAO REC. - COTA-PARTE IPI - ESTADOS EXPORT. PROD. INDUST. - PRINC. - MUNICIPIOS,-21245302.45
2026,1,9999,21,1321010101000,REMUNERACAO DEPOSITOS BANCARIOS - PRINC.,0
2026,1,9999,21,1714500101000,TRANSFERENCIAS DO SALARIO-EDUCACAO - PRINC.,0
2026,1,9999,21,1922990104000,OUTRAS RESTITUICOES - PRINC. - CONTRIB. DO SALARIO-EDUCACAO,0
2026,1,9999,23,1112510103000,IPVA - PRINC. - COTA PARTE DO ESTADO PARA O FUNDEB,196324729.09
2026,1,9999,23,1112510203000,IPVA - MJM - COTA PARTE DO ESTADO PARA O FUNDEB,3648177.48
2026,1,9999,23,1112510303000,IPVA - DA - COTA PARTE DO ESTADO PARA O FUNDEB,2690488.37
2026,1,9999,23,1112520102000,ITCD - PRINC. - COTA PARTE DO FUNDEB,27517227.03
2026,1,9999,23,1112520202000,ITCD - MJM - COTA PARTE DO FUNDEB,2869241.79
2026,1,9999,23,1112520302000,ITCD - DA - COTA PARTE DO FUNDEB,538113.71
2026,1,9999,23,1114501103000,ICMS - PRINC. - COTA PARTE DO ESTADO PARA O FUNDEB,1100339657.03
2026,1,9999,23,1114501203000,ICMS - MJM - COTA PARTE DO ESTADO PARA O FUNDEB,12007537.32
2026,1,9999,23,1114501303000,ICMS - DA - COTA PARTE DO ESTADO PARA O FUNDEB,9816883.31
2026,1,9999,23,1114502102000,ADICIONAL ICMS - FEM - PRINC. - COTA PARTE DO FUNDEB,21677721.15
2026,1,9999,23,1114502202000,ADICIONAL ICMS - FEM - MJM - COTA PARTE DO FUNDEB,124556.3
2026,1,9999,23,1114502302000,ADICIONAL ICMS - FEM - DA - COTA PARTE DO FUNDEB,77574.5
2026,1,9999,23,1114502402000,ADICIONAL ICMS - FEM - DA-MJM - COTA PARTE DO FUNDEB,56712.08
2026,1,9999,23,1321010101000,REMUNERACAO DEPOSITOS BANCARIOS - PRINC.,0
2026,1,9999,23,1711500102000,COTA-PARTE FPE - PRINC. - FUNDEB,175910096.38
2026,1,9999,23,1711530103000,COTA-PARTE IPI - ESTADOS EXPORT. PROD. INDUST. - PRINC. - FUNDEB,12747181.49
2026,1,9999,23,1751500101000,TRANSF. RECURSOS FUNDEB - PRINC. - PARCELA FPM,0
2026,1,9999,23,1751500103001,TRANSF. RECURSOS FUNDEB - PRINC. - PARCELA ICMS - PRINC.,0
2026,1,9999,23,1751500103002,TRANSF. RECURSOS FUNDEB - PRINC. - PARCELA ICMS - MULTAS E JUROS,0
2026,1,9999,23,1751500103003,TRANSF. RECURSOS FUNDEB - PRINC. - PARCELA ICMS - DA,0
2026,1,9999,23,1751500104001,TRANSF. RECURSOS FUNDEB - PRINC. - PARCELA IPI - PRINC.,0
2026,1,9999,23,1751500105001,TRANSF. RECURSOS FUNDEB - PRINC. - PARCELA FPE - PRINC.,0
2026,1,9999,23,1751500106001,TRANSF. RECURSOS FUNDEB - PRINC. - PARCELA ITR - PRINC.,0
2026,1,9999,23,1751500107001,TRANSF. RECURSOS FUNDEB - PRINC. - PARCELA IPVA - PRINC.,0
2026,1,9999,23,1751500107002,TRANSF. RECURSOS FUNDEB - PRINC. - PARCELA IPVA - MULTAS E JUROS,0
2026,1,9999,23,1751500107003,TRANSF. RECURSOS FUNDEB - PRINC. - PARCELA IPVA - DA,0
2026,1,9999,23,1751500108001,TRANSF. RECURSOS FUNDEB - PRINC. - PARCELA ITCD - PRINC.,0
2026,1,9999,23,1751500108002,TRANSF. RECURSOS FUNDEB - PRINC. - PARCELA ITCD - MULTAS E JUROS,0
2026,1,9999,23,1751500108003,TRANSF. RECURSOS FUNDEB - PRINC. - PARCELA ITCD - DA,0
2026,1,9999,23,1751500109001,TRANSF. RECURSOS FUNDEB - PRINC. - PARCELA ADICIONAL ICMS - FEM - PRINC.,0
2026,1,9999,23,1751500109005,TRANSF. RECURSOS FUNDEB - PRINC. - PARCELA ADICIONAL ICMS - FEM - EXERCICIOS ANTERIORES,0
2026,1,9999,23,1922510101000,RESTITUICOES RECURSOS FUNDEB - PRINC.,0
2026,1,9999,23,1922520101000,RESTITUICAO REMUNERACAO FOLHA PAGAMENTO - PESSOAL ATIVO - PRINC.,0
2026,1,9999,23,1922990199000,OUTRAS RESTITUICOES - PRINC. - DEMAIS,0
2026,1,9999,23,9112510103000,DEDUCAO REC. - IPVA - PRINC. - COTA PARTE DO ESTADO PARA O FUNDEB,-196324729.09
2026,1,9999,23,9112510203000,DEDUCAO REC. - IPVA - MJM - COTA PARTE DO ESTADO PARA O FUNDEB,-3648177.48
2026,1,9999,23,9112510303000,DEDUCAO REC. - IPVA - DA - COTA PARTE DO ESTADO PARA O FUNDEB,-2690488.37
2026,1,9999,23,9112520102000,DEDUCAO REC. - ITCD - PRINC. - COTA PARTE DO ESTADO PARA O FUNDEB,-27517227.03
2026,1,9999,23,9112520202000,DEDUCAO REC. - ITCD - MJM - COTA PARTE DO ESTADO PARA O FUNDEB,-2869241.79
2026,1,9999,23,9112520302000,DEDUCAO REC. - ITCD - DA - COTA PARTE DO ESTADO PARA O FUNDEB,-538113.71
2026,1,9999,23,9114501103000,DEDUCAO REC. - ICMS - PRINC. - COTA PARTE DO ESTADO PARA O FUNDEB,-1100339657.03
2026,1,9999,23,9114501203000,DEDUCAO REC. - ICMS - MJM - COTA PARTE DO ESTADO PARA O FUNDEB,-12007537.32
2026,1,9999,23,9114501303000,DEDUCAO REC. - ICMS - DA - COTA PARTE DO ESTADO PARA O FUNDEB,-9816883.31
2026,1,9999,23,9114502102000,DEDUCAO REC. - ADICIONAL ICMS - FEM - PRINC. - COTA PARTE DO FUNDEB,-21677721.15
2026,1,9999,23,9114502202000,DEDUCAO REC. - ADICIONAL ICMS - FEM - MJM - COTA PARTE DO FUNDEB,-124556.3
2026,1,9999,23,9114502302000,DEDUCAO REC. - ADICIONAL ICMS - FEM - DA - COTA PARTE DO FUNDEB,-77574.5
2026,1,9999,23,9114502402000,DEDUCAO REC. - ADICIONAL ICMS - FEM - DA-MJM - COTA PARTE DO FUNDEB,-56712.08
2026,1,9999,23,9711500102000,DEDUCAO REC. - COTA-PARTE FPE - PRINC. - FUNDEB,-175910096.38
2026,1,9999,23,9711530103000,DEDUCAO REC. - COTA-PARTE IPI - ESTADOS EXPORT. PROD. INDUST. - PRINC. - FUNDEB,-12747181.49
2026,1,9999,24,1321010101000,REMUNERACAO DEPOSITOS BANCARIOS - PRINC.,0
2026,1,9999,24,1717990105005,AGROPECUARIA - MINISTERIO DO DESENVOLVIMENTO REGIONAL,0
2026,1,9999,24,1717990109005,CULTURA - MINISTERIO DA CULTURA,0
2026,1,9999,24,1717990109006,CULTURA - MINISTERIO DA JUSTICA E SEGURANCA PUBLICA,0
2026,1,9999,24,1717990111001,DIR. HUMANOS CIDADANIA - MINISTERIO DA JUSTICA E SEGURANCA PUBLICA,0
2026,1,9999,24,1717990111003,DIR. HUMANOS CIDADANIA - MINISTERIO DOS DIREITOS HUMANOS E CIDADANIA,0
2026,1,9999,24,1717990116001,MEIO AMBIENTE - MINISTERIO DO MEIO AMBIENTE,0
2026,1,9999,24,1717990120002,SEGURANCA PUBLICA - CENTRAIS DE ABASTECIMENTO DE MINAS GERAIS - CEASAMINAS,0
2026,1,9999,24,1717990120004,SEGURANCA PUBLICA - TRIBUNAL REGIONAL ELEITORAL DE MINAS GERAIS - TREMG,0
2026,1,9999,24,1717990120005,SEGURANCA PUBLICA - MINISTERIO DA JUSTICA E SEGURANCA PUBLICA,0
2026,1,9999,24,1717990120010,SEGURANCA PUBLICA - TRIBUNAL REGIONAL DO TRABALHO DA 3 REGIAO - TRT3,0
2026,1,9999,24,1719990199999,OUTRAS TRANSF. UNIAO ENTIDADES - PRINC. - DEMAIS - OUTROS,0
2026,1,9999,24,1922990199000,OUTRAS RESTITUICOES - PRINC. - DEMAIS,0
2026,1,9999,24,2414520101000,SANEAMENTO - MINISTERIO DO DESENVOLVIMENTO REGIONAL,0
2026,1,9999,24,2414520102000,SANEAMENTO - MINISTERIO DAS CIDADES,0
2026,1,9999,24,2414540102000,TRANSPORTE - MINISTERIO DAS CIDADES,0
2026,1,9999,24,2414540103000,TRANSPORTE - MINISTERIO DO DESENVOLVIMENTO REGIONAL,0
2026,1,9999,24,2414540104000,"TRANSPORTE - MINISTERIO DA AGRICULTURA, PECUARIA E ABASTECIMENTO",0
2026,1,9999,24,2414990111001,CULTURA - MINISTERIO DA CULTURA,0
2026,1,9999,24,2414990111007,CULTURA - FUNDO NACIONAL DE SAUDE - FNS,0
2026,1,9999,24,2414990113001,DIR. HUMANOS CIDADANIA - MINISTERIO DA JUSTICA,0
2026,1,9999,24,2414990120001,SEGURANCA PUBLICA - CENTRAIS DE ABASTECIMENTO DE MINAS GERAIS - CEASAMINAS,0
2026,1,9999,24,2414990120004,SEGURANCA PUBLICA - MINISTERIO DA JUSTICA E SEGURANCA PUBLICA,0
2026,1,9999,24,2414990120009,SEGURANCA PUBLICA - TRIBUNAL REGIONAL DO TRABALHO DA 3A REGIAO - TRT3,0
2026,1,9999,24,2414990120011,"SEGURANCA PUBLICA - MINISTERIO DA MULHER, DA FAMILIA E DOS DIREITOS HUMANOS",0
2026,1,9999,25,1321010101000,REMUNERACAO DEPOSITOS BANCARIOS - PRINC.,1941196.86
2026,1,9999,27,1121010101001,TX. INSP. CONTR. FISC. - PRINC. - TX. SEGURANCA PUBLICA - POLICIA CIVIL DO ESTADO DE MINAS GERAIS - PCMG E COORDENADORIA ESTADUAL DE GESTAO DO TRANSITO - CET,69526188.77
2026,1,9999,27,1121010101002,TX. INSP. CONTR. FISC. - PRINC. - TX. SEGURANCA PUBLICA - CORPO DE BOMBEIROS MILITAR DO ESTADO DE MINAS GERAIS - CBMMG,563618.64
2026,1,9999,27,1121010101003,TX. INSP. CONTR. FISC. - PRINC. - TX. SEGURANCA PUBLICA - POLICIA MILITAR DO ESTADO DE MINAS GERAIS - PMMG,8862.63
2026,1,9999,27,1121010101004,TX. INSP. CONTR. FISC. - PRINC. - TX. SEGURANCA PUBLICA - TAXA DE RENOVACAO DE LICENCIAMENTO ANUAL DE VEICULO,65359119.51
2026,1,9999,27,1121010101006,TX. INSP. CONTR. FISC. - PRINC. - TX. SEGURANCA PUBLICA - DEPARTAMENTO DE EDIFICACOES E ESTRADAS DE RODAGEM DO ESTADO DE MINAS GERAIS - DERMG,459684.76
2026,1,9999,27,1121010201001,TX. INSP. CONTR. FISC. - MJM - TX. SEGURANCA PUBLICA - POLICIA CIVIL DO ESTADO DE MINAS GERAIS - PCMG E COORDENADORIA ESTADUAL DE GESTAO DO TRANSITO - CET,224.4
2026,1,9999,27,1121010201004,TX. INSP. CONTR. FISC. - MJM - TX. SEGURANCA PUBLICA - TAXA DE RENOVACAO DE LICENCIAMENTO ANUAL DE VEICULO,1522501.59
2026,1,9999,27,1121010301003,TX. INSP. CONTR. FISC. - DA - TX. SEGURANCA PUBLICA - POLICIA MILITAR DO ESTADO DE MINAS GERAIS - PMMG,0
2026,1,9999,27,1121010401003,TX. INSP. CONTR. FISC. - DA-MJM - TX. SEGURANCA PUBLICA - POLICIA MILITAR DO ESTADO DE MINAS GERAIS - PMMG,0
2026,1,9999,27,1922520101000,RESTITUICAO REMUNERACAO FOLHA PAGAMENTO - PESSOAL ATIVO - PRINC.,0
2026,1,9999,27,1922990199000,OUTRAS RESTITUICOES - PRINC. - DEMAIS,0
2026,1,9999,29,1121040107000,TX. CONTR. FISC. AMBIENT. - PRINC. - TAXA DA LEI DE POLITICA FLORESTAL,0
2026,1,9999,29,1122010101002,TX. PREST. SERV. G. - PRINC. - TX. EXP. - ATOS DA SECRETARIA DE ESTADO DA FAZENDA - SEF,1381575.34
2026,1,9999,29,1122010101004,TX. PREST. SERV. G. - PRINC. - TX. EXP. - ATOS DA SECRETARIA DE ESTADO DE SAUDE - SES,444.07
2026,1,9999,29,1122010101011,TX. PREST. SERV. G. - PRINC. - TX. EXP. - ATOS DE AUTORIDADE ADMINISTRATIVA DO SISTEMA ESTADUAL DE MEIO AMBIENTE E RECURSOS HIDRICOS - SISEMA,65105.24
2026,1,9999,29,1122010201002,TX. PREST. SERV. G. - MJM - TX. EXP. - ATOS DA SECRETARIA DE ESTADO DA FAZENDA - SEF,19125.42
2026,1,9999,29,1122010201004,TX. PREST. SERV. G. - MJM - TX. EXP. - ATOS DA SECRETARIA DE ESTADO DE SAUDE - SES,0
2026,1,9999,30,1219991110001,DEMAIS CONTRIB. SOC. - PRINC. - CONTRIB. MILITAR APOSENTADORIA - ATIVO,14277846.99
2026,1,9999,31,1321010101000,REMUNERACAO DEPOSITOS BANCARIOS - PRINC.,0
2026,1,9999,31,1712500101000,COTA-PARTE COMPENSACAO FINANCEIRA RECURSOS HIDRICOS - PRINC.,6481933.15
2026,1,9999,31,1922011101000,RESTITUICAO CONVENIOS - PRIMARIAS - PRINC.,0
2026,1,9999,31,1922990199000,OUTRAS RESTITUICOES - PRINC. - DEMAIS,0
2026,1,9999,32,1712510101000,COTA-PARTE CFEM - PRINC.,39037449.86
2026,1,9999,33,1712521101000,COTA-PARTE COMPENSACAO FINANCEIRA PRODUCAO PETROLEO - LEI FEDERAL NO 7.990/89 - PRINC.,2585228.4
2026,1,9999,36,1321010101000,REMUNERACAO DEPOSITOS BANCARIOS - PRINC.,0
2026,1,9999,36,1714520101000,TRANSF. REF. PNAE - PRINC.,0
2026,1,9999,36,1714990102000,OUTRAS TRANSF. DIRETAS FNDE - PRINC. - PRONATEC,0
2026,1,9999,36,1714990106000,OUTRAS TRANSF. DIRETAS FNDE - PRINC. - PROGRAMA DE FOMENTO AS ESCOLAS DE ENSINO MEDIO EM TEMPO INTEGRAL,0
2026,1,9999,36,1714990199000,OUTRAS TRANSF. DIRETAS FNDE - PRINC. - DEMAIS,0
2026,1,9999,36,1922990199000,OUTRAS RESTITUICOES - PRINC. - DEMAIS,0
2026,1,9999,36,2412509102000,EDUCACAO - FNDE - CONSTRUCAO DE QUADRAS POLIESPORTIVAS,0
2026,1,9999,36,2412509103000,EDUCACAO - FNDE - AQUISICAO DE EQUIPAMENTOS DE MATERIAL PERMANENTE,0
2026,1,9999,36,2412509105000,EDUCACAO - FNDE - PROGRAMA DE FOMENTO AS ESCOLAS DE ENSINO MEDIO EM TEMPO INTEGRAL,0
2026,1,9999,36,2412509199000,EDUCACAO - FNDE - DEMAIS,0
2026,1,9999,38,1719990115001,DESPORTO LAZER - MINISTERIO DO ESPORTE,0
2026,1,9999,38,2419990113001,DESPORTO LAZER - MINISTERIO DO ESPORTE,0
2026,1,9999,40,1641010101000,RETORNO OPER. JUROS ENCARG. FINANCEIROS - PRINC. - JUROS DE EMPRESTIMOS,0
2026,1,9999,40,2311071199000,AMORTIZACAO FINANCIAMENTOS GERAL - PRINC. - DEMAIS,0
2026,1,9999,45,1321010101000,REMUNERACAO DEPOSITOS BANCARIOS - PRINC.,0
2026,1,9999,45,1741990150999,SEGURANCA PUBLICA - OUTROS,0
2026,1,9999,45,1791990123000,OUTRAS TRANSF. PESSOAS FISICAS - PRINC. - SEGURANCA PUBLICA,0
2026,1,9999,45,2441990123999,SEGURANCA PUBLICA - OUTROS,0
2026,1,9999,45,2441990150999,SEGURANCA PUBLICA - OUTROS,0
2026,1,9999,45,2491990123000,OUTRAS TRANSF. PESSOAS FISICAS - PRINC. - SEGURANCA PUBLICA,0
2026,1,9999,46,1321010101000,REMUNERACAO DEPOSITOS BANCARIOS - PRINC.,339.69
2026,1,9999,47,1321010101000,REMUNERACAO DEPOSITOS BANCARIOS - PRINC.,0
2026,1,9999,47,2213010101000,ALIENACAO BENS MOVEIS E SEMOVENTES - PRINC.,0
2026,1,9999,48,2213010101000,ALIENACAO BENS MOVEIS E SEMOVENTES - PRINC.,0
2026,1,9999,48,2221010101000,ALIENACAO BENS IMOVEIS - PRINC.,0
2026,1,9999,51,1711540101000,COTA-PARTE CIDE - PRINC. - ESTADO,217408.48
2026,1,9999,51,1711540102000,COTA-PARTE CIDE - PRINC. - MUNICIPIOS,7246949.62
2026,1,9999,51,9711540102000,DEDUCAO REC. - COTA-PARTE CIDE - PRINC. - MUNICIPIOS,-7246949.62
2026,1,9999,53,1321010101000,REMUNERACAO DEPOSITOS BANCARIOS - PRINC.,0
2026,1,9999,53,1922990199000,OUTRAS RESTITUICOES - PRINC. - DEMAIS,0
2026,1,9999,57,1321010101000,REMUNERACAO DEPOSITOS BANCARIOS - PRINC.,0
2026,1,9999,57,1719550101000,SEGURANCA PUBLICA - MINISTERIO DO DESENVOLVIMENTO REGIONAL,0
2026,1,9999,57,1922990199000,OUTRAS RESTITUICOES - PRINC. - DEMAIS,0
2026,1,9999,59,1321010101000,REMUNERACAO DEPOSITOS BANCARIOS - PRINC.,0
2026,1,9999,59,1349010103000,COMPENSACOES AMBIENTAIS - PRINC. - SUPRESSAO DO PEQUI,0
2026,1,9999,59,1741990140001,DESPORTO LAZER - APOIO FINANCEIRO AO ESPORTE,0
2026,1,9999,59,1741990140999,DESPORTO LAZER - OUTROS,0
2026,1,9999,59,1999992108001,OUTRAS REC. - PRIMARIAS - PRINC. - RECEITAS ADICIONAIS A CONCESSAO - PPP - AEROPORTUARIA,0
2026,1,9999,59,1999992199000,OUTRAS REC. - PRIMARIAS - PRINC. - DEMAIS,0
2026,1,9999,60,1311011102000,ALUGUEIS ARRENDAMENTOS - PRINC. - ARRENDAMENTOS,0
2026,1,9999,60,1311011202000,ALUGUEIS ARRENDAMENTOS - MJM - ARRENDAMENTOS,0
2026,1,9999,60,1311012101000,FOROS LAUDEMIOS TARIFAS OCUPACAO - PRINC. - TARIFA DE OCUPACAO DE IMOVEIS,0
2026,1,9999,60,1311020101000,CONC. PERM. AUTOR. CESSAO DIR. USO BENS IMOV. PUB. - PRINC. - CONCESSAO DE DIREITO REAL DE USO DE AREA PUBLICA,0
2026,1,9999,60,1321010101000,REMUNERACAO DEPOSITOS BANCARIOS - PRINC.,0
2026,1,9999,60,1361011101000,CESSAO DIR. OPERAC. PAG. - PODERES EXECUTIVO LEGISLATIVO - PRINC. - FOLHA DE PESSOAL,0
2026,1,9999,60,1361012101000,CESSAO DIR. OPERAC. PAG. - PODER JUDICIARIO - PRINC. - FOLHA DE PESSOAL,0
2026,1,9999,60,1611010103000,"SERVICOS ADM. COMERC. GER. - PRINC. - COMERCIALIZACAO DE LIVROS, PERIODICOS, MATERIAIS ESCOLARES E PUBLICIDADE",0
2026,1,9999,60,1611010111000,SERVICOS ADM. COMERC. GER. - PRINC. - SEGURANCA PUBLICA,0
2026,1,9999,60,1611010113000,SERVICOS ADM. COMERC. GER. - PRINC. - FOTOCOPIAS E COPIAS HELIOGRAFICAS,0
2026,1,9999,60,1611010119000,SERVICOS ADM. COMERC. GER. - PRINC. - REGULARIZACAO FUNDIARIA,0
2026,1,9999,60,1611010124000,SERVICOS ADM. COMERC. GER. - PRINC. - EDUCACIONAIS E CAPACITACAO,0
2026,1,9999,60,1611010127000,SERVICOS ADM. COMERC. GER. - PRINC. - RECREATIVOS E CULTURAIS,0
2026,1,9999,60,1611010199001,SERVICOS ADM. COMERC. GER. - PRINC. - DEMAIS - SERVICOS ADMINISTRATIVOS,0
2026,1,9999,60,1611020101000,INSCRICAO CONCURSOS PROCESSOS SELETIVOS - PRINC.,0
2026,1,9999,60,1611030104000,SERVICOS REG. CERTIF. FISCALIZ. - PRINC. - EXPEDICAO DE CERTIFICADOS,0
2026,1,9999,60,1741990133999,ACOES ESSENCIAIS JUSTICA - OUTROS,0
2026,1,9999,60,1911010106000,MULTAS LEGISL. ESPECIFICA - PRINC. - INFRACAO A LEGISLACAO DE PREVENCAO DE INCENDIO E PANICO,0
2026,1,9999,60,1911010111000,MULTAS LEGISL. ESPECIFICA - PRINC. - INFRACAO A LEGISLACAO SOBRE PRATICAS DE COMPETENCIA DO CBMMG POR INSTITUICOES CIVIS,0
2026,1,9999,60,1911090199000,MULTAS JUROS PREVISTOS CONTRATOS - PRINC. - DEMAIS,0
2026,1,9999,60,1921990199000,OUTRAS INDENIZACOES - PRINC. - DEMAIS,0
2026,1,9999,60,1922063199000,RESTITUICAO DESPESAS PRIMARIAS EXERCICIOS ANTERIORES - PRINC. - DEMAIS,0
2026,1,9999,60,1922990199000,OUTRAS RESTITUICOES - PRINC. - DEMAIS,0
2026,1,9999,60,1923990101000,OUTROS RESSARCIMENTOS - PRINC. - RETENCAO SOBRE PAGAMENTO FOLHA DE SENTENCIADO,0
2026,1,9999,60,1999992199000,OUTRAS REC. - PRIMARIAS - PRINC. - DEMAIS,0
2026,1,9999,60,1999992299000,OUTRAS REC. - PRIMARIAS - MJM - DEMAIS,0
2026,1,9999,61,1411010102001,REC. AGROPECUARIA - PRINC. - PRODUCAO ANIMAL DERIVADOS - UNIDADES PENAIS,0
2026,1,9999,61,1511010101005,REC. INDUSTRIAL - PRINC. - INDUSTRIA TRANSFORMACAO - INDUSTRIAS DIVERSAS - UNIDADES PENAIS,0
2026,1,9999,66,1321010101000,REMUNERACAO DEPOSITOS BANCARIOS - PRINC.,0
2026,1,9999,66,1724990123002,SEGURANCA PUBLICA - CORPO DE BOMBEIROS MILITAR DO ESTADO DO ESPIRITO SANTO - CBMES,0
2026,1,9999,66,1724990123004,SEGURANCA PUBLICA - CORPO DE BOMBEIROS DO ESTADO DE RIO GRANDE DO NORTE - CBMRN,0
2026,1,9999,66,1922990199000,OUTRAS RESTITUICOES - PRINC. - DEMAIS,0
2026,1,9999,66,2422990120004,SEGURANCA PUBLICA - CORPO DE BOMBEIROS DO ESTADO DE RIO GRANDE DO NORTE - CBMRN,0
2026,1,9999,68,1321010101000,REMUNERACAO DEPOSITOS BANCARIOS - PRINC.,0
2026,1,9999,68,1741990123999,SEGURANCA PUBLICA - OUTROS,0
2026,1,9999,68,1922990199000,OUTRAS RESTITUICOES - PRINC. - DEMAIS,0
2026,1,9999,68,2441990123007,SEGURANCA PUBLICA - CONCESSIONARIA DE RODOVIAS ESTADUAIS,0
2026,1,9999,68,2441990123999,SEGURANCA PUBLICA - OUTROS,0
2026,1,9999,69,1321010101000,REMUNERACAO DEPOSITOS BANCARIOS - PRINC.,0
2026,1,9999,69,1724990108001,AGROPECUARIA -  COMPANHIA DE DESENVOLVIMENTO DE MINAS GERAIS - CODEMGE,0
2026,1,9999,69,1724990123001,SEGURANCA PUBLICA - COMPANHIA DE SANEAMENTO DE MINAS GERAIS - COPASA,0
2026,1,9999,69,1724990123006,SEGURANCA PUBLICA - COMPANHIA ENERGETICA DE MINAS GERAIS - CEMIG,0
2026,1,9999,69,1922990199000,OUTRAS RESTITUICOES - PRINC. - DEMAIS,0
2026,1,9999,69,2422990111001,CULTURA - COMPANHIA DE DESENVOLVIMENTO ECONOMICO DO ESTADO DE MINAS GERAIS - CODEMIG,0
2026,1,9999,69,2422990120002,SEGURANCA PUBLICA - COMPANHIA DE SANEAMENTO DE MINAS GERAIS - COPASA,0
2026,1,9999,70,1321010101000,REMUNERACAO DEPOSITOS BANCARIOS - PRINC.,0
2026,1,9999,70,1732990123001,SEGURANCA PUBLICA - DIVERSOS MUNICIPIOS,0
2026,1,9999,70,1922990199000,OUTRAS RESTITUICOES - PRINC. - DEMAIS,0
2026,1,9999,70,2432990105001,ACOES ESSENCIAIS JUSTICA - DIVERSOS MUNICIPIOS,0
2026,1,9999,70,2432990117001,TRANSPORTE - DIVERSOS MUNICIPIOS,0
2026,1,9999,70,2432990122001,SEGURANCA PUBLICA - DIVERSOS MUNICIPIOS,0
2026,1,9999,71,1114502101000,ADICIONAL ICMS - FEM - PRINC. - COTA PARTE DO ESTADO,60690675.29
2026,1,9999,71,1114502201000,ADICIONAL ICMS - FEM - MJM - COTA PARTE DO ESTADO,348757.67
2026,1,9999,71,1114502301000,ADICIONAL ICMS - FEM - DA - COTA PARTE DO ESTADO,217208.63
2026,1,9999,71,1114502401000,ADICIONAL ICMS - FEM - DA-MJM - COTA PARTE DO ESTADO,158793.79
2026,1,9999,71,1321010101000,REMUNERACAO DEPOSITOS BANCARIOS - PRINC.,3440.66
2026,1,9999,71,1922520101000,RESTITUICAO REMUNERACAO FOLHA PAGAMENTO - PESSOAL ATIVO - PRINC.,0
2026,1,9999,71,1922990199000,OUTRAS RESTITUICOES - PRINC. - DEMAIS,0
2026,1,9999,72,1121040102000,TX. CONTR. FISC. AMBIENT. - PRINC. - TAXA DE FISCALIZACAO DE RECURSOS MINERARIOS,38678198.05
2026,1,9999,72,1121040202000,TX. CONTR. FISC. AMBIENT. - MJM - TAXA DE FISCALIZACAO DE RECURSOS MINERARIOS,48535.33
2026,1,9999,72,1121040302000,TX. CONTR. FISC. AMBIENT. - DA - TAXA DE FISCALIZACAO DE RECURSOS MINERARIOS,15209.17
2026,1,9999,72,1121040402000,TX. CONTR. FISC. AMBIENT. - DA-MJM - TAXA DE FISCALIZACAO DE RECURSOS MINERARIOS,22070.01
2026,1,9999,72,1321010101000,REMUNERACAO DEPOSITOS BANCARIOS - PRINC.,0
2026,1,9999,72,1922011101000,RESTITUICAO CONVENIOS - PRIMARIAS - PRINC.,0
2026,1,9999,72,1922520101000,RESTITUICAO REMUNERACAO FOLHA PAGAMENTO - PESSOAL ATIVO - PRINC.,0
2026,1,9999,72,1922990199000,OUTRAS RESTITUICOES - PRINC. - DEMAIS,0
2026,1,9999,73,1321010101000,REMUNERACAO DEPOSITOS BANCARIOS - PRINC.,0
2026,1,9999,73,1717990115002,TRANSPORTE - SECRETARIA NACIONAL DE AVIACAO CIVIL,0
2026,1,9999,73,1717990120003,SEGURANCA PUBLICA - DEPARTAMENTO DE POLICIA RODOVIARIA FEDERAL - PRF,0
2026,1,9999,73,1922990199000,OUTRAS RESTITUICOES - PRINC. - DEMAIS,0
2026,1,9999,73,2414990120002,SEGURANCA PUBLICA - DEPARTAMENTO DE POLICIA RODOVIARIA FEDERAL - PRF,0
2026,1,9999,74,1321010101000,REMUNERACAO DEPOSITOS BANCARIOS - PRINC.,0
2026,1,9999,74,1922990199000,OUTRAS RESTITUICOES - PRINC. - DEMAIS,0
2026,1,9999,74,2441990107001,ADM. ATIV. FISCAL - EMPRESAS DO SETOR SUCROENERGETICO,0
2026,1,9999,75,7219991110051,REC. INTRA. - DEMAIS CONTRIB. SOC. - PRINC. - CONTRIB. PATRONAL MILITAR APOSENTADORIA - ATIVO,0
2026,1,9999,75,7219991110052,REC. INTRA. - DEMAIS CONTRIB. SOC. - PRINC. - CONTRIB. PATRONAL MILITAR APOSENTADORIA - INATIVO,0
2026,1,9999,79,1911061101000,MULTAS ADM. DANOS AMBIENTAIS - PRINC.,0
2026,1,9999,80,1321010101000,REMUNERACAO DEPOSITOS BANCARIOS - PRINC.,20377508.26
2026,1,9999,80,2999990104000,DEMAIS REC. CAPITAL - PRINC. - ROMPIMENTO DA BARRAGEM DE FUNDAO EM MARIANA - ACORDO JUDICIAL DE REPARACAO INTEGRAL E DEFINITIVA,0
2026,1,9999,82,1911010103001,MULTAS LEGISL. ESPECIFICA - PRINC. - LEGISL. TRANSITO - COTA PARTE DO ESTADO,13337020.28
2026,1,9999,82,1911010103004,MULTAS LEGISL. ESPECIFICA - PRINC. - LEGISL. TRANSITO - COTA PARTE DO FUNDO NACIONAL DE SEGURANCA E EDUCACAO NO TRANSITO - FUNSET - ESTADO,1003553.58
2026,1,9999,82,9911010103004,DEDUCAO REC. - MULTAS LEGISL. ESPECIFICA - PRINC. - LEGISL. TRANSITO - COTA PARTE DO FUNDO NACIONAL DE SEGURANCA E EDUCACAO NO TRANSITO - FUNSET - ESTADO,-1003553.58
2026,1,9999,89,1321010101000,REMUNERACAO DEPOSITOS BANCARIOS - PRINC.,551092.46
2026,1,9999,89,2441520101000,TRANSF. FEF - LC N° 212/2025 - PRINC.,34683178.22
2026,1,9999,94,1121040101000,TX. CONTR. FISC. AMBIENT. - PRINC. - TAXA FLORESTAL,1074811.73
2026,1,9999,95,1321010101000,REMUNERACAO DEPOSITOS BANCARIOS - PRINC.,112958095.16
2026,1,9999,95,1922990199000,OUTRAS RESTITUICOES - PRINC. - DEMAIS,13614.06
2026,1,9999,95,2999990102000,DEMAIS REC. CAPITAL - PRINC. - ROMPIMENTO DA BARRAGEM DA MINA DO CORREGO DO FEIJAO EM BRUMADINHO,556883401.63
2026,1,9999,97,1321010101000,REMUNERACAO DEPOSITOS BANCARIOS - PRINC.,406569.49
2026,1,9999,98,1321010101000,REMUNERACAO DEPOSITOS BANCARIOS - PRINC.,0
2026,1,9999,98,1719570101000,TRANSF. ESPECIAL UNIAO - PRINC. - EMENDAS PARLAMENTARES INDIVIDUAIS,0
2026,1,9999,98,2419510101000,TRANSF. ESPECIAL UNIAO - PRINC. - EMENDAS PARLAMENTARES INDIVIDUAIS,0
2026,2,1011,60,1321010101000,REMUNERACAO DEPOSITOS BANCARIOS - PRINC.,6869042.22
2026,2,1011,60,1361011101000,CESSAO DIR. OPERAC. PAG. - PODERES EXECUTIVO LEGISLATIVO - PRINC. - FOLHA DE PESSOAL,76039.74
2026,2,1011,60,1922990199000,OUTRAS RESTITUICOES - PRINC. - DEMAIS,118685.5
2026,2,1011,60,1999992199000,OUTRAS REC. - PRIMARIAS - PRINC. - DEMAIS,58237.24
2026,2,1021,60,1321010101000,REMUNERACAO DEPOSITOS BANCARIOS - PRINC.,2940046.7
2026,2,1021,60,1922063199000,RESTITUICAO DESPESAS PRIMARIAS EXERCICIOS ANTERIORES - PRINC. - DEMAIS,67960.62
2026,2,1021,60,1922990199000,OUTRAS RESTITUICOES - PRINC. - DEMAIS,152.59
2026,2,1031,60,1321010101000,REMUNERACAO DEPOSITOS BANCARIOS - PRINC.,14902567.22
2026,2,1031,60,1922990199000,OUTRAS RESTITUICOES - PRINC. - DEMAIS,4241.26
2026,2,1031,60,1999992199000,OUTRAS REC. - PRIMARIAS - PRINC. - DEMAIS,467.91
2026,2,1051,60,1321010101000,REMUNERACAO DEPOSITOS BANCARIOS - PRINC.,281997.14
2026,2,1051,60,1611010113000,SERVICOS ADM. COMERC. GER. - PRINC. - FOTOCOPIAS E COPIAS HELIOGRAFICAS,27.8
2026,2,1051,60,1611010199001,SERVICOS ADM. COMERC. GER. - PRINC. - DEMAIS - SERVICOS ADMINISTRATIVOS,0
2026,2,1071,45,1321010101000,REMUNERACAO DEPOSITOS BANCARIOS - PRINC.,1.99
2026,2,1081,9,1321010101000,REMUNERACAO DEPOSITOS BANCARIOS - PRINC.,27301.87
2026,2,1091,47,1321010101000,REMUNERACAO DEPOSITOS BANCARIOS - PRINC.,107371.9
2026,2,1091,60,1311011101000,ALUGUEIS ARRENDAMENTOS - PRINC. - ALUGUEIS,1360.69
2026,2,1091,60,1321010101000,REMUNERACAO DEPOSITOS BANCARIOS - PRINC.,7246768.96
2026,2,1091,60,1922990199000,OUTRAS RESTITUICOES - PRINC. - DEMAIS,136926.83
2026,2,1191,9,1321010101000,REMUNERACAO DEPOSITOS BANCARIOS - PRINC.,260446.03
2026,2,1191,9,2441990134999,ADM. ATIV. FISCAL - OUTROS,17000
2026,2,1191,74,1321010101000,REMUNERACAO DEPOSITOS BANCARIOS - PRINC.,471176.29
2026,2,1191,74,2441990107001,ADM. ATIV. FISCAL - EMPRESAS DO SETOR SUCROENERGETICO,0
2026,2,1221,24,1321010101000,REMUNERACAO DEPOSITOS BANCARIOS - PRINC.,9542.27
2026,2,1221,98,1321010101000,REMUNERACAO DEPOSITOS BANCARIOS - PRINC.,0
2026,2,1231,1,1321010101000,REMUNERACAO DEPOSITOS BANCARIOS - PRINC.,5179.57
2026,2,1231,24,1321010101000,REMUNERACAO DEPOSITOS BANCARIOS - PRINC.,111946.22
2026,2,1231,59,1349010103000,COMPENSACOES AMBIENTAIS - PRINC. - SUPRESSAO DO PEQUI,868540
2026,2,1231,69,1321010101000,REMUNERACAO DEPOSITOS BANCARIOS - PRINC.,8840.84
2026,2,1251,1,2414990120004,SEGURANCA PUBLICA - MINISTERIO DA JUSTICA E SEGURANCA PUBLICA,222737.6
2026,2,1251,2,2414990120004,SEGURANCA PUBLICA - MINISTERIO DA JUSTICA E SEGURANCA PUBLICA,865748.47
2026,2,1251,24,1717990120014,SEGURANCA PUBLICA - INSTITUTO NACIONAL DE ESTUDOS E PESQUISAS EDUCACIONAIS ANISIO TEIXEIRA - INEP,2644.41
2026,2,1251,60,1311012101000,FOROS LAUDEMIOS TARIFAS OCUPACAO - PRINC. - TARIFA DE OCUPACAO DE IMOVEIS,24848.54
2026,2,1251,60,1311020101000,CONC. PERM. AUTOR. CESSAO DIR. USO BENS IMOV. PUB. - PRINC. - CONCESSAO DE DIREITO REAL DE USO DE AREA PUBLICA,151472.85
2026,2,1251,60,1611010199001,SERVICOS ADM. COMERC. GER. - PRINC. - DEMAIS - SERVICOS ADMINISTRATIVOS,4269.49
2026,2,1251,60,1611020101000,INSCRICAO CONCURSOS PROCESSOS SELETIVOS - PRINC.,75440
2026,2,1251,60,1911090199000,MULTAS JUROS PREVISTOS CONTRATOS - PRINC. - DEMAIS,1664.09
2026,2,1251,60,1922990199000,OUTRAS RESTITUICOES - PRINC. - DEMAIS,3125
2026,2,1251,60,1999992199000,OUTRAS REC. - PRIMARIAS - PRINC. - DEMAIS,3704.33
2026,2,1251,70,1321010101000,REMUNERACAO DEPOSITOS BANCARIOS - PRINC.,2393.4
2026,2,1251,70,1732990123001,SEGURANCA PUBLICA - DIVERSOS MUNICIPIOS,205492.34
2026,2,1251,70,2432990122001,SEGURANCA PUBLICA - DIVERSOS MUNICIPIOS,130714.74
2026,2,1261,3,1321010101000,REMUNERACAO DEPOSITOS BANCARIOS - PRINC.,49.77
2026,2,1261,21,1714500101000,TRANSFERENCIAS DO SALARIO-EDUCACAO - PRINC.,78552497.92
2026,2,1261,21,1922990104000,OUTRAS RESTITUICOES - PRINC. - CONTRIB. DO SALARIO-EDUCACAO,506294.78
2026,2,1261,23,1321010101000,REMUNERACAO DEPOSITOS BANCARIOS - PRINC.,7428928.77
2026,2,1261,23,1715530101000,TRANSF. FUNDEB MATRICULAS ETI - PRINC.,0
2026,2,1261,23,1751500101000,TRANSF. RECURSOS FUNDEB - PRINC. - PARCELA FPM,288004361.02
2026,2,1261,23,1751500103001,TRANSF. RECURSOS FUNDEB - PRINC. - PARCELA ICMS - PRINC.,509124406.75
2026,2,1261,23,1751500104001,TRANSF. RECURSOS FUNDEB - PRINC. - PARCELA IPI - PRINC.,7763367.87
2026,2,1261,23,1751500105001,TRANSF. RECURSOS FUNDEB - PRINC. - PARCELA FPE - PRINC.,98011733.04
2026,2,1261,23,1751500106001,TRANSF. RECURSOS FUNDEB - PRINC. - PARCELA ITR - PRINC.,434457.38
2026,2,1261,23,1751500107001,TRANSF. RECURSOS FUNDEB - PRINC. - PARCELA IPVA - PRINC.,381451661.61
2026,2,1261,23,1751500108001,TRANSF. RECURSOS FUNDEB - PRINC. - PARCELA ITCD - PRINC.,11680557.96
2026,2,1261,23,1751500109001,TRANSF. RECURSOS FUNDEB - PRINC. - PARCELA ADICIONAL ICMS - FEM - PRINC.,8098137.84
2026,2,1261,23,1922990199000,OUTRAS RESTITUICOES - PRINC. - DEMAIS,5561220.99
2026,2,1261,24,1321010101000,REMUNERACAO DEPOSITOS BANCARIOS - PRINC.,245.96
2026,2,1261,36,1321010101000,REMUNERACAO DEPOSITOS BANCARIOS - PRINC.,3889569.29
2026,2,1261,36,1714520101000,TRANSF. REF. PNAE - PRINC.,27460070.5
2026,2,1261,36,1922990199000,OUTRAS RESTITUICOES - PRINC. - DEMAIS,14509.08
2026,2,1261,36,2412509102000,EDUCACAO - FNDE - CONSTRUCAO DE QUADRAS POLIESPORTIVAS,647082.27
2026,2,1261,70,1321010101000,REMUNERACAO DEPOSITOS BANCARIOS - PRINC.,1007.45
2026,2,1261,98,1321010101000,REMUNERACAO DEPOSITOS BANCARIOS - PRINC.,20949.62
2026,2,1271,16,1321010101000,REMUNERACAO DEPOSITOS BANCARIOS - PRINC.,4395.89
2026,2,1271,69,1724990112002,CULTURA - COMPANHIA DE DESENVOLVIMENTO DE MINAS GERAIS - CODEMGE,4480000
2026,2,1301,24,1321010101000,REMUNERACAO DEPOSITOS BANCARIOS - PRINC.,581556.55
2026,2,1301,59,1321010101000,REMUNERACAO DEPOSITOS BANCARIOS - PRINC.,330492.23
2026,2,1301,59,1332040101000,DELEG. EXPLORACAO INFRAEST. AEROPORTUARIA - PRINC.,384295.22
2026,2,1301,70,1321010101000,REMUNERACAO DEPOSITOS BANCARIOS - PRINC.,164854.48
2026,2,1301,73,1321010101000,REMUNERACAO DEPOSITOS BANCARIOS - PRINC.,58519.31
2026,2,1301,73,1717990115002,TRANSPORTE - SECRETARIA NACIONAL DE AVIACAO CIVIL,181.76
2026,2,1301,74,1321010101000,REMUNERACAO DEPOSITOS BANCARIOS - PRINC.,168741.01
2026,2,1301,98,1321010101000,REMUNERACAO DEPOSITOS BANCARIOS - PRINC.,11672.67
2026,2,1371,24,1321010101000,REMUNERACAO DEPOSITOS BANCARIOS - PRINC.,74031.81
2026,2,1371,79,1911061101000,MULTAS ADM. DANOS AMBIENTAIS - PRINC.,1260898.18
2026,2,1401,2,1321010101000,REMUNERACAO DEPOSITOS BANCARIOS - PRINC.,30729.51
2026,2,1401,24,1321010101000,REMUNERACAO DEPOSITOS BANCARIOS - PRINC.,8084.85
2026,2,1401,60,1611010111000,SERVICOS ADM. COMERC. GER. - PRINC. - SEGURANCA PUBLICA,107.16
2026,2,1401,60,1611010127000,SERVICOS ADM. COMERC. GER. - PRINC. - RECREATIVOS E CULTURAIS,27556.24
2026,2,1401,60,1911010111000,MULTAS LEGISL. ESPECIFICA - PRINC. - INFRACAO A LEGISLACAO SOBRE PRATICAS DE COMPETENCIA DO CBMMG POR INSTITUICOES CIVIS,5789.9
2026,2,1401,60,1921990199000,OUTRAS INDENIZACOES - PRINC. - DEMAIS,398
2026,2,1401,66,1321010101000,REMUNERACAO DEPOSITOS BANCARIOS - PRINC.,3014.75
2026,2,1401,70,1321010101000,REMUNERACAO DEPOSITOS BANCARIOS - PRINC.,9877.1
2026,2,1401,70,1732990123001,SEGURANCA PUBLICA - DIVERSOS MUNICIPIOS,30000
2026,2,1441,60,1321010101000,REMUNERACAO DEPOSITOS BANCARIOS - PRINC.,0
2026,2,1441,60,1922990199000,OUTRAS RESTITUICOES - PRINC. - DEMAIS,101765.59
2026,2,1451,1,1321010101000,REMUNERACAO DEPOSITOS BANCARIOS - PRINC.,1758.46
2026,2,1451,9,1321010101000,REMUNERACAO DEPOSITOS BANCARIOS - PRINC.,664.55
2026,2,1451,60,1922990199000,OUTRAS RESTITUICOES - PRINC. - DEMAIS,2331.51
2026,2,1451,60,1923990101000,OUTROS RESSARCIMENTOS - PRINC. - RETENCAO SOBRE PAGAMENTO FOLHA DE SENTENCIADO,858646.38
2026,2,1451,70,1321010101000,REMUNERACAO DEPOSITOS BANCARIOS - PRINC.,361.27
2026,2,1451,98,1321010101000,REMUNERACAO DEPOSITOS BANCARIOS - PRINC.,9985.27
2026,2,1481,24,1321010101000,REMUNERACAO DEPOSITOS BANCARIOS - PRINC.,3535.27
2026,2,1481,38,1719990115001,DESPORTO LAZER - MINISTERIO DO ESPORTE,1718714.62
2026,2,1481,59,1741990140999,DESPORTO LAZER - OUTROS,272424.48
2026,2,1481,98,1321010101000,REMUNERACAO DEPOSITOS BANCARIOS - PRINC.,8005.75
2026,2,1511,1,1321010101000,REMUNERACAO DEPOSITOS BANCARIOS - PRINC.,9320.91
2026,2,1511,1,2414990120004,SEGURANCA PUBLICA - MINISTERIO DA JUSTICA E SEGURANCA PUBLICA,350867.85
2026,2,1511,2,1321010101000,REMUNERACAO DEPOSITOS BANCARIOS - PRINC.,102586.14
2026,2,1511,2,2414990120004,SEGURANCA PUBLICA - MINISTERIO DA JUSTICA E SEGURANCA PUBLICA,1413305.51
2026,2,1511,9,1321010101000,REMUNERACAO DEPOSITOS BANCARIOS - PRINC.,28090.03
2026,2,1511,24,1321010101000,REMUNERACAO DEPOSITOS BANCARIOS - PRINC.,15421.04
2026,2,1511,70,1321010101000,REMUNERACAO DEPOSITOS BANCARIOS - PRINC.,11980.48
2026,2,1511,74,1321010101000,REMUNERACAO DEPOSITOS BANCARIOS - PRINC.,1574.83
2026,2,1511,98,1321010101000,REMUNERACAO DEPOSITOS BANCARIOS - PRINC.,153544.75
2026,2,1711,69,1321010101000,REMUNERACAO DEPOSITOS BANCARIOS - PRINC.,858.48
2026,2,1911,15,1321010101000,REMUNERACAO DEPOSITOS BANCARIOS - PRINC.,0
2026,2,1911,15,1999992199000,OUTRAS REC. - PRIMARIAS - PRINC. - DEMAIS,0
2026,2,1911,20,1112510102000,IPVA - PRINC. - COTA PARTE DOS MUNICIPIOS,0
2026,2,1911,20,1112510202000,IPVA - MJM - COTA PARTE DOS MUNICIPIOS,0
2026,2,1911,20,1112510302000,IPVA - DA - COTA PARTE DOS MUNICIPIOS,0
2026,2,1911,20,1114501102000,ICMS - PRINC. - COTA PARTE DOS MUNICIPIOS,0
2026,2,1911,20,1114501202000,ICMS - MJM - COTA PARTE DOS MUNICIPIOS,0
2026,2,1911,20,1114501302000,ICMS - DA - COTA PARTE DOS MUNICIPIOS,0
2026,2,1911,20,9112510102000,DEDUCAO REC. - IPVA - PRINC. - COTA PARTE DOS MUNICIPIOS,0
2026,2,1911,20,9112510202000,DEDUCAO REC. - IPVA - MJM - COTA PARTE DOS MUNICIPIOS,0
2026,2,1911,20,9112510302000,DEDUCAO REC. - IPVA - DA - COTA PARTE DOS MUNICIPIOS,0
2026,2,1911,20,9114501102000,DEDUCAO REC. - ICMS - PRINC. - COTA PARTE DOS MUNICIPIOS,0
2026,2,1911,20,9114501202000,DEDUCAO REC. - ICMS - MJM - COTA PARTE DOS MUNICIPIOS,0
2026,2,1911,20,9114501302000,DEDUCAO REC. - ICMS - DA - COTA PARTE DOS MUNICIPIOS,0
2026,2,1911,23,1112510103000,IPVA - PRINC. - COTA PARTE DO ESTADO PARA O FUNDEB,0
2026,2,1911,23,1112510203000,IPVA - MJM - COTA PARTE DO ESTADO PARA O FUNDEB,0
2026,2,1911,23,1112510303000,IPVA - DA - COTA PARTE DO ESTADO PARA O FUNDEB,0
2026,2,1911,23,1112520102000,ITCD - PRINC. - COTA PARTE DO FUNDEB,0
2026,2,1911,23,1112520202000,ITCD - MJM - COTA PARTE DO FUNDEB,0
2026,2,1911,23,1112520302000,ITCD - DA - COTA PARTE DO FUNDEB,0
2026,2,1911,23,1114501103000,ICMS - PRINC. - COTA PARTE DO ESTADO PARA O FUNDEB,0
2026,2,1911,23,1114501203000,ICMS - MJM - COTA PARTE DO ESTADO PARA O FUNDEB,0
2026,2,1911,23,1114501303000,ICMS - DA - COTA PARTE DO ESTADO PARA O FUNDEB,0
2026,2,1911,23,1114502102000,ADICIONAL ICMS - FEM - PRINC. - COTA PARTE DO FUNDEB,0
2026,2,1911,23,1114502202000,ADICIONAL ICMS - FEM - MJM - COTA PARTE DO FUNDEB,0
2026,2,1911,23,1114502302000,ADICIONAL ICMS - FEM - DA - COTA PARTE DO FUNDEB,0
2026,2,1911,23,1114502402000,ADICIONAL ICMS - FEM - DA-MJM - COTA PARTE DO FUNDEB,0
2026,2,1911,23,9112510103000,DEDUCAO REC. - IPVA - PRINC. - COTA PARTE DO ESTADO PARA O FUNDEB,0
2026,2,1911,23,9112510203000,DEDUCAO REC. - IPVA - MJM - COTA PARTE DO ESTADO PARA O FUNDEB,0
2026,2,1911,23,9112510303000,DEDUCAO REC. - IPVA - DA - COTA PARTE DO ESTADO PARA O FUNDEB,0
2026,2,1911,23,9112520102000,DEDUCAO REC. - ITCD - PRINC. - COTA PARTE DO ESTADO PARA O FUNDEB,0
2026,2,1911,23,9112520202000,DEDUCAO REC. - ITCD - MJM - COTA PARTE DO ESTADO PARA O FUNDEB,0
2026,2,1911,23,9112520302000,DEDUCAO REC. - ITCD - DA - COTA PARTE DO ESTADO PARA O FUNDEB,0
2026,2,1911,23,9114501103000,DEDUCAO REC. - ICMS - PRINC. - COTA PARTE DO ESTADO PARA O FUNDEB,0
2026,2,1911,23,9114501203000,DEDUCAO REC. - ICMS - MJM - COTA PARTE DO ESTADO PARA O FUNDEB,0
2026,2,1911,23,9114501303000,DEDUCAO REC. - ICMS - DA - COTA PARTE DO ESTADO PARA O FUNDEB,0
2026,2,1911,23,9114502102000,DEDUCAO REC. - ADICIONAL ICMS - FEM - PRINC. - COTA PARTE DO FUNDEB,0
2026,2,1911,23,9114502202000,DEDUCAO REC. - ADICIONAL ICMS - FEM - MJM - COTA PARTE DO FUNDEB,0
2026,2,1911,23,9114502302000,DEDUCAO REC. - ADICIONAL ICMS - FEM - DA - COTA PARTE DO FUNDEB,0
2026,2,1911,23,9114502402000,DEDUCAO REC. - ADICIONAL ICMS - FEM - DA-MJM - COTA PARTE DO FUNDEB,0
2026,2,1911,25,1321010101000,REMUNERACAO DEPOSITOS BANCARIOS - PRINC.,0
2026,2,2011,49,1219991101008,DEMAIS CONTRIB. SOC. - PRINC. - CONTRIB. PATRON. CIVIL SAUDE - MUNICIPIOS,14151.24
2026,2,2011,49,1922990199000,OUTRAS RESTITUICOES - PRINC. - DEMAIS,67.58
2026,2,2011,49,7219991101001,REC. INTRA. - DEMAIS CONTRIB. SOC. - PRINC. - CONTRIB. PATRON. CIVIL SAUDE - SERVIDOR ATIVO,12574368.46
2026,2,2011,49,7219991101002,REC. INTRA. - DEMAIS CONTRIB. SOC. - PRINC. - CONTRIB. PATRON. CIVIL SAUDE - SERVIDOR INATIVO,12968302
2026,2,2011,49,7219991101003,REC. INTRA. - DEMAIS CONTRIB. SOC. - PRINC. - CONTRIB. PATRON. CIVIL SAUDE - PENSIONISTA,2303304.56
2026,2,2011,49,7219991101004,REC. INTRA. - DEMAIS CONTRIB. SOC. - PRINC. - CONTRIB. PATRON. CIVIL SAUDE - CONTRATO ADMINISTRATIVO,1106317.73
2026,2,2011,49,7219991101005,REC. INTRA. - DEMAIS CONTRIB. SOC. - PRINC. - CONTRIB. PATRON. CIVIL SAUDE - ESTADO - DEPENDENTES,9121364.14
2026,2,2011,49,7219991101006,REC. INTRA. - DEMAIS CONTRIB. SOC. - PRINC. - CONTRIB. PATRON. CIVIL SAUDE - ESTADO - DEPENDENTES - FILHOS,5643880.89
2026,2,2011,49,7219991101007,REC. INTRA. - DEMAIS CONTRIB. SOC. - PRINC. - CONTRIB. PATRON. CIVIL SAUDE - USUARIO FACULTATIVO,193.83
2026,2,2011,50,1219991102001,DEMAIS CONTRIB. SOC. - PRINC. - CONTRIB. CIVIL SAUDE - ATIVO,24106965.21
2026,2,2011,50,1219991102002,DEMAIS CONTRIB. SOC. - PRINC. - CONTRIB. CIVIL SAUDE - INATIVO,33737790.38
2026,2,2011,50,1219991102003,DEMAIS CONTRIB. SOC. - PRINC. - CONTRIB. CIVIL SAUDE - PENSIONISTA,5363469.96
2026,2,2011,50,1219991102004,DEMAIS CONTRIB. SOC. - PRINC. - CONTRIB. CIVIL SAUDE - CONTRATO ADMINISTRATIVO,2319337.47
2026,2,2011,50,1219991102005,DEMAIS CONTRIB. SOC. - PRINC. - CONTRIB. CIVIL SAUDE - ESTADO - DEPENDENTES,20784389.33
2026,2,2011,50,1219991102006,DEMAIS CONTRIB. SOC. - PRINC. - CONTRIB. CIVIL SAUDE - ESTADO - DEPENDENTES - FILHOS,11131577.25
2026,2,2011,50,1219991102007,DEMAIS CONTRIB. SOC. - PRINC. - CONTRIB. CIVIL SAUDE - USUARIO FACULTATIVO,30672.81
2026,2,2011,50,1219991102008,DEMAIS CONTRIB. SOC. - PRINC. - CONTRIB. CIVIL SAUDE - MUNICIPIOS,32132.68
2026,2,2011,50,1219991102009,DEMAIS CONTRIB. SOC. - PRINC. - CONTRIB. CIVIL SAUDE - DEMAIS - SERVIDOR,279703.94
2026,2,2011,50,1219991102010,DEMAIS CONTRIB. SOC. - PRINC. - CONTRIB. CIVIL SAUDE - DEMAIS - DEPENDENTES,104518.53
2026,2,2011,50,1219991102011,DEMAIS CONTRIB. SOC. - PRINC. - CONTRIB. CIVIL SAUDE - DEMAIS - DEPENDENTES - FILHOS,73812.76
2026,2,2011,50,1922520101000,RESTITUICAO REMUNERACAO FOLHA PAGAMENTO - PESSOAL ATIVO - PRINC.,0
2026,2,2011,60,1219991399000,DEMAIS CONTRIB. SOC. - DA - DEMAIS,110410.63
2026,2,2011,60,1219991499000,DEMAIS CONTRIB. SOC. - DA-MJM - DEMAIS,301148.6
2026,2,2011,60,1311020199000,CONC. PERM. AUTOR. CESSAO DIR. USO BENS IMOV. PUB. - PRINC. - DEMAIS,81881.5
2026,2,2011,60,1321010101000,REMUNERACAO DEPOSITOS BANCARIOS - PRINC.,3789879.29
2026,2,2011,60,1611010120000,SERVICOS ADM. COMERC. GER. - PRINC. - ADMINISTRACAO DE FUNDO DE PECULIO,203066.23
2026,2,2011,60,1611010199001,SERVICOS ADM. COMERC. GER. - PRINC. - DEMAIS - SERVICOS ADMINISTRATIVOS,40
2026,2,2011,60,1911090199000,MULTAS JUROS PREVISTOS CONTRATOS - PRINC. - DEMAIS,3291.92
2026,2,2011,60,1922063199000,RESTITUICAO DESPESAS PRIMARIAS EXERCICIOS ANTERIORES - PRINC. - DEMAIS,65165
2026,2,2011,60,1922990199000,OUTRAS RESTITUICOES - PRINC. - DEMAIS,95207.92
2026,2,2011,60,1999992199000,OUTRAS REC. - PRIMARIAS - PRINC. - DEMAIS,12866.62
2026,2,2011,61,1631990105001,OUTROS SERV. ATEND. SAUDE - PRINC. - COPARTICIP. SEGURADOS - SERVICOS HOSPITALARES,5774355.87
2026,2,2011,61,1631990105002,OUTROS SERV. ATEND. SAUDE - PRINC. - COPARTICIP. SEGURADOS - SERVICOS ODONTOLOGICOS,785156.12
2026,2,2041,60,1321010101000,REMUNERACAO DEPOSITOS BANCARIOS - PRINC.,31541.38
2026,2,2041,60,1922520101000,RESTITUICAO REMUNERACAO FOLHA PAGAMENTO - PESSOAL ATIVO - PRINC.,0
2026,2,2041,60,1922990199000,OUTRAS RESTITUICOES - PRINC. - DEMAIS,825.3
2026,2,2041,60,1999992102000,OUTRAS REC. - PRIMARIAS - PRINC. - RENDAS DE LOTERIA INSTANTANEA,1303177.06
2026,2,2041,60,1999992103000,OUTRAS REC. - PRIMARIAS - PRINC. - RENDAS DE LOTERIA ONLINE,924371.17
2026,2,2041,60,1999992116000,OUTRAS REC. - PRIMARIAS - PRINC. - RENDAS DE LOTERIA CONVENCIONAL,10985
2026,2,2061,24,1321010101000,REMUNERACAO DEPOSITOS BANCARIOS - PRINC.,2882.91
2026,2,2061,24,1717990113002,HABITACAO - MINISTERIO DAS CIDADES,310375.9
2026,2,2061,45,7611010124000,REC. INTRA. - SERVICOS ADM. COMERC. GER. - PRINC. - EDUCACIONAIS E CAPACITACAO,0
2026,2,2061,60,1311011101000,ALUGUEIS ARRENDAMENTOS - PRINC. - ALUGUEIS,3812.4
2026,2,2061,60,1611010124000,SERVICOS ADM. COMERC. GER. - PRINC. - EDUCACIONAIS E CAPACITACAO,10036.81
2026,2,2061,60,1611010130000,SERVICOS ADM. COMERC. GER. - PRINC. - ESTUDOS E PESQUISA,120989.84
2026,2,2061,60,1611010199001,SERVICOS ADM. COMERC. GER. - PRINC. - DEMAIS - SERVICOS ADMINISTRATIVOS,7.8
2026,2,2061,60,1611030104000,SERVICOS REG. CERTIF. FISCALIZ. - PRINC. - EXPEDICAO DE CERTIFICADOS,76817.08
2026,2,2061,60,1922990199000,OUTRAS RESTITUICOES - PRINC. - DEMAIS,3112.44
2026,2,2061,60,7611010124000,REC. INTRA. - SERVICOS ADM. COMERC. GER. - PRINC. - EDUCACIONAIS E CAPACITACAO,204385.61
2026,2,2071,24,1321010101000,REMUNERACAO DEPOSITOS BANCARIOS - PRINC.,2242.77
2026,2,2071,24,1717990106002,CIENCIA TECNOLOGIA - CONSELHO NACIONAL DE DESENVOLVIMENTO CIENTIFICO E TECNOLOGICO - CNPQ,0
2026,2,2071,24,1922990199000,OUTRAS RESTITUICOES - PRINC. - DEMAIS,1561.15
2026,2,2071,24,2414990108002,CIENCIA TECNOLOGIA - CONSELHO NACIONAL DE DESENVOLVIMENTO CIENTIFICO E TECNOLOGICO - CNPQ,0
2026,2,2071,60,1321010101000,REMUNERACAO DEPOSITOS BANCARIOS - PRINC.,3168.3
2026,2,2071,60,1922011101000,RESTITUICAO CONVENIOS - PRIMARIAS - PRINC.,2622047.7
2026,2,2071,68,1321010101000,REMUNERACAO DEPOSITOS BANCARIOS - PRINC.,198816.58
2026,2,2071,69,1321010101000,REMUNERACAO DEPOSITOS BANCARIOS - PRINC.,250683.4
2026,2,2091,52,1121040103000,TX. CONTR. FISC. AMBIENT. - PRINC. - TAXA DE CONTROLE E FISCALIZACAO AMBIENTAL,226387.4
2026,2,2091,52,1121040203000,TX. CONTR. FISC. AMBIENT. - MJM - TAXA DE CONTROLE E FISCALIZACAO AMBIENTAL,112689.08
2026,2,2091,59,1921990101000,OUTRAS INDENIZACOES - PRINC. - IMPACTOS E DANOS AMBIENTAIS,248433.62
2026,2,2091,60,1699990301000,OUTROS SERVICOS - DA,522208.27
2026,2,2091,60,1911061101000,MULTAS ADM. DANOS AMBIENTAIS - PRINC.,516883.92
2026,2,2091,60,1922990199000,OUTRAS RESTITUICOES - PRINC. - DEMAIS,7005.1
2026,2,2091,79,1911061101000,MULTAS ADM. DANOS AMBIENTAIS - PRINC.,116247.81
2026,2,2091,91,1121040104000,TX. CONTR. FISC. AMBIENT. - PRINC. - TAXA DE REGULARIZACAO AMBIENTAL,6070.01
2026,2,2091,91,1121040109000,"TX. CONTR. FISC. AMBIENT. - PRINC. - TAXA DE REPROGRAFIA, CERTIDOES E JULGAMENTO DE CONTENCIOSO",91986.73
2026,2,2091,91,1122010101011,TX. PREST. SERV. G. - PRINC. - TX. EXP. - ATOS DE AUTORIDADE ADMINISTRATIVA DO SISTEMA ESTADUAL DE MEIO AMBIENTE E RECURSOS HIDRICOS - SISEMA,877479.11
2026,2,2101,26,1121040101000,TX. CONTR. FISC. AMBIENT. - PRINC. - TAXA FLORESTAL,6436380.93
2026,2,2101,52,1121040103000,TX. CONTR. FISC. AMBIENT. - PRINC. - TAXA DE CONTROLE E FISCALIZACAO AMBIENTAL,21245.18
2026,2,2101,60,1611010116000,SERVICOS ADM. COMERC. GER. - PRINC. - MEIO AMBIENTE,741.11
2026,2,2101,60,1611010121000,SERVICOS ADM. COMERC. GER. - PRINC. - GESTAO DE CRIADORES DE PASSEIFORMES SILVESTRES,149259.65
2026,2,2101,60,1911061101000,MULTAS ADM. DANOS AMBIENTAIS - PRINC.,534294.96
2026,2,2101,60,1922990199000,OUTRAS RESTITUICOES - PRINC. - DEMAIS,2245.44
2026,2,2101,60,1999992199000,OUTRAS REC. - PRIMARIAS - PRINC. - DEMAIS,188770.24
2026,2,2101,61,1349010101000,COMPENSACOES AMBIENTAIS - PRINC. - REPOSICAO FLORESTAL,3272227.29
2026,2,2101,61,1349010102000,COMPENSACOES AMBIENTAIS - PRINC. - REPOSICAO DA PESCA,484.67
2026,2,2101,61,1349010199000,COMPENSACOES AMBIENTAIS - PRINC. - DEMAIS,474023.16
2026,2,2101,61,1611010118000,SERVICOS ADM. COMERC. GER. - PRINC. - VISITACAO DAS UNIDADES DE CONSERVACAO DA NATUREZA,29509.68
2026,2,2101,79,1911061101000,MULTAS ADM. DANOS AMBIENTAIS - PRINC.,115669.82
2026,2,2101,91,1121040105000,TX. CONTR. FISC. AMBIENT. - PRINC. - TAXA DA LEI DA PESCA,82542.81
2026,2,2101,91,1121040106000,TX. CONTR. FISC. AMBIENT. - PRINC. - TAXA DE LIBERACAO E MANEJO DA FAUNA E FLORA,31349.16
2026,2,2101,91,1121040107000,TX. CONTR. FISC. AMBIENT. - PRINC. - TAXA DA LEI DE POLITICA FLORESTAL,628609.43
2026,2,2101,91,1121040109000,"TX. CONTR. FISC. AMBIENT. - PRINC. - TAXA DE REPROGRAFIA, CERTIDOES E JULGAMENTO DE CONTENCIOSO",16394.05
2026,2,2121,49,1219991103052,DEMAIS CONTRIB. SOC. - PRINC. - IPSM - CONTRIB. PATRONAL - INATIVO CIVIL,430533.66
2026,2,2121,49,1922520101000,RESTITUICAO REMUNERACAO FOLHA PAGAMENTO - PESSOAL ATIVO - PRINC.,0
2026,2,2121,49,7219991103053,REC. INTRA. - DEMAIS CONTRIB. SOC. - PRINC. - IPSM - CONTRIB. PATRONAL MILITAR PARA A SAUDE - ATIVO,23071980.81
2026,2,2121,49,7219991103054,REC. INTRA. - DEMAIS CONTRIB. SOC. - PRINC. - IPSM - CONTRIB. PATRONAL MILITAR PARA A SAUDE - INATIVO,31514041.21
2026,2,2121,49,7219991103055,REC. INTRA. - DEMAIS CONTRIB. SOC. - PRINC. - IPSM - CONTRIB. PATRONAL MILITAR PARA A PREVIDENCIA - ATIVO,51353763.74
2026,2,2121,49,7219991103056,REC. INTRA. - DEMAIS CONTRIB. SOC. - PRINC. - IPSM - CONTRIB. PATRONAL MILITAR PARA A PREVIDENCIA - INATIVO,70144156.19
2026,2,2121,50,1219991103002,DEMAIS CONTRIB. SOC. - PRINC. - IPSM - CONTRIB. DO SERVIDOR CIVIL - INATIVO,214958.05
2026,2,2121,50,1219991103003,DEMAIS CONTRIB. SOC. - PRINC. - IPSM - CONTRIB. MILITAR PARA A SAUDE - ATIVO,10097699.14
2026,2,2121,50,1219991103004,DEMAIS CONTRIB. SOC. - PRINC. - IPSM - CONTRIB. MILITAR PARA A SAUDE - INATIVO,15501387.12
2026,2,2121,50,1219991103005,DEMAIS CONTRIB. SOC. - PRINC. - IPSM - CONTRIB. MILITAR PARA A PREVIDENCIA  - ATIVO,22475523.91
2026,2,2121,50,1219991103006,DEMAIS CONTRIB. SOC. - PRINC. - IPSM - CONTRIB. MILITAR PARA A PREVIDENCIA  - INATIVO,34670861.67
2026,2,2121,50,1219991103007,DEMAIS CONTRIB. SOC. - PRINC. - IPSM - CONTRIB. MILITAR PARA A PREVIDENCIA  - PENSIONISTA,1409366.36
2026,2,2121,50,1922990199000,OUTRAS RESTITUICOES - PRINC. - DEMAIS,4754.23
2026,2,2121,60,1311011101000,ALUGUEIS ARRENDAMENTOS - PRINC. - ALUGUEIS,320675.54
2026,2,2121,60,1311011201000,ALUGUEIS ARRENDAMENTOS - MJM - ALUGUEIS,147.36
2026,2,2121,60,1329990102000,OUTROS VALORES MOBILIARIOS - PRINC. - FUNDOS DE INVESTIMENTO,4537249.21
2026,2,2121,60,1611010199001,SERVICOS ADM. COMERC. GER. - PRINC. - DEMAIS - SERVICOS ADMINISTRATIVOS,1610
2026,2,2121,60,1631990105001,OUTROS SERV. ATEND. SAUDE - PRINC. - COPARTICIP. SEGURADOS - SERVICOS HOSPITALARES,10606413.76
2026,2,2121,60,1631990105002,OUTROS SERV. ATEND. SAUDE - PRINC. - COPARTICIP. SEGURADOS - SERVICOS ODONTOLOGICOS,1300738.55
2026,2,2121,60,1699990101000,OUTROS SERVICOS - PRINC.,818.36
2026,2,2121,60,1922990199000,OUTRAS RESTITUICOES - PRINC. - DEMAIS,3925.85
2026,2,2121,60,1999992199000,OUTRAS REC. - PRIMARIAS - PRINC. - DEMAIS,478226.71
2026,2,2151,60,1611010199001,SERVICOS ADM. COMERC. GER. - PRINC. - DEMAIS - SERVICOS ADMINISTRATIVOS,9306
2026,2,2171,60,1699990101000,OUTROS SERVICOS - PRINC.,0
2026,2,2181,60,1311011101000,ALUGUEIS ARRENDAMENTOS - PRINC. - ALUGUEIS,16495.87
2026,2,2181,60,1311020199000,CONC. PERM. AUTOR. CESSAO DIR. USO BENS IMOV. PUB. - PRINC. - DEMAIS,586956.7
2026,2,2181,60,1611010127000,SERVICOS ADM. COMERC. GER. - PRINC. - RECREATIVOS E CULTURAIS,353240
2026,2,2181,60,1921990199000,OUTRAS INDENIZACOES - PRINC. - DEMAIS,11027.57
2026,2,2201,1,1321010101000,REMUNERACAO DEPOSITOS BANCARIOS - PRINC.,0
2026,2,2201,9,1321010101000,REMUNERACAO DEPOSITOS BANCARIOS - PRINC.,2253.99
2026,2,2201,9,1741990139999,CULTURA - OUTROS,0
2026,2,2201,24,1321010101000,REMUNERACAO DEPOSITOS BANCARIOS - PRINC.,2193.36
2026,2,2201,45,1321010101000,REMUNERACAO DEPOSITOS BANCARIOS - PRINC.,65968.61
2026,2,2201,60,1699990101000,OUTROS SERVICOS - PRINC.,94.95
2026,2,2241,24,1321010101000,REMUNERACAO DEPOSITOS BANCARIOS - PRINC.,10116.67
2026,2,2241,60,1321010101000,REMUNERACAO DEPOSITOS BANCARIOS - PRINC.,1371.23
2026,2,2241,60,1699990301000,OUTROS SERVICOS - DA,14215.85
2026,2,2241,60,1911061101000,MULTAS ADM. DANOS AMBIENTAIS - PRINC.,40530.01
2026,2,2241,61,1345010101000,OUTORGA DIR. USO RECURSOS HIDRICOS - PRINC.,1394868.23
2026,2,2241,61,1345010301000,OUTORGA DIR. USO RECURSOS HIDRICOS - DA,30323.07
2026,2,2241,73,1321010101000,REMUNERACAO DEPOSITOS BANCARIOS - PRINC.,36485.65
2026,2,2241,79,1911061101000,MULTAS ADM. DANOS AMBIENTAIS - PRINC.,3402.99
2026,2,2241,91,1121040104000,TX. CONTR. FISC. AMBIENT. - PRINC. - TAXA DE REGULARIZACAO AMBIENTAL,724603.75
2026,2,2241,91,1121040109000,"TX. CONTR. FISC. AMBIENT. - PRINC. - TAXA DE REPROGRAFIA, CERTIDOES E JULGAMENTO DE CONTENCIOSO",915.96
2026,2,2251,60,1611030106000,SERVICOS REG. CERTIF. FISCALIZ. - PRINC. - REGISTRO DO COMERCIO,9749075.8
2026,2,2251,60,1922990199000,OUTRAS RESTITUICOES - PRINC. - DEMAIS,97.82
2026,2,2261,10,1922990101000,OUTRAS RESTITUICOES - PRINC. - RECURSOS ORIGINARIOS DO FUNDO ESTADUAL DE SAUDE - FES,68414.93
2026,2,2261,10,1923500101000,RESSARCIMENTO PAGAMENTO PESSOAL CEDIDO - PRINC.,29130.47
2026,2,2261,24,1321010101000,REMUNERACAO DEPOSITOS BANCARIOS - PRINC.,2762.91
2026,2,2261,60,1311011101000,ALUGUEIS ARRENDAMENTOS - PRINC. - ALUGUEIS,1663.12
2026,2,2261,60,1511010101003,REC. INDUSTRIAL - PRINC. - INDUSTRIA TRANSFORMACAO - INDUSTRIA DE PRODUTOS FARMACEUTICOS E VETERINARIOS,59455404.5
2026,2,2261,60,1631520101000,SERVICOS RADIOLOGICOS LABORATORIAIS - PRINC.,285.92
2026,2,2261,60,1922990199000,OUTRAS RESTITUICOES - PRINC. - DEMAIS,116.14
2026,2,2261,60,7631520101000,REC. INTRA. - SERVICOS RADIOLOGICOS LABORATORIAIS - PRINC.,179797.65
2026,2,2271,10,1922990101000,OUTRAS RESTITUICOES - PRINC. - RECURSOS ORIGINARIOS DO FUNDO ESTADUAL DE SAUDE - FES,887849.74
2026,2,2271,45,1321010101000,REMUNERACAO DEPOSITOS BANCARIOS - PRINC.,392.76
2026,2,2271,60,1311011101000,ALUGUEIS ARRENDAMENTOS - PRINC. - ALUGUEIS,6470.19
2026,2,2271,60,1631500101000,SERVICOS HOSPITALARES - PRINC.,33699517.2
2026,2,2271,60,1911090199000,MULTAS JUROS PREVISTOS CONTRATOS - PRINC. - DEMAIS,0
2026,2,2271,60,1922990199000,OUTRAS RESTITUICOES - PRINC. - DEMAIS,12795.37
2026,2,2271,68,1321010101000,REMUNERACAO DEPOSITOS BANCARIOS - PRINC.,29754.84
2026,2,2271,70,1321010101000,REMUNERACAO DEPOSITOS BANCARIOS - PRINC.,80245.41
2026,2,2271,70,1732500101000,SUS-SAUDE - DIVERSOS MUNICIPIOS,125000
2026,2,2281,36,1321010101000,REMUNERACAO DEPOSITOS BANCARIOS - PRINC.,50382.13
2026,2,2301,51,1321010101000,REMUNERACAO DEPOSITOS BANCARIOS - PRINC.,210394.02
2026,2,2301,60,1911010199000,MULTAS LEGISL. ESPECIFICA - PRINC. - DEMAIS,0
2026,2,2301,60,1922990199000,OUTRAS RESTITUICOES - PRINC. - DEMAIS,2296.12
2026,2,2301,60,1999992199000,OUTRAS REC. - PRIMARIAS - PRINC. - DEMAIS,659957.58
2026,2,2301,60,1999992299000,OUTRAS REC. - PRIMARIAS - MJM - DEMAIS,270948.39
2026,2,2301,68,1321010101000,REMUNERACAO DEPOSITOS BANCARIOS - PRINC.,116751.54
2026,2,2301,69,1321010101000,REMUNERACAO DEPOSITOS BANCARIOS - PRINC.,1289.64
2026,2,2301,70,1321010101000,REMUNERACAO DEPOSITOS BANCARIOS - PRINC.,70760.04
2026,2,2301,74,1321010101000,REMUNERACAO DEPOSITOS BANCARIOS - PRINC.,438253.14
2026,2,2301,91,1122010101001,TX. PREST. SERV. G. - PRINC. - TX. EXP. - DEPARTAMENTO DE EDIFICACOES E ESTRADAS DE RODAGEM DO ESTADO DE MINAS GERAIS - DERMG,8280.68
2026,2,2301,91,1122010104000,TX. PREST. SERV. G. - PRINC. - TAXA DE GERENCIAMENTO DO SISTEMA TRANSPORTE RODOVIARIO INTERMUNICIPAL - DEPARTAMENTO DE EDIFICACOES E ESTRADAS DE RODAGEM DO ESTADO DE MINAS GERAIS - DERMG,4532.82
2026,2,2301,91,1122010301006,TX. PREST. SERV. G. - DA - TX. EXP. - TRANSPORTE COLETIVO INTERMUNICIPAL - NOTIFICACAO,864.38
2026,2,2301,91,1122010401006,TX. PREST. SERV. G. - DA-MJM - TX. EXP. - TRANSPORTE COLETIVO INTERMUNICIPAL - NOTIFICACAO,2560.8
2026,2,2311,1,1321010101000,REMUNERACAO DEPOSITOS BANCARIOS - PRINC.,276.35
2026,2,2311,24,1321010101000,REMUNERACAO DEPOSITOS BANCARIOS - PRINC.,18622.55
2026,2,2311,36,1321010101000,REMUNERACAO DEPOSITOS BANCARIOS - PRINC.,18473.07
2026,2,2311,60,1311011101000,ALUGUEIS ARRENDAMENTOS - PRINC. - ALUGUEIS,2565.41
2026,2,2311,60,1321010101000,REMUNERACAO DEPOSITOS BANCARIOS - PRINC.,73.17
2026,2,2311,60,1611010124000,SERVICOS ADM. COMERC. GER. - PRINC. - EDUCACIONAIS E CAPACITACAO,385
2026,2,2311,60,1611020101000,INSCRICAO CONCURSOS PROCESSOS SELETIVOS - PRINC.,0
2026,2,2311,60,1631500101000,SERVICOS HOSPITALARES - PRINC.,1073278.85
2026,2,2311,70,1321010101000,REMUNERACAO DEPOSITOS BANCARIOS - PRINC.,147616.38
2026,2,2321,1,1321010101000,REMUNERACAO DEPOSITOS BANCARIOS - PRINC.,10.4
2026,2,2321,10,1922990101000,OUTRAS RESTITUICOES - PRINC. - RECURSOS ORIGINARIOS DO FUNDO ESTADUAL DE SAUDE - FES,70086.86
2026,2,2321,24,1321010101000,REMUNERACAO DEPOSITOS BANCARIOS - PRINC.,249.73
2026,2,2321,60,1631500101000,SERVICOS HOSPITALARES - PRINC.,68842.4
2026,2,2321,60,1631530101000,SERVICOS AMBULATORIAIS - PRINC.,153618.96
2026,2,2321,60,1631990102000,"OUTROS SERV. ATEND. SAUDE - PRINC. - SERVICOS DE COLETA, PROCESSAMENTO E ARMAZENAMENTO DE CELULAS E TECIDOS BIOLOGICOS",83534.92
2026,2,2321,60,1631990104000,OUTROS SERV. ATEND. SAUDE - PRINC. - SERVICOS DE SAUDE PRESTADOS A PARTICULARES,893507.05
2026,2,2321,60,1631990202000,"OUTROS SERV. ATEND. SAUDE - MJM - SERVICOS DE COLETA, PROCESSAMENTO E ARMAZENAMENTO DE CELULAS E TECIDOS BIOLOGICOS",0
2026,2,2321,60,1631990204000,OUTROS SERV. ATEND. SAUDE - MJM - SERVICOS DE SAUDE PRESTADOS A PARTICULARES,3736.05
2026,2,2321,60,1911090199000,MULTAS JUROS PREVISTOS CONTRATOS - PRINC. - DEMAIS,123182.85
2026,2,2321,60,1911090299000,MULTAS JUROS PREVISTOS CONTRATO - MJM,1885
2026,2,2321,60,1922990101000,OUTRAS RESTITUICOES - PRINC. - RECURSOS ORIGINARIOS DO FUNDO ESTADUAL DE SAUDE - FES,950.2
2026,2,2321,60,1922990199000,OUTRAS RESTITUICOES - PRINC. - DEMAIS,217.07
2026,2,2321,60,7631990104000,REC. INTRA. - OUTROS SERV. ATEND. SAUDE - PRINC. - SERVICOS DE SAUDE PRESTADOS A PARTICULARES,156848.2
2026,2,2321,60,7631990204000,REC. INTRA. - OUTROS SERV. ATEND. SAUDE - MJM - SERVICOS DE SAUDE PRESTADOS A PARTICULARES,524.79
2026,2,2331,73,1321010101000,REMUNERACAO DEPOSITOS BANCARIOS - PRINC.,18386.49
2026,2,2331,73,1717990106001,"CIENCIA TECNOLOGIA - INSTITUTO NACIONAL DE METROLOGIA, QUALIDADE E TECNOLOGIA - INMETRO",2984259
2026,2,2331,73,1922990199000,OUTRAS RESTITUICOES - PRINC. - DEMAIS,8947.74
2026,2,2351,1,1321010101000,REMUNERACAO DEPOSITOS BANCARIOS - PRINC.,892.75
2026,2,2351,1,1717510108000,EDUCACAO - MINISTERIO DA EDUCACAO,0.1
2026,2,2351,24,1321010101000,REMUNERACAO DEPOSITOS BANCARIOS - PRINC.,33276.02
2026,2,2351,60,1311011102000,ALUGUEIS ARRENDAMENTOS - PRINC. - ARRENDAMENTOS,9264.53
2026,2,2351,60,1611010124000,SERVICOS ADM. COMERC. GER. - PRINC. - EDUCACIONAIS E CAPACITACAO,11353.54
2026,2,2351,60,1611020101000,INSCRICAO CONCURSOS PROCESSOS SELETIVOS - PRINC.,92500
2026,2,2351,60,1922990199000,OUTRAS RESTITUICOES - PRINC. - DEMAIS,8727.08
2026,2,2361,60,1219991101001,DEMAIS CONTRIB. SOC. - PRINC. - CONTRIB. PATRON. CIVIL SAUDE - SERVIDOR ATIVO,191703.19
2026,2,2361,60,1219991104002,DEMAIS CONTRIB. SOC. - PRINC. - IPLEMG - CONTRIB. DO SEGURADO - INATIVO,287851.12
2026,2,2361,60,1219991104003,DEMAIS CONTRIB. SOC. - PRINC. - IPLEMG - CONTRIB. DO SEGURADO - PENSIONISTA,194616.64
2026,2,2361,60,1219991104052,DEMAIS CONTRIB. SOC. - PRINC. - IPLEMG - CONTRIB. PATRONAL - EXERCENTE DE MANDATO ELETIVO FEDERAL OU MUNICIPAL,120085.62
2026,2,2361,60,1321010101000,REMUNERACAO DEPOSITOS BANCARIOS - PRINC.,6828550.79
2026,2,2361,60,1641010101000,RETORNO OPER. JUROS ENCARG. FINANCEIROS - PRINC. - JUROS DE EMPRESTIMOS,116926.53
2026,2,2361,60,1999992199000,OUTRAS REC. - PRIMARIAS - PRINC. - DEMAIS,710444.93
2026,2,2361,60,7219991104051,REC. INTRA. - DEMAIS CONTRIB. SOC. - PRINC. - IPLEMG - CONTRIB. PATRONAL - EXERCENTE DE MANDATO ESTADUAL,237163.02
2026,2,2371,24,1321010101000,REMUNERACAO DEPOSITOS BANCARIOS - PRINC.,2095.19
2026,2,2371,60,1321010101000,REMUNERACAO DEPOSITOS BANCARIOS - PRINC.,40.78
2026,2,2371,60,1611010125000,SERVICOS ADM. COMERC. GER. - PRINC. - AGROPECUARIOS,13355.03
2026,2,2371,60,1611030104000,SERVICOS REG. CERTIF. FISCALIZ. - PRINC. - EXPEDICAO DE CERTIFICADOS,2362.25
2026,2,2371,60,1611030106000,SERVICOS REG. CERTIF. FISCALIZ. - PRINC. - REGISTRO DO COMERCIO,48252.92
2026,2,2371,60,1611030199000,SERVICOS REG. CERTIF. FISCALIZ. - PRINC. - DEMAIS,111109.44
2026,2,2371,60,1699990101000,OUTROS SERVICOS - PRINC.,41146.56
2026,2,2371,60,1922520101000,RESTITUICAO REMUNERACAO FOLHA PAGAMENTO - PESSOAL ATIVO - PRINC.,0
2026,2,2371,60,1922990199000,OUTRAS RESTITUICOES - PRINC. - DEMAIS,23364.64
2026,2,2371,60,1999992299000,OUTRAS REC. - PRIMARIAS - MJM - DEMAIS,977888.82
2026,2,2371,91,1122010101003,TX. PREST. SERV. G. - PRINC. - TX. EXP. - INSTITUTO MINEIRO DE AGROPECUARIA - IMA,5615169
2026,2,2371,91,1321010101000,REMUNERACAO DEPOSITOS BANCARIOS - PRINC.,167.85
2026,2,2421,24,1321010101000,REMUNERACAO DEPOSITOS BANCARIOS - PRINC.,199309.1
2026,2,2431,60,1611010199001,SERVICOS ADM. COMERC. GER. - PRINC. - DEMAIS - SERVICOS ADMINISTRATIVOS,35934
2026,2,2441,59,1121010104000,TX. INSP. CONTR. FISC. - PRINC. - TAXA DE FISCALIZACAO SOBRE SERVICOS PUBLICOS DE ABASTECIMENTO DE AGUA E SANEAMENTO,4018845.05
2026,2,2441,59,1922990199000,OUTRAS RESTITUICOES - PRINC. - DEMAIS,755.62
2026,2,2461,60,1611010199001,SERVICOS ADM. COMERC. GER. - PRINC. - DEMAIS - SERVICOS ADMINISTRATIVOS,0
2026,2,3041,60,1611010128000,"SERVICOS ADM. COMERC. GER. - PRINC. - CONSULTORIA, ASSISTENCIA TECNICA E ANALISE DE PROJETOS",-1790423.39
2026,2,3041,67,1732990108001,AGROPECUARIA - DIVERSOS MUNICIPIOS,18193659.06
2026,2,3051,24,1717990105009,AGROPECUARIA - BANCO DO NORDESTE - BNB,174704
2026,2,3051,47,2213010101000,ALIENACAO BENS MOVEIS E SEMOVENTES - PRINC.,383590
2026,2,3051,60,1411010101000,REC. AGROPECUARIA - PRINC. - PRODUCAO VEGETAL,150864.7
2026,2,3051,60,1411010102999,REC. AGROPECUARIA - PRINC. - PRODUCAO ANIMAL DERIVADOS - OUTROS,211547.76
2026,2,3051,60,1511010101004,REC. INDUSTRIAL - PRINC. - INDUSTRIA TRANSFORMACAO - INDUSTRIA DE PRODUTOS ALIMENTARES,37804.79
2026,2,3051,60,1611010124000,SERVICOS ADM. COMERC. GER. - PRINC. - EDUCACIONAIS E CAPACITACAO,36732.57
2026,2,3051,60,1611010130000,SERVICOS ADM. COMERC. GER. - PRINC. - ESTUDOS E PESQUISA,271375.12
2026,2,3051,60,1611040102000,SERVICOS INFORMACAO TECNOLOGIA - PRINC. - INFORMACOES CIENTIFICAS E TECNOLOGICAS,-57912.31
2026,2,3051,60,1999992199000,OUTRAS REC. - PRIMARIAS - PRINC. - DEMAIS,111531.53
2026,2,3051,60,7411010101000,REC. INTRA. - REC. AGROPECUARIA - PRINC. - PRODUCAO VEGETAL,62.2
2026,2,3051,70,1732990108001,AGROPECUARIA - DIVERSOS MUNICIPIOS,10147.5
2026,2,3051,70,2432990107001,AGROPECUARIA - DIVERSOS MUNICIPIOS,3382.5
2026,2,3151,60,1611010107000,SERVICOS ADM. COMERC. GER. - PRINC. - COMUNICACAO,-2139965.12
2026,2,4031,60,1311020101000,CONC. PERM. AUTOR. CESSAO DIR. USO BENS IMOV. PUB. - PRINC. - CONCESSAO DE DIREITO REAL DE USO DE AREA PUBLICA,104736.86
2026,2,4031,60,1321010101000,REMUNERACAO DEPOSITOS BANCARIOS - PRINC.,74158242.65
2026,2,4031,60,1611010101000,SERVICOS ADM. COMERC. GER. - PRINC. - ADMINISTRACAO DE DEPOSITOS JUDICIAIS,51023522.99
2026,2,4031,60,1611010123002,SERVICOS ADM. COMERC. GER. - PRINC. - PODER JUDIC. - DESPESAS PROCESSUAIS,4342922.43
2026,2,4031,60,1611010323002,SERVICOS ADM. COMERC. GER. - DA - PODER JUDIC. - DESPESAS PROCESSUAIS,160817.14
2026,2,4031,60,1611010423002,SERVICOS ADM. COMERC. GER. - DA-MJM - PODER JUDIC. - DESPESAS PROCESSUAIS,40064.16
2026,2,4031,60,1611020101000,INSCRICAO CONCURSOS PROCESSOS SELETIVOS - PRINC.,614720.1
2026,2,4031,60,1611040105000,SERVICOS INFORMACAO TECNOLOGIA - PRINC. - PROCESSAMENTO DAS CONSIGNACOES DA FOLHA DE PESSOAL,196540.21
2026,2,4031,60,1911010108001,MULTAS LEGISL. ESPECIFICA - PRINC. - MULTA ADM. DISCIPLINAR - NOTARIOS REGISTRADORES - PRINC.,7472.43
2026,2,4031,60,1911010108002,MULTAS LEGISL. ESPECIFICA - PRINC. - MULTA ADM. DISCIPLINAR - NOTARIOS REGISTRADORES - CORRECAO MONETARIA,69.29
2026,2,4031,60,1911010208001,MULTAS LEGISL. ESPECIFICA - MJM - MULTA ADM. DISCIPLINAR - NOTARIOS REGISTRADORES - PRINC.,366.72
2026,2,4031,60,1911010308001,MULTAS LEGISL. ESPECIFICA - DA - MULTA ADM. DISCIPLINAR - NOTARIOS REGISTRADORES - PRINC.,3470.9
2026,2,4031,60,1921990199000,OUTRAS INDENIZACOES - PRINC. - DEMAIS,4621.34
2026,2,4031,60,1922990199000,OUTRAS RESTITUICOES - PRINC. - DEMAIS,66962
2026,2,4031,60,1999992109001,OUTRAS REC. - PRIMARIAS - PRINC. - EXCEDENTE TETO INTERINOS - PRINC.,19858110.48
2026,2,4031,60,1999992109002,OUTRAS REC. - PRIMARIAS - PRINC. - EXCEDENTE TETO INTERINOS - CORRECAO MONETARIA,38.78
2026,2,4031,60,1999992199000,OUTRAS REC. - PRIMARIAS - PRINC. - DEMAIS,19170.37
2026,2,4031,60,1999992209001,OUTRAS REC. - PRIMARIAS - MJM - EXCEDENTE TETO INTERINOS - PRINC.,1313.9
2026,2,4031,60,7311020101000,REC. INTRA. - CONC. PERM. AUTOR. CESSAO DIR. USO BENS IMOV. PUB. - PRINC. - CONCESSAO DE DIREITO REAL DE USO DE AREA PUBLICA,268208.16
2026,2,4031,60,7611010101000,REC. INTRA. - SERVICOS ADM. COMERC. GER. - PRINC. - ADMINISTRACAO DE DEPOSITOS JUDICIAIS,6927208.85
2026,2,4031,61,1611010123003,SERVICOS ADM. COMERC. GER. - PRINC. - PODER JUDIC. - VERBA INDENIZATORIA DE TRANSPORTE CUSTEADA PELAS PARTES,6332162.92
2026,2,4031,70,1321010101000,REMUNERACAO DEPOSITOS BANCARIOS - PRINC.,560.69
2026,2,4031,70,1732990105001,ACOES JUDICIARIAS - DIVERSOS MUNICIPIOS,85000
2026,2,4031,77,1121010102000,TX. INSP. CONTR. FISC. - PRINC. - TAXA DE FISCALIZACAO JUDICIARIA,133336978.34
2026,2,4031,77,1121010202000,TX. INSP. CONTR. FISC. - MJM - TAXA DE FISCALIZACAO JUDICIARIA,179024.65
2026,2,4031,77,1121010302000,TX. INSP. CONTR. FISC. - DA - TAXA DE FISCALIZACAO JUDICIARIA,16272.81
2026,2,4031,77,1121010402000,TX. INSP. CONTR. FISC. - DA-MJM - TAXA DE FISCALIZACAO JUDICIARIA,25984.08
2026,2,4031,77,1122020101000,EMOLUMENTOS CUSTAS JUDICIAIS - PRINC. - CUSTAS JUDICIAIS - JUSTICA COMUM,22529403.99
2026,2,4031,77,1122020102000,EMOLUMENTOS CUSTAS JUDICIAIS - PRINC. - CUSTAS JUDICIAIS - JUIZADO ESPECIAL,2132085.57
2026,2,4031,77,1122020103000,EMOLUMENTOS CUSTAS JUDICIAIS - PRINC. - TAXA JUDICIARIA,16454895.7
2026,2,4031,77,1122020301000,EMOLUMENTOS CUSTAS JUDICIAIS - DA - CUSTAS JUDICIAIS - JUSTICA COMUM,625564.26
2026,2,4031,77,1122020302000,EMOLUMENTOS CUSTAS JUDICIAIS - DA - CUSTAS JUDICIAIS - JUIZADO ESPECIAL,62809.07
2026,2,4031,77,1122020303000,EMOLUMENTOS CUSTAS JUDICIAIS - DA - TAXA JUDICIARIA,259096.62
2026,2,4031,77,1122020401000,EMOLUMENTOS CUSTAS JUDICIAIS - DA-MJM - CUSTAS JUDICIAIS - JUSTICA COMUM,146837.51
2026,2,4031,77,1122020402000,EMOLUMENTOS CUSTAS JUDICIAIS - DA-MJM - CUSTAS JUDICIAIS - JUIZADO ESPECIAL,15770.71
2026,2,4031,77,1122020403000,EMOLUMENTOS CUSTAS JUDICIAIS - DA-MJM - TAXA JUDICIARIA,67274.07
2026,2,4031,77,1911080101000,MULTAS SENTENCAS JUDICIAIS - PRINC. - MULTAS PECUNIARIAS E JUROS DE MORA,131419.06
2026,2,4031,77,1911080301000,MULTAS SENTENCAS JUDICIAIS - DA - MULTAS PECUNIARIAS E JUROS DE MORA,695.25
2026,2,4031,77,1911080401000,MULTAS SENTENCAS JUDICIAIS - DA-MJM - MULTAS PECUNIARIAS E JUROS DE MORA,80.94
2026,2,4031,77,1922990199000,OUTRAS RESTITUICOES - PRINC. - DEMAIS,0
2026,2,4091,45,1741990141999,DIR. HUMANOS CIDADANIA - OUTROS,18320.29
2026,2,4091,45,1791990114000,OUTRAS TRANSF. PESSOAS FISICAS - PRINC. - DIREITOS HUMANOS E DE CIDADANIA,50
2026,2,4101,60,2311071199000,AMORTIZACAO FINANCIAMENTOS GERAL - PRINC. - DEMAIS,3068472.81
2026,2,4111,60,1641010101000,RETORNO OPER. JUROS ENCARG. FINANCEIROS - PRINC. - JUROS DE EMPRESTIMOS,0
2026,2,4111,60,2311071199000,AMORTIZACAO FINANCIAMENTOS GERAL - PRINC. - DEMAIS,4528.6
2026,2,4111,61,1641010101000,RETORNO OPER. JUROS ENCARG. FINANCEIROS - PRINC. - JUROS DE EMPRESTIMOS,0
2026,2,4111,61,2311071199000,AMORTIZACAO FINANCIAMENTOS GERAL - PRINC. - DEMAIS,393.79
2026,2,4121,60,1321010101000,REMUNERACAO DEPOSITOS BANCARIOS - PRINC.,3531973.7
2026,2,4121,60,1641010101000,RETORNO OPER. JUROS ENCARG. FINANCEIROS - PRINC. - JUROS DE EMPRESTIMOS,41366.71
2026,2,4121,60,2311060101000,AMORTIZACAO EMPRESTIMOS CONTRATUAIS - PRINC.,614253.64
2026,2,4141,39,1911080101000,MULTAS SENTENCAS JUDICIAIS - PRINC. - MULTAS PECUNIARIAS E JUROS DE MORA,784320.39
2026,2,4141,57,1321010101000,REMUNERACAO DEPOSITOS BANCARIOS - PRINC.,394104.08
2026,2,4251,5,1321010101000,REMUNERACAO DEPOSITOS BANCARIOS - PRINC.,18615.04
2026,2,4251,56,1321010101000,REMUNERACAO DEPOSITOS BANCARIOS - PRINC.,32131.53
2026,2,4251,56,1716500199000,TRANSF. RECURSOS FNAS - PRINC. - DEMAIS,184081.63
2026,2,4291,10,1922990101000,OUTRAS RESTITUICOES - PRINC. - RECURSOS ORIGINARIOS DO FUNDO ESTADUAL DE SAUDE - FES,170.33
2026,2,4291,24,1321010101000,REMUNERACAO DEPOSITOS BANCARIOS - PRINC.,37035.26
2026,2,4291,37,1321010101000,REMUNERACAO DEPOSITOS BANCARIOS - PRINC.,128143.51
2026,2,4291,57,1321010101000,REMUNERACAO DEPOSITOS BANCARIOS - PRINC.,130187.9
2026,2,4291,57,1713505104000,TRANSF. BLOCO MANUT. ASPS - GESTAO SUS - PRINC. - PISO DA ENFERMAGEM,5075347.75
2026,2,4291,60,1321010101000,REMUNERACAO DEPOSITOS BANCARIOS - PRINC.,1067012.2
2026,2,4291,60,1611020101000,INSCRICAO CONCURSOS PROCESSOS SELETIVOS - PRINC.,0.8
2026,2,4291,60,1631990199000,OUTROS SERV. ATEND. SAUDE - PRINC. - DEMAIS,1956793.59
2026,2,4291,60,1922990199000,OUTRAS RESTITUICOES - PRINC. - DEMAIS,99047.35
2026,2,4291,92,1713502101001,TRANSF. BLOCO MANUT. ASPS - ATENCAO ESPECIALIZADA - PRINC. - ATENCAO MAC - PRESTADORES AMBULATORIAIS E HOSPITALARES,4566754.97
2026,2,4291,92,1713502101002,TRANSF. BLOCO MANUT. ASPS - ATENCAO ESPECIALIZADA - PRINC. - ATENCAO MAC - SAMU,11359736.05
2026,2,4291,92,1713502101003,TRANSF. BLOCO MANUT. ASPS - ATENCAO ESPECIALIZADA - PRINC. - ATENCAO MAC - TRANSPLANTES,100000
2026,2,4291,92,1713503101000,TRANSF. BLOCO MANUT. ASPS - VIGILANCIA SAUDE - PRINC. - VIGILANCIA EPIDEMIOLOGICA,3402125.28
2026,2,4291,92,1713503102000,TRANSF. BLOCO MANUT. ASPS - VIGILANCIA SAUDE - PRINC. - HIV-AIDS,217775
2026,2,4291,92,1922990199000,OUTRAS RESTITUICOES - PRINC. - DEMAIS,1192748.23
2026,2,4331,59,1999992299000,OUTRAS REC. - PRIMARIAS - MJM - DEMAIS,7798.41
2026,2,4381,54,1121010103000,TX. INSP. CONTR. FISC. - PRINC. - TAXA DE LICENCIAMENTO PARA USO OU OCUPACAO DA FAIXA DE DOMINIO DAS RODOVIAS,63284.62
2026,2,4381,54,1121010203000,TX. INSP. CONTR. FISC. - MJM - TAXA DE LICENCIAMENTO PARA USO OU OCUPACAO DA FAIXA DE DOMINIO DAS RODOVIAS,15632.57
2026,2,4381,60,1611030199000,SERVICOS REG. CERTIF. FISCALIZ. - PRINC. - DEMAIS,1512858.65
2026,2,4381,83,1911010103002,MULTAS LEGISL. ESPECIFICA - PRINC. - LEGISL. TRANSITO - COTA PARTE DO DEPARTAMENTO DE EDIFICACOES E ESTRADAS DE RODAGEM DO ESTADO DE MINAS GERAIS - DERMG,19161871.11
2026,2,4381,83,1911010103003,MULTAS LEGISL. ESPECIFICA - PRINC. - LEGISL. TRANSITO - COTA PARTE DO FUNDO NACIONAL DE SEGURANCA E EDUCACAO NO TRANSITO - FUNSET,1218895.7
2026,2,4381,83,1922990199000,OUTRAS RESTITUICOES - PRINC. - DEMAIS,10733.66
2026,2,4381,83,9911010103003,DEDUCAO REC. - MULTAS LEGISL. ESPECIFICA - PRINC. - LEGISL. TRANSITO - COTA PARTE DO FUNDO NACIONAL DE SEGURANCA E EDUCACAO NO TRANSITO - FUNSET,-1218895.7
2026,2,4421,39,1911080101000,MULTAS SENTENCAS JUDICIAIS - PRINC. - MULTAS PECUNIARIAS E JUROS DE MORA,2313802.41
2026,2,4441,60,1321010101000,REMUNERACAO DEPOSITOS BANCARIOS - PRINC.,1691618.67
2026,2,4441,60,1911040103000,MULTAS LEGISL. DEFESA DIR. DIFUSOS - PRINC. - TERMO DE AJUSTAMENTO DE CONDUTA - TAC,11421854.4
2026,2,4441,60,1922990199000,OUTRAS RESTITUICOES - PRINC. - DEMAIS,5.25
2026,2,4451,60,1321010101000,REMUNERACAO DEPOSITOS BANCARIOS - PRINC.,2281317.18
2026,2,4451,60,1911040102000,MULTAS LEGISL. DEFESA DIR. DIFUSOS - PRINC. - APLICADAS PELO PROCON-MG,16593754.35
2026,2,4451,60,1922011101000,RESTITUICAO CONVENIOS - PRIMARIAS - PRINC.,143183.22
2026,2,4491,59,1999992199000,OUTRAS REC. - PRIMARIAS - PRINC. - DEMAIS,2496443.6
2026,2,4541,60,1641010101000,RETORNO OPER. JUROS ENCARG. FINANCEIROS - PRINC. - JUROS DE EMPRESTIMOS,377371.07
2026,2,4541,60,2311060101000,AMORTIZACAO EMPRESTIMOS CONTRATUAIS - PRINC.,3204360.51
2026,2,4551,59,1219991106000,DEMAIS CONTRIB. SOC. - PRINC. - PECULIO,4352530.16
2026,2,4551,59,1219991107000,DEMAIS CONTRIB. SOC. - PRINC. - SEGURO COLETIVO,2139197.87
2026,2,4551,59,1219991108000,DEMAIS CONTRIB. SOC. - PRINC. - SEGURO DO CONJUGE,89133.24
2026,2,4611,60,1311020101000,CONC. PERM. AUTOR. CESSAO DIR. USO BENS IMOV. PUB. - PRINC. - CONCESSAO DE DIREITO REAL DE USO DE AREA PUBLICA,20213.18
2026,2,4611,60,1321010101000,REMUNERACAO DEPOSITOS BANCARIOS - PRINC.,321207.81
2026,2,4611,60,1922990199000,OUTRAS RESTITUICOES - PRINC. - DEMAIS,6054.71
2026,2,4611,60,1999992199000,OUTRAS REC. - PRIMARIAS - PRINC. - DEMAIS,90
2026,2,4611,60,1999992299000,OUTRAS REC. - PRIMARIAS - MJM - DEMAIS,92976.04
2026,2,4621,60,1641010101000,RETORNO OPER. JUROS ENCARG. FINANCEIROS - PRINC. - JUROS DE EMPRESTIMOS,4276.29
2026,2,4631,60,1321010101000,REMUNERACAO DEPOSITOS BANCARIOS - PRINC.,1052338.75
2026,2,4691,57,1321010101000,REMUNERACAO DEPOSITOS BANCARIOS - PRINC.,-25027.16
2026,2,4701,57,1321010101000,REMUNERACAO DEPOSITOS BANCARIOS - PRINC.,499477.9
2026,2,4711,10,1922030101000,RESTITUICAO BENEFICIOS PREVIDENCIARIOS - PRINC. - FOLHA PAGAMENTO - INATIVOS E PENSIONISTAS,0
2026,2,4711,42,7215021101001,REC. INTRA. - CONTRIB. PATRON. - SERV. CIVIL ATIVO - PRINC. - EXECUTIVO - CONTRIB. ORDINARIA,218297372.59
2026,2,4711,42,7215021101002,REC. INTRA. - CONTRIB. PATRON. - SERV. CIVIL ATIVO - PRINC. - EXECUTIVO - CONTRIB. SUPLEMENTAR,186622779.07
2026,2,4711,42,7215021102001,REC. INTRA. - CONTRIB. PATRON. - SERV. CIVIL ATIVO - PRINC. - ALMG - CONTRIB. ORDINARIA,8343943.81
2026,2,4711,42,7215021103001,REC. INTRA. - CONTRIB. PATRON. - SERV. CIVIL ATIVO - PRINC. - TCEMG - CONTRIB. ORDINARIA,10535098.55
2026,2,4711,42,7215021104001,REC. INTRA. - CONTRIB. PATRON. - SERV. CIVIL ATIVO - PRINC. - TJMG - CONTRIB. ORDINARIA,78614268.9
2026,2,4711,42,7215021105001,REC. INTRA. - CONTRIB. PATRON. - SERV. CIVIL ATIVO - PRINC. - TJMMG - CONTRIB. ORDINARIA,731312.18
2026,2,4711,42,7215021106001,REC. INTRA. - CONTRIB. PATRON. - SERV. CIVIL ATIVO - PRINC. - MPMG - CONTRIB. ORDINARIA,27770274.06
2026,2,4711,42,7215021107001,REC. INTRA. - CONTRIB. PATRON. - SERV. CIVIL ATIVO - PRINC. - DEFPUB - CONTRIB. ORDINARIA,7432972.41
2026,2,4711,43,1215011101000,CONTRIB. SERV. CIVIL ATIVO - PRINC. - PODER EXECUTIVO,109157356.42
2026,2,4711,43,1215011102000,CONTRIB. SERV. CIVIL ATIVO - PRINC. - ASSEMBLEIA LEGISLATIVA DO ESTADO DE MINAS GERAIS - ALMG,4171567.97
2026,2,4711,43,1215011103000,CONTRIB. SERV. CIVIL ATIVO - PRINC. - TRIBUNAL DE CONTAS DO ESTADO DE MINAS GERAIS - TCEMG,5325084.08
2026,2,4711,43,1215011104000,CONTRIB. SERV. CIVIL ATIVO - PRINC. - TRIBUNAL DE JUSTICA DO ESTADO DE MINAS GERAIS - TJMG,39307134.45
2026,2,4711,43,1215011105000,CONTRIB. SERV. CIVIL ATIVO - PRINC. - TRIBUNAL DE JUSTICA MILITAR DO ESTADO DE MINAS GERAIS - TJMMG,366903.06
2026,2,4711,43,1215011106000,CONTRIB. SERV. CIVIL ATIVO - PRINC. - MINISTERIO PUBLICO DO ESTADO DE MINAS GERAIS - MPMG,13885137.03
2026,2,4711,43,1215011107000,CONTRIB. SERV. CIVIL ATIVO - PRINC. - DEFENSORIA PUBLICA DO ESTADO DE MINAS GERAIS - DEFPUB,3716620.7
2026,2,4711,43,1215011199001,CONTRIB. SERV. CIVIL ATIVO - PRINC. - DEMAIS - PESSOAL LICENCIADO/A DISPOSICAO,1660649.08
2026,2,4711,43,1215012101000,CONTRIB. SERV. CIVIL INATIVO - PRINC. - PODER EXECUTIVO,50451072.22
2026,2,4711,43,1215012102000,CONTRIB. SERV. CIVIL INATIVO - PRINC. - ASSEMBLEIA LEGISLATIVA DO ESTADO DE MINAS GERAIS - ALMG,5173448.33
2026,2,4711,43,1215012103000,CONTRIB. SERV. CIVIL INATIVO - PRINC. - TRIBUNAL DE CONTAS DO ESTADO DE MINAS GERAIS - TCEMG,7998945.44
2026,2,4711,43,1215012104000,CONTRIB. SERV. CIVIL INATIVO - PRINC. - TRIBUNAL DE JUSTICA DO ESTADO DE MINAS GERAIS - TJMG,0
2026,2,4711,43,1215012105000,CONTRIB. SERV. CIVIL INATIVO - PRINC. - TRIBUNAL DE JUSTICA MILITAR DO ESTADO DE MINAS GERAIS - TJMMG,218064.87
2026,2,4711,43,1215012106000,CONTRIB. SERV. CIVIL INATIVO - PRINC. - MINISTERIO PUBLICO DO ESTADO DE MINAS GERAIS - MPMG,3576824.79
2026,2,4711,43,1215012107000,CONTRIB. SERV. CIVIL INATIVO - PRINC. - DEFENSORIA PUBLICA DO ESTADO DE MINAS GERAIS - DEFPUB,1413684.98
2026,2,4711,43,1215013101000,CONTRIB. SERV. CIVIL - PENSIONISTAS - PRINC. - PODER EXECUTIVO,15615810.51
2026,2,4711,43,1215013102000,CONTRIB. SERV. CIVIL - PENSIONISTAS - PRINC. - ASSEMBLEIA LEGISLATIVA DO ESTADO DE MINAS GERAIS - ALMG,18971.36
2026,2,4711,43,1215013104000,CONTRIB. SERV. CIVIL - PENSIONISTAS - PRINC. - TRIBUNAL DE JUSTICA DO ESTADO DE MINAS GERAIS - TJMG,22111948.84
2026,2,4711,43,1215013105000,CONTRIB. SERV. CIVIL - PENSIONISTAS - PRINC. - TRIBUNAL DE JUSTICA MILITAR DO ESTADO DE MINAS GERAIS - TJMMG,59867.18
2026,2,4711,43,1215013106000,CONTRIB. SERV. CIVIL - PENSIONISTAS - PRINC. - MINISTERIO PUBLICO DO ESTADO DE MINAS GERAIS - MPMG,1154996.87
2026,2,4711,43,1215014101000,CONTRIB. ORIUNDA SENT. JUDIC. - SERV. CIVIL ATIVO - PRINC.,1178102.31
2026,2,4711,43,1215015101000,CONTRIB. ORIUNDA SENT. JUDIC. - SERV. CIVIL INATIVO - PRINC.,1177112.64
2026,2,4711,44,1999030101000,COMPENSACOES FINANCEIRAS REGIMES DE PREVIDENCIA - PRINC.,32721339.28
2026,2,4711,52,1922030101000,RESTITUICAO BENEFICIOS PREVIDENCIARIOS - PRINC. - FOLHA PAGAMENTO - INATIVOS E PENSIONISTAS,0
2026,2,4711,60,1922030101000,RESTITUICAO BENEFICIOS PREVIDENCIARIOS - PRINC. - FOLHA PAGAMENTO - INATIVOS E PENSIONISTAS,0
2026,2,4711,60,1922990199000,OUTRAS RESTITUICOES - PRINC. - DEMAIS,893.58
2026,2,4711,61,1219991399000,DEMAIS CONTRIB. SOC. - DA - DEMAIS,164906.34
2026,2,4711,61,1219991499000,DEMAIS CONTRIB. SOC. - DA-MJM - DEMAIS,460648.18
2026,2,4711,61,1321040101000,REMUNERACAO RECURSOS RPPS - PRINC. - RENDA FIXA,4806953.41
2026,2,4711,61,1321040102000,REMUNERACAO RECURSOS RPPS - PRINC. - RENDA VARIAVEL,39375
2026,2,4711,61,1922030101000,RESTITUICAO BENEFICIOS PREVIDENCIARIOS - PRINC. - FOLHA PAGAMENTO - INATIVOS E PENSIONISTAS,0
2026,2,4711,61,1922990199000,OUTRAS RESTITUICOES - PRINC. - DEMAIS,225541.55
2026,2,4731,59,1122020104000,EMOLUMENTOS CUSTAS JUDICIAIS - PRINC. - EMOLUMENTOS,7659764.56
2026,2,4731,59,1122020204000,EMOLUMENTOS CUSTAS JUDICIAIS - MJM - EMOLUMENTOS,150803.97
2026,2,4731,59,1321010101000,REMUNERACAO DEPOSITOS BANCARIOS - PRINC.,1565709.17
2026,2,4741,59,1122020104000,EMOLUMENTOS CUSTAS JUDICIAIS - PRINC. - EMOLUMENTOS,7652410.34
2026,2,4741,59,1122020204000,EMOLUMENTOS CUSTAS JUDICIAIS - MJM - EMOLUMENTOS,147017.68
2026,2,4741,59,1321010101000,REMUNERACAO DEPOSITOS BANCARIOS - PRINC.,0
2026,2,4741,60,1321010101000,REMUNERACAO DEPOSITOS BANCARIOS - PRINC.,0
2026,2,4741,60,1999122101000,ONUS SUCUMBENCIA - PRINC. - HONORARIOS,356646.53
2026,2,4751,59,1122020104000,EMOLUMENTOS CUSTAS JUDICIAIS - PRINC. - EMOLUMENTOS,977842.38
2026,2,4751,59,1122020204000,EMOLUMENTOS CUSTAS JUDICIAIS - MJM - EMOLUMENTOS,19251.58
2026,2,4751,59,1999992199000,OUTRAS REC. - PRIMARIAS - PRINC. - DEMAIS,0
2026,2,9999,1,1321010101000,REMUNERACAO DEPOSITOS BANCARIOS - PRINC.,0
2026,2,9999,2,1321010101000,REMUNERACAO DEPOSITOS BANCARIOS - PRINC.,0
2026,2,9999,9,1321010101000,REMUNERACAO DEPOSITOS BANCARIOS - PRINC.,0
2026,2,9999,9,2441990134999,ADM. ATIV. FISCAL - OUTROS,0
2026,2,9999,10,1112510101000,IPVA - PRINC. - COTA PARTE DO ESTADO,1695999349.76
2026,2,9999,10,1112510201000,IPVA - MJM - COTA PARTE DO ESTADO,14419838.23
2026,2,9999,10,1112510301000,IPVA - DA - COTA PARTE DO ESTADO,8240912.87
2026,2,9999,10,1112520101000,ITCD - PRINC. - COTA PARTE DO ESTADO,100813893.83
2026,2,9999,10,1112520201000,ITCD - MJM - COTA PARTE DO ESTADO,10320876.21
2026,2,9999,10,1112520301000,ITCD - DA - COTA PARTE DO ESTADO,1193232.74
2026,2,9999,10,1113031101000,IR - RETIDO FONTE - TRABALHO - PRINC.,586132487.37
2026,2,9999,10,1113034101000,IR - RETIDO FONTE - OUTROS RENDIMENTOS - PRINC.,79336514.6
2026,2,9999,10,1114501101001,ICMS - PRINC. - COTA PARTE ESTADO,3953851321.49
2026,2,9999,10,1114501201001,ICMS - MJM - COTA PARTE ESTADO,42156442.7
2026,2,9999,10,1114501301001,ICMS - DA - COTA PARTE ESTADO,36029775.52
2026,2,9999,10,1114501301002,ICMS - DA - COTA PARTE ESTADO - CESSAO DE DIREITOS CREDITORIOS - LEI ESTADUAL NO 19.266/10,700249.5
2026,2,9999,10,1321010101000,REMUNERACAO DEPOSITOS BANCARIOS - PRINC.,543152.23
2026,2,9999,10,1711500101000,COTA-PARTE FPE - PRINC. - ESTADO,900700010.09
2026,2,9999,10,1711530101000,COTA-PARTE IPI - ESTADOS EXPORT. PROD. INDUST. - PRINC. - ESTADO,53507362.81
2026,2,9999,10,1911090199000,MULTAS JUROS PREVISTOS CONTRATOS - PRINC. - DEMAIS,138585.08
2026,2,9999,10,1922011101000,RESTITUICAO CONVENIOS - PRIMARIAS - PRINC.,727304.05
2026,2,9999,10,1922030101000,RESTITUICAO BENEFICIOS PREVIDENCIARIOS - PRINC. - FOLHA PAGAMENTO - INATIVOS E PENSIONISTAS,0
2026,2,9999,10,1922063199000,RESTITUICAO DESPESAS PRIMARIAS EXERCICIOS ANTERIORES - PRINC. - DEMAIS,0
2026,2,9999,10,1922990199000,OUTRAS RESTITUICOES - PRINC. - DEMAIS,24661739.38
2026,2,9999,10,9114501301002,DEDUCAO REC. - ICMS - DA - COTA PARTE DO ESTADO - CESSAO DE DIREITOS CREDITORIOS - LEI ESTADUAL NO 19.266/10,-700249.5
2026,2,9999,11,1114502101000,ADICIONAL ICMS - FEM - PRINC. - COTA PARTE DO ESTADO,22018238.28
2026,2,9999,11,1114502201000,ADICIONAL ICMS - FEM - MJM - COTA PARTE DO ESTADO,87657.15
2026,2,9999,11,1114502301000,ADICIONAL ICMS - FEM - DA - COTA PARTE DO ESTADO,67270.33
2026,2,9999,11,1114502401000,ADICIONAL ICMS - FEM - DA-MJM - COTA PARTE DO ESTADO,58677.27
2026,2,9999,11,1121010101001,TX. INSP. CONTR. FISC. - PRINC. - TX. SEGURANCA PUBLICA - POLICIA CIVIL DO ESTADO DE MINAS GERAIS - PCMG E COORDENADORIA ESTADUAL DE GESTAO DO TRANSITO - CET,27624997.12
2026,2,9999,11,1121010101002,TX. INSP. CONTR. FISC. - PRINC. - TX. SEGURANCA PUBLICA - CORPO DE BOMBEIROS MILITAR DO ESTADO DE MINAS GERAIS - CBMMG,273282.91
2026,2,9999,11,1121010101003,TX. INSP. CONTR. FISC. - PRINC. - TX. SEGURANCA PUBLICA - POLICIA MILITAR DO ESTADO DE MINAS GERAIS - PMMG,5490.89
2026,2,9999,11,1121010101004,TX. INSP. CONTR. FISC. - PRINC. - TX. SEGURANCA PUBLICA - TAXA DE RENOVACAO DE LICENCIAMENTO ANUAL DE VEICULO,31423930.8
2026,2,9999,11,1121010101006,TX. INSP. CONTR. FISC. - PRINC. - TX. SEGURANCA PUBLICA - DEPARTAMENTO DE EDIFICACOES E ESTRADAS DE RODAGEM DO ESTADO DE MINAS GERAIS - DERMG,208990.77
2026,2,9999,11,1121010103000,TX. INSP. CONTR. FISC. - PRINC. - TAXA DE LICENCIAMENTO PARA USO OU OCUPACAO DA FAIXA DE DOMINIO DAS RODOVIAS,27121.97
2026,2,9999,11,1121010104000,TX. INSP. CONTR. FISC. - PRINC. - TAXA DE FISCALIZACAO SOBRE SERVICOS PUBLICOS DE ABASTECIMENTO DE AGUA E SANEAMENTO,1722362.17
2026,2,9999,11,1121010201001,TX. INSP. CONTR. FISC. - MJM - TX. SEGURANCA PUBLICA - POLICIA CIVIL DO ESTADO DE MINAS GERAIS - PCMG E COORDENADORIA ESTADUAL DE GESTAO DO TRANSITO - CET,6.73
2026,2,9999,11,1121010201004,TX. INSP. CONTR. FISC. - MJM - TX. SEGURANCA PUBLICA - TAXA DE RENOVACAO DE LICENCIAMENTO ANUAL DE VEICULO,554315.72
2026,2,9999,11,1121010203000,TX. INSP. CONTR. FISC. - MJM - TAXA DE LICENCIAMENTO PARA USO OU OCUPACAO DA FAIXA DE DOMINIO DAS RODOVIAS,6699.66
2026,2,9999,11,1121040101000,TX. CONTR. FISC. AMBIENT. - PRINC. - TAXA FLORESTAL,3417410.81
2026,2,9999,11,1121040102000,TX. CONTR. FISC. AMBIENT. - PRINC. - TAXA DE FISCALIZACAO DE RECURSOS MINERARIOS,13812634.25
2026,2,9999,11,1121040103000,TX. CONTR. FISC. AMBIENT. - PRINC. - TAXA DE CONTROLE E FISCALIZACAO AMBIENTAL,106904.37
2026,2,9999,11,1121040104000,TX. CONTR. FISC. AMBIENT. - PRINC. - TAXA DE REGULARIZACAO AMBIENTAL,313145.86
2026,2,9999,11,1121040105000,TX. CONTR. FISC. AMBIENT. - PRINC. - TAXA DA LEI DA PESCA,35375.44
2026,2,9999,11,1121040106000,TX. CONTR. FISC. AMBIENT. - PRINC. - TAXA DE LIBERACAO E MANEJO DA FAUNA E FLORA,13435.31
2026,2,9999,11,1121040107000,TX. CONTR. FISC. AMBIENT. - PRINC. - TAXA DA LEI DE POLITICA FLORESTAL,479823.68
2026,2,9999,11,1121040109000,"TX. CONTR. FISC. AMBIENT. - PRINC. - TAXA DE REPROGRAFIA, CERTIDOES E JULGAMENTO DE CONTENCIOSO",46841.47
2026,2,9999,11,1121040202000,TX. CONTR. FISC. AMBIENT. - MJM - TAXA DE FISCALIZACAO DE RECURSOS MINERARIOS,20621.15
2026,2,9999,11,1121040203000,TX. CONTR. FISC. AMBIENT. - MJM - TAXA DE CONTROLE E FISCALIZACAO AMBIENTAL,48295.29
2026,2,9999,11,1121040302000,TX. CONTR. FISC. AMBIENT. - DA - TAXA DE FISCALIZACAO DE RECURSOS MINERARIOS,277013.16
2026,2,9999,11,1121040402000,TX. CONTR. FISC. AMBIENT. - DA-MJM - TAXA DE FISCALIZACAO DE RECURSOS MINERARIOS,634538.01
2026,2,9999,11,1122010101001,TX. PREST. SERV. G. - PRINC. - TX. EXP. - DEPARTAMENTO DE EDIFICACOES E ESTRADAS DE RODAGEM DO ESTADO DE MINAS GERAIS - DERMG,3548.82
2026,2,9999,11,1122010101002,TX. PREST. SERV. G. - PRINC. - TX. EXP. - ATOS DA SECRETARIA DE ESTADO DA FAZENDA - SEF,485964.81
2026,2,9999,11,1122010101003,TX. PREST. SERV. G. - PRINC. - TX. EXP. - INSTITUTO MINEIRO DE AGROPECUARIA - IMA,2406614.17
2026,2,9999,11,1122010101004,TX. PREST. SERV. G. - PRINC. - TX. EXP. - ATOS DA SECRETARIA DE ESTADO DE SAUDE - SES,192.51
2026,2,9999,11,1122010101011,TX. PREST. SERV. G. - PRINC. - TX. EXP. - ATOS DE AUTORIDADE ADMINISTRATIVA DO SISTEMA ESTADUAL DE MEIO AMBIENTE E RECURSOS HIDRICOS - SISEMA,490532.69
2026,2,9999,11,1122010104000,TX. PREST. SERV. G. - PRINC. - TAXA DE GERENCIAMENTO DO SISTEMA TRANSPORTE RODOVIARIO INTERMUNICIPAL - DEPARTAMENTO DE EDIFICACOES E ESTRADAS DE RODAGEM DO ESTADO DE MINAS GERAIS - DERMG,1942.63
2026,2,9999,11,1122010201002,TX. PREST. SERV. G. - MJM - TX. EXP. - ATOS DA SECRETARIA DE ESTADO DA FAZENDA - SEF,2608.73
2026,2,9999,11,1349010101000,COMPENSACOES AMBIENTAIS - PRINC. - REPOSICAO FLORESTAL,1402383.09
2026,2,9999,11,1349010102000,COMPENSACOES AMBIENTAIS - PRINC. - REPOSICAO DA PESCA,207.71
2026,2,9999,11,1349010103000,COMPENSACOES AMBIENTAIS - PRINC. - SUPRESSAO DO PEQUI,372231.45
2026,2,9999,11,1349010199000,COMPENSACOES AMBIENTAIS - PRINC. - DEMAIS,203152.77
2026,2,9999,11,1611010118000,SERVICOS ADM. COMERC. GER. - PRINC. - VISITACAO DAS UNIDADES DE CONSERVACAO DA NATUREZA,12647.01
2026,2,9999,11,1712500101000,COTA-PARTE COMPENSACAO FINANCEIRA RECURSOS HIDRICOS - PRINC.,644338.8
2026,2,9999,11,1712510101000,COTA-PARTE CFEM - PRINC.,13859984.8
2026,2,9999,11,1712521101000,COTA-PARTE COMPENSACAO FINANCEIRA PRODUCAO PETROLEO - LEI FEDERAL NO 7.990/89 - PRINC.,1243006.75
2026,2,9999,11,1741990140001,DESPORTO LAZER - APOIO FINANCEIRO AO ESPORTE,109062.94
2026,2,9999,11,1741990140999,DESPORTO LAZER - OUTROS,7690.42
2026,2,9999,11,1911010103001,MULTAS LEGISL. ESPECIFICA - PRINC. - LEGISL. TRANSITO - COTA PARTE DO ESTADO,5251706.93
2026,2,9999,11,1911010103002,MULTAS LEGISL. ESPECIFICA - PRINC. - LEGISL. TRANSITO - COTA PARTE DO DEPARTAMENTO DE EDIFICACOES E ESTRADAS DE RODAGEM DO ESTADO DE MINAS GERAIS - DERMG,9119746.02
2026,2,9999,11,1921990101000,OUTRAS INDENIZACOES - PRINC. - IMPACTOS E DANOS AMBIENTAIS,106471.55
2026,2,9999,11,1922520101000,RESTITUICAO REMUNERACAO FOLHA PAGAMENTO - PESSOAL ATIVO - PRINC.,0
2026,2,9999,11,1999992199000,OUTRAS REC. - PRIMARIAS - PRINC. - DEMAIS,1069904.37
2026,2,9999,15,1122010101999,TX. PREST. SERV. G. - PRINC. - TX. EXP. - OUTROS,1742.79
2026,2,9999,15,1311011101000,ALUGUEIS ARRENDAMENTOS - PRINC. - ALUGUEIS,160
2026,2,9999,15,1311020199000,CONC. PERM. AUTOR. CESSAO DIR. USO BENS IMOV. PUB. - PRINC. - DEMAIS,125147.93
2026,2,9999,15,1321010101000,REMUNERACAO DEPOSITOS BANCARIOS - PRINC.,76125680.74
2026,2,9999,15,1321020101000,REMUNERACAO DEPOSITOS ESPECIAIS - PRINC.,821831.5
2026,2,9999,15,1321060101000,JUROS CAPITAL PROPRIO - PRINC. - EMPRESAS ESTATAIS,2449995.29
2026,2,9999,15,1511010102001,REC. INDUSTRIAL - PRINC. - INDUSTRIA EDITORIAL GRAFICA - RECEITA DE PUBLICACOES,551817.17
2026,2,9999,15,1611010106000,SERVICOS ADM. COMERC. GER. - PRINC. - RESERVA DE PLACA ESPECIAL,687939
2026,2,9999,15,1611010119000,SERVICOS ADM. COMERC. GER. - PRINC. - REGULARIZACAO FUNDIARIA,147494.87
2026,2,9999,15,1611040103000,SERVICOS INFORMACAO TECNOLOGIA - PRINC. - FORNECIMENTO DE DADOS FISCAIS,28637.49
2026,2,9999,15,1611040105000,SERVICOS INFORMACAO TECNOLOGIA - PRINC. - PROCESSAMENTO DAS CONSIGNACOES DA FOLHA DE PESSOAL,666433.95
2026,2,9999,15,1699990301000,OUTROS SERVICOS - DA,4011493.09
2026,2,9999,15,1719580101000,TRANSF. OBRIGATORIA DECORRENTE LC FEDERAL NO 176/20 - PRINC.,37724064.65
2026,2,9999,15,1911010101000,MULTAS LEGISL. ESPECIFICA - PRINC. - LEGISLACAO SANITARIA,17083.2
2026,2,9999,15,1911010104999,MULTAS LEGISL. ESPECIFICA - PRINC. - MULTA ISOLADA OBRIG. ACESSORIA - OUTROS,2895480.42
2026,2,9999,15,1911010204999,MULTAS LEGISL. ESPECIFICA - MJM - MULTA ISOLADA OBRIG. ACESSORIA - OUTROS,167.56
2026,2,9999,15,1911010304999,MULTAS LEGISL. ESPECIFICA - DA - MULTA ISOLADA OBRIG. ACESSORIA - OUTROS,2521050.08
2026,2,9999,15,1911010404999,MULTAS LEGISL. ESPECIFICA - DA-MJM - MULTA ISOLADA OBRIG. ACESSORIA - OUTROS,1227.4
2026,2,9999,15,1911040104000,MULTAS LEGISL. DEFESA DIR. DIFUSOS - PRINC. - USO DE PIPAS COM LINHA CORTANTE,0
2026,2,9999,15,1911061101000,MULTAS ADM. DANOS AMBIENTAIS - PRINC.,5869206.41
2026,2,9999,15,1921990199000,OUTRAS INDENIZACOES - PRINC. - DEMAIS,366421.58
2026,2,9999,15,1922030101000,RESTITUICAO BENEFICIOS PREVIDENCIARIOS - PRINC. - FOLHA PAGAMENTO - INATIVOS E PENSIONISTAS,0
2026,2,9999,15,1931060101000,BENS DIREITOS VALORES RENUNCIA VOLUNTARIA ACORDO NAO PERSECUCAO PENAL - PRINC.,44956.61
2026,2,9999,15,1999992111000,OUTRAS REC. - PRIMARIAS - PRINC. - BANCO DO ESTADO DE MINAS GERAIS - BEMGE,4959417.37
2026,2,9999,15,1999992115000,OUTRAS REC. - PRIMARIAS - PRINC. - GESTAO DE VEICULOS APREENDIDOS E REMOVIDOS,13127854.67
2026,2,9999,15,1999992117000,"OUTRAS REC. - PRIMARIAS - PRINC. - BENS, DIREITOS E VALORES OBJETO DE RENUNCIA VOLUNTARIA EM ACORDO DE NAO PERSECUCAO CIVEL",18502.74
2026,2,9999,15,1999992199000,OUTRAS REC. - PRIMARIAS - PRINC. - DEMAIS,3174331.89
2026,2,9999,15,1999992299000,OUTRAS REC. - PRIMARIAS - MJM - DEMAIS,158261.71
2026,2,9999,15,1999992399000,OUTRAS REC. - PRIMARIAS - DA - DEMAIS,218.31
2026,2,9999,15,1999992499000,OUTRAS REC. - PRIMARIAS - DA-MJM - DEMAIS,74.16
2026,2,9999,15,2311060101000,AMORTIZACAO EMPRESTIMOS CONTRATUAIS - PRINC.,72137.98
2026,2,9999,16,1719990128000,OUTRAS TRANSF. UNIAO ENTIDADES - POLITICA NACIONAL ALDIR BLANC DE FOMENTO A CULTURA,0
2026,2,9999,20,1112510102000,IPVA - PRINC. - COTA PARTE DOS MUNICIPIOS,2119977437.74
2026,2,9999,20,1112510202000,IPVA - MJM - COTA PARTE DOS MUNICIPIOS,18022333.2
2026,2,9999,20,1112510302000,IPVA - DA - COTA PARTE DOS MUNICIPIOS,10300416.11
2026,2,9999,20,1114501102000,ICMS - PRINC. - COTA PARTE DOS MUNICIPIOS,1647438053.11
2026,2,9999,20,1114501202000,ICMS - MJM - COTA PARTE DOS MUNICIPIOS,17565404.94
2026,2,9999,20,1114501302000,ICMS - DA - COTA PARTE DOS MUNICIPIOS,15304177.91
2026,2,9999,20,1711530102000,COTA-PARTE IPI - ESTADOS EXPORT. PROD. INDUST. - PRINC. - MUNICIPIOS,22294734.46
2026,2,9999,20,9112510102000,DEDUCAO REC. - IPVA - PRINC. - COTA PARTE DOS MUNICIPIOS,-2119977437.74
2026,2,9999,20,9112510202000,DEDUCAO REC. - IPVA - MJM - COTA PARTE DOS MUNICIPIOS,-18022333.2
2026,2,9999,20,9112510302000,DEDUCAO REC. - IPVA - DA - COTA PARTE DOS MUNICIPIOS,-10300416.11
2026,2,9999,20,9114501102000,DEDUCAO REC. - ICMS - PRINC. - COTA PARTE DOS MUNICIPIOS,-1647438053.11
2026,2,9999,20,9114501202000,DEDUCAO REC. - ICMS - MJM - COTA PARTE DOS MUNICIPIOS,-17565404.94
2026,2,9999,20,9114501302000,DEDUCAO REC. - ICMS - DA - COTA PARTE DOS MUNICIPIOS,-15304177.91
2026,2,9999,20,9711530102000,DEDUCAO REC. - COTA-PARTE IPI - ESTADOS EXPORT. PROD. INDUST. - PRINC. - MUNICIPIOS,-22294734.46
2026,2,9999,23,1112510103000,IPVA - PRINC. - COTA PARTE DO ESTADO PARA O FUNDEB,424022027.17
2026,2,9999,23,1112510203000,IPVA - MJM - COTA PARTE DO ESTADO PARA O FUNDEB,3606193.15
2026,2,9999,23,1112510303000,IPVA - DA - COTA PARTE DO ESTADO PARA O FUNDEB,2060953.96
2026,2,9999,23,1112520102000,ITCD - PRINC. - COTA PARTE DO FUNDEB,25202323.46
2026,2,9999,23,1112520202000,ITCD - MJM - COTA PARTE DO FUNDEB,2580218.99
2026,2,9999,23,1112520302000,ITCD - DA - COTA PARTE DO FUNDEB,298308.14
2026,2,9999,23,1114501103000,ICMS - PRINC. - COTA PARTE DO ESTADO PARA O FUNDEB,988463778.56
2026,2,9999,23,1114501203000,ICMS - MJM - COTA PARTE DO ESTADO PARA O FUNDEB,10538295.62
2026,2,9999,23,1114501303000,ICMS - DA - COTA PARTE DO ESTADO PARA O FUNDEB,9182506.55
2026,2,9999,23,1114502102000,ADICIONAL ICMS - FEM - PRINC. - COTA PARTE DO FUNDEB,18339008.56
2026,2,9999,23,1114502202000,ADICIONAL ICMS - FEM - MJM - COTA PARTE DO FUNDEB,73047.71
2026,2,9999,23,1114502302000,ADICIONAL ICMS - FEM - DA - COTA PARTE DO FUNDEB,56058.58
2026,2,9999,23,1114502402000,ADICIONAL ICMS - FEM - DA-MJM - COTA PARTE DO FUNDEB,48897.71
2026,2,9999,23,1711500102000,COTA-PARTE FPE - PRINC. - FUNDEB,225175002.49
2026,2,9999,23,1711530103000,COTA-PARTE IPI - ESTADOS EXPORT. PROD. INDUST. - PRINC. - FUNDEB,13376840.68
2026,2,9999,23,1715530101000,TRANSF. FUNDEB MATRICULAS ETI - PRINC.,0
2026,2,9999,23,1922510102000,RESTITUICOES RECURSOS FUNDEB - PRINC. - REMUNERACAO FOLHA PAGAMENTO - PESSOAL ATIVO,0
2026,2,9999,23,1922510199000,RESTITUICOES RECURSOS FUNDEB - PRINC. - DEMAIS,0
2026,2,9999,23,9112510103000,DEDUCAO REC. - IPVA - PRINC. - COTA PARTE DO ESTADO PARA O FUNDEB,-424022027.17
2026,2,9999,23,9112510203000,DEDUCAO REC. - IPVA - MJM - COTA PARTE DO ESTADO PARA O FUNDEB,-3606193.15
2026,2,9999,23,9112510303000,DEDUCAO REC. - IPVA - DA - COTA PARTE DO ESTADO PARA O FUNDEB,-2060953.96
2026,2,9999,23,9112520102000,DEDUCAO REC. - ITCD - PRINC. - COTA PARTE DO ESTADO PARA O FUNDEB,-25202323.46
2026,2,9999,23,9112520202000,DEDUCAO REC. - ITCD - MJM - COTA PARTE DO ESTADO PARA O FUNDEB,-2580218.99
2026,2,9999,23,9112520302000,DEDUCAO REC. - ITCD - DA - COTA PARTE DO ESTADO PARA O FUNDEB,-298308.14
2026,2,9999,23,9114501103000,DEDUCAO REC. - ICMS - PRINC. - COTA PARTE DO ESTADO PARA O FUNDEB,-988463778.56
2026,2,9999,23,9114501203000,DEDUCAO REC. - ICMS - MJM - COTA PARTE DO ESTADO PARA O FUNDEB,-10538295.62
2026,2,9999,23,9114501303000,DEDUCAO REC. - ICMS - DA - COTA PARTE DO ESTADO PARA O FUNDEB,-9182506.55
2026,2,9999,23,9114502102000,DEDUCAO REC. - ADICIONAL ICMS - FEM - PRINC. - COTA PARTE DO FUNDEB,-18339008.56
2026,2,9999,23,9114502202000,DEDUCAO REC. - ADICIONAL ICMS - FEM - MJM - COTA PARTE DO FUNDEB,-73047.71
2026,2,9999,23,9114502302000,DEDUCAO REC. - ADICIONAL ICMS - FEM - DA - COTA PARTE DO FUNDEB,-56058.58
2026,2,9999,23,9114502402000,DEDUCAO REC. - ADICIONAL ICMS - FEM - DA-MJM - COTA PARTE DO FUNDEB,-48897.71
2026,2,9999,23,9711500102000,DEDUCAO REC. - COTA-PARTE FPE - PRINC. - FUNDEB,-225175002.49
2026,2,9999,23,9711530103000,DEDUCAO REC. - COTA-PARTE IPI - ESTADOS EXPORT. PROD. INDUST. - PRINC. - FUNDEB,-13376840.68
2026,2,9999,24,1321010101000,REMUNERACAO DEPOSITOS BANCARIOS - PRINC.,0
2026,2,9999,25,1321010101000,REMUNERACAO DEPOSITOS BANCARIOS - PRINC.,1614667.79
2026,2,9999,25,1922990199000,OUTRAS RESTITUICOES - PRINC. - DEMAIS,0
2026,2,9999,27,1121010101001,TX. INSP. CONTR. FISC. - PRINC. - TX. SEGURANCA PUBLICA - POLICIA CIVIL DO ESTADO DE MINAS GERAIS - PCMG E COORDENADORIA ESTADUAL DE GESTAO DO TRANSITO - CET,64198763.82
2026,2,9999,27,1121010101002,TX. INSP. CONTR. FISC. - PRINC. - TX. SEGURANCA PUBLICA - CORPO DE BOMBEIROS MILITAR DO ESTADO DE MINAS GERAIS - CBMMG,630007.87
2026,2,9999,27,1121010101003,TX. INSP. CONTR. FISC. - PRINC. - TX. SEGURANCA PUBLICA - POLICIA MILITAR DO ESTADO DE MINAS GERAIS - PMMG,12812.03
2026,2,9999,27,1121010101004,TX. INSP. CONTR. FISC. - PRINC. - TX. SEGURANCA PUBLICA - TAXA DE RENOVACAO DE LICENCIAMENTO ANUAL DE VEICULO,73314372.05
2026,2,9999,27,1121010101006,TX. INSP. CONTR. FISC. - PRINC. - TX. SEGURANCA PUBLICA - DEPARTAMENTO DE EDIFICACOES E ESTRADAS DE RODAGEM DO ESTADO DE MINAS GERAIS - DERMG,487645.2
2026,2,9999,27,1121010201001,TX. INSP. CONTR. FISC. - MJM - TX. SEGURANCA PUBLICA - POLICIA CIVIL DO ESTADO DE MINAS GERAIS - PCMG E COORDENADORIA ESTADUAL DE GESTAO DO TRANSITO - CET,15.72
2026,2,9999,27,1121010201004,TX. INSP. CONTR. FISC. - MJM - TX. SEGURANCA PUBLICA - TAXA DE RENOVACAO DE LICENCIAMENTO ANUAL DE VEICULO,1292887.92
2026,2,9999,29,1122010101002,TX. PREST. SERV. G. - PRINC. - TX. EXP. - ATOS DA SECRETARIA DE ESTADO DA FAZENDA - SEF,1130433.44
2026,2,9999,29,1122010101004,TX. PREST. SERV. G. - PRINC. - TX. EXP. - ATOS DA SECRETARIA DE ESTADO DE SAUDE - SES,449.19
2026,2,9999,29,1122010101011,TX. PREST. SERV. G. - PRINC. - TX. EXP. - ATOS DE AUTORIDADE ADMINISTRATIVA DO SISTEMA ESTADUAL DE MEIO AMBIENTE E RECURSOS HIDRICOS - SISEMA,97650.73
2026,2,9999,29,1122010201002,TX. PREST. SERV. G. - MJM - TX. EXP. - ATOS DA SECRETARIA DE ESTADO DA FAZENDA - SEF,6087.09
2026,2,9999,30,1219991110001,DEMAIS CONTRIB. SOC. - PRINC. - CONTRIB. MILITAR APOSENTADORIA - ATIVO,14146606.07
2026,2,9999,31,1321010101000,REMUNERACAO DEPOSITOS BANCARIOS - PRINC.,120.88
2026,2,9999,31,1712500101000,COTA-PARTE COMPENSACAO FINANCEIRA RECURSOS HIDRICOS - PRINC.,1503457.2
2026,2,9999,32,1712510101000,COTA-PARTE CFEM - PRINC.,32339964.56
2026,2,9999,32,1922990199000,OUTRAS RESTITUICOES - PRINC. - DEMAIS,230784.45
2026,2,9999,33,1712521101000,COTA-PARTE COMPENSACAO FINANCEIRA PRODUCAO PETROLEO - LEI FEDERAL NO 7.990/89 - PRINC.,2900349.12
2026,2,9999,33,1922990199000,OUTRAS RESTITUICOES - PRINC. - DEMAIS,24391.95
2026,2,9999,38,1321010101000,REMUNERACAO DEPOSITOS BANCARIOS - PRINC.,0
2026,2,9999,45,1321010101000,REMUNERACAO DEPOSITOS BANCARIOS - PRINC.,0
2026,2,9999,45,1741990141999,DIR. HUMANOS CIDADANIA - OUTROS,0
2026,2,9999,46,1321010101000,REMUNERACAO DEPOSITOS BANCARIOS - PRINC.,294.29
2026,2,9999,48,2221010101000,ALIENACAO BENS IMOVEIS - PRINC.,2966612.84
2026,2,9999,51,1711540101000,COTA-PARTE CIDE - PRINC. - ESTADO,21523440.39
2026,2,9999,57,1321010101000,REMUNERACAO DEPOSITOS BANCARIOS - PRINC.,0
2026,2,9999,59,1332040101000,DELEG. EXPLORACAO INFRAEST. AEROPORTUARIA - PRINC.,0
2026,2,9999,60,1311011101000,ALUGUEIS ARRENDAMENTOS - PRINC. - ALUGUEIS,0
2026,2,9999,60,1922520101000,RESTITUICAO REMUNERACAO FOLHA PAGAMENTO - PESSOAL ATIVO - PRINC.,0
2026,2,9999,60,1922990199000,OUTRAS RESTITUICOES - PRINC. - DEMAIS,0
2026,2,9999,69,1724990112002,CULTURA - COMPANHIA DE DESENVOLVIMENTO DE MINAS GERAIS - CODEMGE,0
2026,2,9999,69,2422990111002,CULTURA - COMPANHIA DE DESENVOLVIMENTO DE MINAS GERAIS - CODEMGE,0
2026,2,9999,70,1321010101000,REMUNERACAO DEPOSITOS BANCARIOS - PRINC.,0
2026,2,9999,71,1114502101000,ADICIONAL ICMS - FEM - PRINC. - COTA PARTE DO ESTADO,51337795.93
2026,2,9999,71,1114502201000,ADICIONAL ICMS - FEM - MJM - COTA PARTE DO ESTADO,204533.4
2026,2,9999,71,1114502301000,ADICIONAL ICMS - FEM - DA - COTA PARTE DO ESTADO,156964.11
2026,2,9999,71,1114502401000,ADICIONAL ICMS - FEM - DA-MJM - COTA PARTE DO ESTADO,136913.59
2026,2,9999,71,1321010101000,REMUNERACAO DEPOSITOS BANCARIOS - PRINC.,1851.03
2026,2,9999,72,1121040102000,TX. CONTR. FISC. AMBIENT. - PRINC. - TAXA DE FISCALIZACAO DE RECURSOS MINERARIOS,32229479.88
2026,2,9999,72,1121040202000,TX. CONTR. FISC. AMBIENT. - MJM - TAXA DE FISCALIZACAO DE RECURSOS MINERARIOS,48116.04
2026,2,9999,72,1121040302000,TX. CONTR. FISC. AMBIENT. - DA - TAXA DE FISCALIZACAO DE RECURSOS MINERARIOS,646364.04
2026,2,9999,72,1121040402000,TX. CONTR. FISC. AMBIENT. - DA-MJM - TAXA DE FISCALIZACAO DE RECURSOS MINERARIOS,1480588.71
2026,2,9999,72,1321010101000,REMUNERACAO DEPOSITOS BANCARIOS - PRINC.,3389.99
2026,2,9999,74,1321010101000,REMUNERACAO DEPOSITOS BANCARIOS - PRINC.,0
2026,2,9999,80,1321010101000,REMUNERACAO DEPOSITOS BANCARIOS - PRINC.,17183256.57
2026,2,9999,80,1922990199000,OUTRAS RESTITUICOES - PRINC. - DEMAIS,344949.67
2026,2,9999,82,1911010103001,MULTAS LEGISL. ESPECIFICA - PRINC. - LEGISL. TRANSITO - COTA PARTE DO ESTADO,12188989.36
2026,2,9999,82,1911010103004,MULTAS LEGISL. ESPECIFICA - PRINC. - LEGISL. TRANSITO - COTA PARTE DO FUNDO NACIONAL DE SEGURANCA E EDUCACAO NO TRANSITO - FUNSET - ESTADO,921352.11
2026,2,9999,82,9911010103004,DEDUCAO REC. - MULTAS LEGISL. ESPECIFICA - PRINC. - LEGISL. TRANSITO - COTA PARTE DO FUNDO NACIONAL DE SEGURANCA E EDUCACAO NO TRANSITO - FUNSET - ESTADO,-921352.11
2026,2,9999,89,1321010101000,REMUNERACAO DEPOSITOS BANCARIOS - PRINC.,526338.75
2026,2,9999,89,2441520101000,TRANSF. FEF - LC N° 212/2025 - PRINC.,0
2026,2,9999,94,1121040101000,TX. CONTR. FISC. AMBIENT. - PRINC. - TAXA FLORESTAL,1537577.64
2026,2,9999,95,1321010101000,REMUNERACAO DEPOSITOS BANCARIOS - PRINC.,102646487.65
2026,2,9999,95,1922990199000,OUTRAS RESTITUICOES - PRINC. - DEMAIS,0
2026,2,9999,95,2999990102000,DEMAIS REC. CAPITAL - PRINC. - ROMPIMENTO DA BARRAGEM DA MINA DO CORREGO DO FEIJAO EM BRUMADINHO,0
2026,2,9999,97,1321010101000,REMUNERACAO DEPOSITOS BANCARIOS - PRINC.,333002.51
2026,2,9999,98,1321010101000,REMUNERACAO DEPOSITOS BANCARIOS - PRINC.,0
2026,3,1011,60,1321010101000,REMUNERACAO DEPOSITOS BANCARIOS - PRINC.,8569619.51
2026,3,1011,60,1361011101000,CESSAO DIR. OPERAC. PAG. - PODERES EXECUTIVO LEGISLATIVO - PRINC. - FOLHA DE PESSOAL,78275.27
2026,3,1011,60,1922990199000,OUTRAS RESTITUICOES - PRINC. - DEMAIS,132283.34
2026,3,1011,60,1999992199000,OUTRAS REC. - PRIMARIAS - PRINC. - DEMAIS,101235.83
2026,3,1021,60,1321010101000,REMUNERACAO DEPOSITOS BANCARIOS - PRINC.,3159383.83
2026,3,1021,60,1922063199000,RESTITUICAO DESPESAS PRIMARIAS EXERCICIOS ANTERIORES - PRINC. - DEMAIS,293.24
2026,3,1031,60,1321010101000,REMUNERACAO DEPOSITOS BANCARIOS - PRINC.,12537805.97
2026,3,1031,60,1922990199000,OUTRAS RESTITUICOES - PRINC. - DEMAIS,111177.26
2026,3,1031,60,1999992199000,OUTRAS REC. - PRIMARIAS - PRINC. - DEMAIS,247.08
2026,3,1051,60,1321010101000,REMUNERACAO DEPOSITOS BANCARIOS - PRINC.,330151.81
2026,3,1051,60,1611010113000,SERVICOS ADM. COMERC. GER. - PRINC. - FOTOCOPIAS E COPIAS HELIOGRAFICAS,0
2026,3,1071,45,1321010101000,REMUNERACAO DEPOSITOS BANCARIOS - PRINC.,1.94
2026,3,1071,45,1741990141999,DIR. HUMANOS CIDADANIA - OUTROS,1379943.77
2026,3,1071,98,1321010101000,REMUNERACAO DEPOSITOS BANCARIOS - PRINC.,20034.46
2026,3,1081,9,1321010101000,REMUNERACAO DEPOSITOS BANCARIOS - PRINC.,21894.36
2026,3,1081,57,1321010101000,REMUNERACAO DEPOSITOS BANCARIOS - PRINC.,135.36
2026,3,1091,47,1321010101000,REMUNERACAO DEPOSITOS BANCARIOS - PRINC.,0
2026,3,1091,60,1311011101000,ALUGUEIS ARRENDAMENTOS - PRINC. - ALUGUEIS,1360.69
2026,3,1091,60,1321010101000,REMUNERACAO DEPOSITOS BANCARIOS - PRINC.,0
2026,3,1091,60,1922990199000,OUTRAS RESTITUICOES - PRINC. - DEMAIS,28206.34
2026,3,1191,9,1321010101000,REMUNERACAO DEPOSITOS BANCARIOS - PRINC.,257841.46
2026,3,1191,9,2441990134999,ADM. ATIV. FISCAL - OUTROS,1583000
2026,3,1191,74,1321010101000,REMUNERACAO DEPOSITOS BANCARIOS - PRINC.,506437.38
2026,3,1221,24,1321010101000,REMUNERACAO DEPOSITOS BANCARIOS - PRINC.,55357.9
2026,3,1221,98,1321010101000,REMUNERACAO DEPOSITOS BANCARIOS - PRINC.,75.78
2026,3,1231,1,1321010101000,REMUNERACAO DEPOSITOS BANCARIOS - PRINC.,5091.7
2026,3,1231,24,1321010101000,REMUNERACAO DEPOSITOS BANCARIOS - PRINC.,36186.56
2026,3,1231,59,1349010103000,COMPENSACOES AMBIENTAIS - PRINC. - SUPRESSAO DO PEQUI,133341.39
2026,3,1231,69,1321010101000,REMUNERACAO DEPOSITOS BANCARIOS - PRINC.,8946.82
2026,3,1231,98,1321010101000,REMUNERACAO DEPOSITOS BANCARIOS - PRINC.,45007.91
2026,3,1251,1,1321010101000,REMUNERACAO DEPOSITOS BANCARIOS - PRINC.,16442.79
2026,3,1251,2,1321010101000,REMUNERACAO DEPOSITOS BANCARIOS - PRINC.,6909.45
2026,3,1251,24,1717990120002,SEGURANCA PUBLICA - CENTRAIS DE ABASTECIMENTO DE MINAS GERAIS - CEASAMINAS,320473.37
2026,3,1251,24,1717990120014,SEGURANCA PUBLICA - INSTITUTO NACIONAL DE ESTUDOS E PESQUISAS EDUCACIONAIS ANISIO TEIXEIRA - INEP,0
2026,3,1251,24,2414990120001,SEGURANCA PUBLICA - CENTRAIS DE ABASTECIMENTO DE MINAS GERAIS - CEASAMINAS,1000
2026,3,1251,45,2441990150999,SEGURANCA PUBLICA - OUTROS,18592.01
2026,3,1251,60,1311012101000,FOROS LAUDEMIOS TARIFAS OCUPACAO - PRINC. - TARIFA DE OCUPACAO DE IMOVEIS,25355.5
2026,3,1251,60,1311020101000,CONC. PERM. AUTOR. CESSAO DIR. USO BENS IMOV. PUB. - PRINC. - CONCESSAO DE DIREITO REAL DE USO DE AREA PUBLICA,171600.55
2026,3,1251,60,1611010199001,SERVICOS ADM. COMERC. GER. - PRINC. - DEMAIS - SERVICOS ADMINISTRATIVOS,7243.17
2026,3,1251,60,1611020101000,INSCRICAO CONCURSOS PROCESSOS SELETIVOS - PRINC.,92460
2026,3,1251,60,1911090199000,MULTAS JUROS PREVISTOS CONTRATOS - PRINC. - DEMAIS,2862.72
2026,3,1251,60,1922990199000,OUTRAS RESTITUICOES - PRINC. - DEMAIS,320
2026,3,1251,60,1999992199000,OUTRAS REC. - PRIMARIAS - PRINC. - DEMAIS,9763.05
2026,3,1251,69,1321010101000,REMUNERACAO DEPOSITOS BANCARIOS - PRINC.,76259.01
2026,3,1251,69,1724990123001,SEGURANCA PUBLICA - COMPANHIA DE SANEAMENTO DE MINAS GERAIS - COPASA,1193077.17
2026,3,1251,70,1321010101000,REMUNERACAO DEPOSITOS BANCARIOS - PRINC.,89612.02
2026,3,1251,70,1732990123001,SEGURANCA PUBLICA - DIVERSOS MUNICIPIOS,1621999.64
2026,3,1251,70,2432990122001,SEGURANCA PUBLICA - DIVERSOS MUNICIPIOS,1061208.27
2026,3,1251,73,1321010101000,REMUNERACAO DEPOSITOS BANCARIOS - PRINC.,179783.71
2026,3,1261,3,1321010101000,REMUNERACAO DEPOSITOS BANCARIOS - PRINC.,0
2026,3,1261,21,1321010101000,REMUNERACAO DEPOSITOS BANCARIOS - PRINC.,6190150.6
2026,3,1261,21,1714500101000,TRANSFERENCIAS DO SALARIO-EDUCACAO - PRINC.,80971779.78
2026,3,1261,21,1922990104000,OUTRAS RESTITUICOES - PRINC. - CONTRIB. DO SALARIO-EDUCACAO,57034.87
2026,3,1261,23,1321010101000,REMUNERACAO DEPOSITOS BANCARIOS - PRINC.,12138688.02
2026,3,1261,23,1751500101000,TRANSF. RECURSOS FUNDEB - PRINC. - PARCELA FPM,174404067
2026,3,1261,23,1751500103001,TRANSF. RECURSOS FUNDEB - PRINC. - PARCELA ICMS - PRINC.,695388992.94
2026,3,1261,23,1751500104001,TRANSF. RECURSOS FUNDEB - PRINC. - PARCELA IPI - PRINC.,7684985.88
2026,3,1261,23,1751500105001,TRANSF. RECURSOS FUNDEB - PRINC. - PARCELA FPE - PRINC.,58498700.04
2026,3,1261,23,1751500106001,TRANSF. RECURSOS FUNDEB - PRINC. - PARCELA ITR - PRINC.,261991.22
2026,3,1261,23,1751500107001,TRANSF. RECURSOS FUNDEB - PRINC. - PARCELA IPVA - PRINC.,187776513.77
2026,3,1261,23,1751500108001,TRANSF. RECURSOS FUNDEB - PRINC. - PARCELA ITCD - PRINC.,18454878.78
2026,3,1261,23,1751500109001,TRANSF. RECURSOS FUNDEB - PRINC. - PARCELA ADICIONAL ICMS - FEM - PRINC.,7708290.26
2026,3,1261,23,1922990199000,OUTRAS RESTITUICOES - PRINC. - DEMAIS,11268344.34
2026,3,1261,24,1321010101000,REMUNERACAO DEPOSITOS BANCARIOS - PRINC.,0
2026,3,1261,36,1321010101000,REMUNERACAO DEPOSITOS BANCARIOS - PRINC.,258034.7
2026,3,1261,36,1714520101000,TRANSF. REF. PNAE - PRINC.,27460070.5
2026,3,1261,36,1922990199000,OUTRAS RESTITUICOES - PRINC. - DEMAIS,19638.49
2026,3,1261,36,2412509102000,EDUCACAO - FNDE - CONSTRUCAO DE QUADRAS POLIESPORTIVAS,579809.99
2026,3,1261,70,1321010101000,REMUNERACAO DEPOSITOS BANCARIOS - PRINC.,1157.44
2026,3,1261,98,1321010101000,REMUNERACAO DEPOSITOS BANCARIOS - PRINC.,24178.92
2026,3,1301,24,1321010101000,REMUNERACAO DEPOSITOS BANCARIOS - PRINC.,577057.42
2026,3,1301,24,2414540102000,TRANSPORTE - MINISTERIO DAS CIDADES,629527.88
2026,3,1301,24,2414540104000,"TRANSPORTE - MINISTERIO DA AGRICULTURA, PECUARIA E ABASTECIMENTO",3247000
2026,3,1301,59,1321010101000,REMUNERACAO DEPOSITOS BANCARIOS - PRINC.,284131.3
2026,3,1301,59,1332040101000,DELEG. EXPLORACAO INFRAEST. AEROPORTUARIA - PRINC.,384295.22
2026,3,1301,70,1321010101000,REMUNERACAO DEPOSITOS BANCARIOS - PRINC.,143000.15
2026,3,1301,73,1321010101000,REMUNERACAO DEPOSITOS BANCARIOS - PRINC.,58882.93
2026,3,1301,74,1321010101000,REMUNERACAO DEPOSITOS BANCARIOS - PRINC.,146510.68
2026,3,1301,98,1321010101000,REMUNERACAO DEPOSITOS BANCARIOS - PRINC.,10113.68
2026,3,1371,9,1321010101000,REMUNERACAO DEPOSITOS BANCARIOS - PRINC.,196282.04
2026,3,1371,24,1321010101000,REMUNERACAO DEPOSITOS BANCARIOS - PRINC.,60599.99
2026,3,1371,79,1911061101000,MULTAS ADM. DANOS AMBIENTAIS - PRINC.,1837710.95
2026,3,1401,2,1321010101000,REMUNERACAO DEPOSITOS BANCARIOS - PRINC.,31854.72
2026,3,1401,9,1321010101000,REMUNERACAO DEPOSITOS BANCARIOS - PRINC.,5700.12
2026,3,1401,9,1741990150999,SEGURANCA PUBLICA - OUTROS,35000
2026,3,1401,9,2441990150999,SEGURANCA PUBLICA - OUTROS,698395.92
2026,3,1401,24,1321010101000,REMUNERACAO DEPOSITOS BANCARIOS - PRINC.,8366.49
2026,3,1401,60,1611010111000,SERVICOS ADM. COMERC. GER. - PRINC. - SEGURANCA PUBLICA,375.06
2026,3,1401,60,1611010127000,SERVICOS ADM. COMERC. GER. - PRINC. - RECREATIVOS E CULTURAIS,32789.85
2026,3,1401,60,1911010111000,MULTAS LEGISL. ESPECIFICA - PRINC. - INFRACAO A LEGISLACAO SOBRE PRATICAS DE COMPETENCIA DO CBMMG POR INSTITUICOES CIVIS,5789.9
2026,3,1401,66,1321010101000,REMUNERACAO DEPOSITOS BANCARIOS - PRINC.,3029.49
2026,3,1401,70,1321010101000,REMUNERACAO DEPOSITOS BANCARIOS - PRINC.,9179.55
2026,3,1401,70,1732990123001,SEGURANCA PUBLICA - DIVERSOS MUNICIPIOS,102000
2026,3,1401,70,2432990122001,SEGURANCA PUBLICA - DIVERSOS MUNICIPIOS,1060000
2026,3,1401,74,1321010101000,REMUNERACAO DEPOSITOS BANCARIOS - PRINC.,82.18
2026,3,1401,98,1321010101000,REMUNERACAO DEPOSITOS BANCARIOS - PRINC.,183556.96
2026,3,1441,60,1321010101000,REMUNERACAO DEPOSITOS BANCARIOS - PRINC.,1155971.78
2026,3,1441,60,1922990199000,OUTRAS RESTITUICOES - PRINC. - DEMAIS,84.57
2026,3,1451,1,1321010101000,REMUNERACAO DEPOSITOS BANCARIOS - PRINC.,-472.34
2026,3,1451,2,1321010101000,REMUNERACAO DEPOSITOS BANCARIOS - PRINC.,31044.68
2026,3,1451,9,1321010101000,REMUNERACAO DEPOSITOS BANCARIOS - PRINC.,1220.07
2026,3,1451,10,7729990125000,REC. INTRA. - OUTRAS TRANSF. ESTADOS DF - PRINC. - REPASSE DO FUNDO ESTADUAL DE SAUDE - FES - LC FEDERAL NO 141/12,27006025.43
2026,3,1451,24,1321010101000,REMUNERACAO DEPOSITOS BANCARIOS - PRINC.,145886.36
2026,3,1451,60,1922990199000,OUTRAS RESTITUICOES - PRINC. - DEMAIS,9915.96
2026,3,1451,60,1923990101000,OUTROS RESSARCIMENTOS - PRINC. - RETENCAO SOBRE PAGAMENTO FOLHA DE SENTENCIADO,871444.76
2026,3,1451,70,1321010101000,REMUNERACAO DEPOSITOS BANCARIOS - PRINC.,797.86
2026,3,1451,70,2432990122001,SEGURANCA PUBLICA - DIVERSOS MUNICIPIOS,45020
2026,3,1451,98,1321010101000,REMUNERACAO DEPOSITOS BANCARIOS - PRINC.,13826.26
2026,3,1481,24,1321010101000,REMUNERACAO DEPOSITOS BANCARIOS - PRINC.,1479.62
2026,3,1481,38,1719990115001,DESPORTO LAZER - MINISTERIO DO ESPORTE,1620904.05
2026,3,1481,59,1741990140999,DESPORTO LAZER - OUTROS,24396.43
2026,3,1481,98,1321010101000,REMUNERACAO DEPOSITOS BANCARIOS - PRINC.,6936.5
2026,3,1511,1,1321010101000,REMUNERACAO DEPOSITOS BANCARIOS - PRINC.,-2576.57
2026,3,1511,2,1321010101000,REMUNERACAO DEPOSITOS BANCARIOS - PRINC.,0
2026,3,1511,9,1321010101000,REMUNERACAO DEPOSITOS BANCARIOS - PRINC.,0
2026,3,1511,9,1741990150999,SEGURANCA PUBLICA - OUTROS,57038.52
2026,3,1511,9,2441990150999,SEGURANCA PUBLICA - OUTROS,162068.9
2026,3,1511,24,1321010101000,REMUNERACAO DEPOSITOS BANCARIOS - PRINC.,-880.93
2026,3,1511,70,1321010101000,REMUNERACAO DEPOSITOS BANCARIOS - PRINC.,0
2026,3,1511,74,1321010101000,REMUNERACAO DEPOSITOS BANCARIOS - PRINC.,0
2026,3,1511,98,1321010101000,REMUNERACAO DEPOSITOS BANCARIOS - PRINC.,0
2026,3,1541,10,7729990125000,REC. INTRA. - OUTRAS TRANSF. ESTADOS DF - PRINC. - REPASSE DO FUNDO ESTADUAL DE SAUDE - FES - LC FEDERAL NO 141/12,1965229.37
2026,3,1711,69,1321010101000,REMUNERACAO DEPOSITOS BANCARIOS - PRINC.,655.06
2026,3,1911,15,1321010101000,REMUNERACAO DEPOSITOS BANCARIOS - PRINC.,0
2026,3,1911,15,1999992199000,OUTRAS REC. - PRIMARIAS - PRINC. - DEMAIS,0
2026,3,1911,20,1112510102000,IPVA - PRINC. - COTA PARTE DOS MUNICIPIOS,0
2026,3,1911,20,1112510202000,IPVA - MJM - COTA PARTE DOS MUNICIPIOS,0
2026,3,1911,20,1112510302000,IPVA - DA - COTA PARTE DOS MUNICIPIOS,0
2026,3,1911,20,1114501102000,ICMS - PRINC. - COTA PARTE DOS MUNICIPIOS,0
2026,3,1911,20,1114501202000,ICMS - MJM - COTA PARTE DOS MUNICIPIOS,0
2026,3,1911,20,1114501302000,ICMS - DA - COTA PARTE DOS MUNICIPIOS,0
2026,3,1911,20,9112510102000,DEDUCAO REC. - IPVA - PRINC. - COTA PARTE DOS MUNICIPIOS,0
2026,3,1911,20,9112510202000,DEDUCAO REC. - IPVA - MJM - COTA PARTE DOS MUNICIPIOS,0
2026,3,1911,20,9112510302000,DEDUCAO REC. - IPVA - DA - COTA PARTE DOS MUNICIPIOS,0
2026,3,1911,20,9114501102000,DEDUCAO REC. - ICMS - PRINC. - COTA PARTE DOS MUNICIPIOS,0
2026,3,1911,20,9114501202000,DEDUCAO REC. - ICMS - MJM - COTA PARTE DOS MUNICIPIOS,0
2026,3,1911,20,9114501302000,DEDUCAO REC. - ICMS - DA - COTA PARTE DOS MUNICIPIOS,0
2026,3,1911,23,1112510103000,IPVA - PRINC. - COTA PARTE DO ESTADO PARA O FUNDEB,0
2026,3,1911,23,1112510203000,IPVA - MJM - COTA PARTE DO ESTADO PARA O FUNDEB,0
2026,3,1911,23,1112510303000,IPVA - DA - COTA PARTE DO ESTADO PARA O FUNDEB,0
2026,3,1911,23,1112520102000,ITCD - PRINC. - COTA PARTE DO FUNDEB,0
2026,3,1911,23,1112520202000,ITCD - MJM - COTA PARTE DO FUNDEB,0
2026,3,1911,23,1112520302000,ITCD - DA - COTA PARTE DO FUNDEB,0
2026,3,1911,23,1114501103000,ICMS - PRINC. - COTA PARTE DO ESTADO PARA O FUNDEB,0
2026,3,1911,23,1114501203000,ICMS - MJM - COTA PARTE DO ESTADO PARA O FUNDEB,0
2026,3,1911,23,1114501303000,ICMS - DA - COTA PARTE DO ESTADO PARA O FUNDEB,0
2026,3,1911,23,1114502102000,ADICIONAL ICMS - FEM - PRINC. - COTA PARTE DO FUNDEB,0
2026,3,1911,23,1114502202000,ADICIONAL ICMS - FEM - MJM - COTA PARTE DO FUNDEB,0
2026,3,1911,23,1114502302000,ADICIONAL ICMS - FEM - DA - COTA PARTE DO FUNDEB,0
2026,3,1911,23,1114502402000,ADICIONAL ICMS - FEM - DA-MJM - COTA PARTE DO FUNDEB,0
2026,3,1911,23,9112510103000,DEDUCAO REC. - IPVA - PRINC. - COTA PARTE DO ESTADO PARA O FUNDEB,0
2026,3,1911,23,9112510203000,DEDUCAO REC. - IPVA - MJM - COTA PARTE DO ESTADO PARA O FUNDEB,0
2026,3,1911,23,9112510303000,DEDUCAO REC. - IPVA - DA - COTA PARTE DO ESTADO PARA O FUNDEB,0
2026,3,1911,23,9112520102000,DEDUCAO REC. - ITCD - PRINC. - COTA PARTE DO ESTADO PARA O FUNDEB,0
2026,3,1911,23,9112520202000,DEDUCAO REC. - ITCD - MJM - COTA PARTE DO ESTADO PARA O FUNDEB,0
2026,3,1911,23,9112520302000,DEDUCAO REC. - ITCD - DA - COTA PARTE DO ESTADO PARA O FUNDEB,0
2026,3,1911,23,9114501103000,DEDUCAO REC. - ICMS - PRINC. - COTA PARTE DO ESTADO PARA O FUNDEB,0
2026,3,1911,23,9114501203000,DEDUCAO REC. - ICMS - MJM - COTA PARTE DO ESTADO PARA O FUNDEB,0
2026,3,1911,23,9114501303000,DEDUCAO REC. - ICMS - DA - COTA PARTE DO ESTADO PARA O FUNDEB,0
2026,3,1911,23,9114502102000,DEDUCAO REC. - ADICIONAL ICMS - FEM - PRINC. - COTA PARTE DO FUNDEB,0
2026,3,1911,23,9114502202000,DEDUCAO REC. - ADICIONAL ICMS - FEM - MJM - COTA PARTE DO FUNDEB,0
2026,3,1911,23,9114502302000,DEDUCAO REC. - ADICIONAL ICMS - FEM - DA - COTA PARTE DO FUNDEB,0
2026,3,1911,23,9114502402000,DEDUCAO REC. - ADICIONAL ICMS - FEM - DA-MJM - COTA PARTE DO FUNDEB,0
2026,3,1911,25,1321010101000,REMUNERACAO DEPOSITOS BANCARIOS - PRINC.,0
2026,3,2011,49,1219991101008,DEMAIS CONTRIB. SOC. - PRINC. - CONTRIB. PATRON. CIVIL SAUDE - MUNICIPIOS,14473.53
2026,3,2011,49,1922990199000,OUTRAS RESTITUICOES - PRINC. - DEMAIS,359.72
2026,3,2011,49,7219991101001,REC. INTRA. - DEMAIS CONTRIB. SOC. - PRINC. - CONTRIB. PATRON. CIVIL SAUDE - SERVIDOR ATIVO,10927885.44
2026,3,2011,49,7219991101002,REC. INTRA. - DEMAIS CONTRIB. SOC. - PRINC. - CONTRIB. PATRON. CIVIL SAUDE - SERVIDOR INATIVO,13107176.57
2026,3,2011,49,7219991101003,REC. INTRA. - DEMAIS CONTRIB. SOC. - PRINC. - CONTRIB. PATRON. CIVIL SAUDE - PENSIONISTA,2003204.89
2026,3,2011,49,7219991101004,REC. INTRA. - DEMAIS CONTRIB. SOC. - PRINC. - CONTRIB. PATRON. CIVIL SAUDE - CONTRATO ADMINISTRATIVO,1011658.26
2026,3,2011,49,7219991101005,REC. INTRA. - DEMAIS CONTRIB. SOC. - PRINC. - CONTRIB. PATRON. CIVIL SAUDE - ESTADO - DEPENDENTES,9106797.8
2026,3,2011,49,7219991101006,REC. INTRA. - DEMAIS CONTRIB. SOC. - PRINC. - CONTRIB. PATRON. CIVIL SAUDE - ESTADO - DEPENDENTES - FILHOS,6222162.73
2026,3,2011,50,1219991102001,DEMAIS CONTRIB. SOC. - PRINC. - CONTRIB. CIVIL SAUDE - ATIVO,23222133.21
2026,3,2011,50,1219991102002,DEMAIS CONTRIB. SOC. - PRINC. - CONTRIB. CIVIL SAUDE - INATIVO,34094879.46
2026,3,2011,50,1219991102003,DEMAIS CONTRIB. SOC. - PRINC. - CONTRIB. CIVIL SAUDE - PENSIONISTA,5271671.35
2026,3,2011,50,1219991102004,DEMAIS CONTRIB. SOC. - PRINC. - CONTRIB. CIVIL SAUDE - CONTRATO ADMINISTRATIVO,2243931.17
2026,3,2011,50,1219991102005,DEMAIS CONTRIB. SOC. - PRINC. - CONTRIB. CIVIL SAUDE - ESTADO - DEPENDENTES,21874045.85
2026,3,2011,50,1219991102006,DEMAIS CONTRIB. SOC. - PRINC. - CONTRIB. CIVIL SAUDE - ESTADO - DEPENDENTES - FILHOS,12603516.37
2026,3,2011,50,1219991102007,DEMAIS CONTRIB. SOC. - PRINC. - CONTRIB. CIVIL SAUDE - USUARIO FACULTATIVO,31602.72
2026,3,2011,50,1219991102008,DEMAIS CONTRIB. SOC. - PRINC. - CONTRIB. CIVIL SAUDE - MUNICIPIOS,32899.87
2026,3,2011,50,1219991102009,DEMAIS CONTRIB. SOC. - PRINC. - CONTRIB. CIVIL SAUDE - DEMAIS - SERVIDOR,277423.49
2026,3,2011,50,1219991102010,DEMAIS CONTRIB. SOC. - PRINC. - CONTRIB. CIVIL SAUDE - DEMAIS - DEPENDENTES,105253.85
2026,3,2011,50,1219991102011,DEMAIS CONTRIB. SOC. - PRINC. - CONTRIB. CIVIL SAUDE - DEMAIS - DEPENDENTES - FILHOS,74144.93
2026,3,2011,50,1922063199000,RESTITUICAO DESPESAS PRIMARIAS EXERCICIOS ANTERIORES - PRINC. - DEMAIS,1770.21
2026,3,2011,50,1922990199000,OUTRAS RESTITUICOES - PRINC. - DEMAIS,9475.23
2026,3,2011,60,1219991299000,DEMAIS CONTRIB. SOC. - MJM - DEMAIS,4733.95
2026,3,2011,60,1219991399000,DEMAIS CONTRIB. SOC. - DA - DEMAIS,105379.64
2026,3,2011,60,1219991499000,DEMAIS CONTRIB. SOC. - DA-MJM - DEMAIS,300282.98
2026,3,2011,60,1311020199000,CONC. PERM. AUTOR. CESSAO DIR. USO BENS IMOV. PUB. - PRINC. - DEMAIS,112848.69
2026,3,2011,60,1321010101000,REMUNERACAO DEPOSITOS BANCARIOS - PRINC.,4790240.19
2026,3,2011,60,1611010120000,SERVICOS ADM. COMERC. GER. - PRINC. - ADMINISTRACAO DE FUNDO DE PECULIO,186345.97
2026,3,2011,60,1611010199001,SERVICOS ADM. COMERC. GER. - PRINC. - DEMAIS - SERVICOS ADMINISTRATIVOS,120
2026,3,2011,60,1911090199000,MULTAS JUROS PREVISTOS CONTRATOS - PRINC. - DEMAIS,1108.49
2026,3,2011,60,1922063199000,RESTITUICAO DESPESAS PRIMARIAS EXERCICIOS ANTERIORES - PRINC. - DEMAIS,319891.11
2026,3,2011,60,1922990199000,OUTRAS RESTITUICOES - PRINC. - DEMAIS,361880.95
2026,3,2011,60,1999992199000,OUTRAS REC. - PRIMARIAS - PRINC. - DEMAIS,191340.24
2026,3,2011,61,1631990105001,OUTROS SERV. ATEND. SAUDE - PRINC. - COPARTICIP. SEGURADOS - SERVICOS HOSPITALARES,6108067.77
2026,3,2011,61,1631990105002,OUTROS SERV. ATEND. SAUDE - PRINC. - COPARTICIP. SEGURADOS - SERVICOS ODONTOLOGICOS,408413.43
2026,3,2041,60,1321010101000,REMUNERACAO DEPOSITOS BANCARIOS - PRINC.,27715.36
2026,3,2041,60,1922990199000,OUTRAS RESTITUICOES - PRINC. - DEMAIS,1802.02
2026,3,2041,60,1999992102000,OUTRAS REC. - PRIMARIAS - PRINC. - RENDAS DE LOTERIA INSTANTANEA,256784.79
2026,3,2041,60,1999992103000,OUTRAS REC. - PRIMARIAS - PRINC. - RENDAS DE LOTERIA ONLINE,1045484.13
2026,3,2041,60,1999992116000,OUTRAS REC. - PRIMARIAS - PRINC. - RENDAS DE LOTERIA CONVENCIONAL,23951.1
2026,3,2061,24,1321010101000,REMUNERACAO DEPOSITOS BANCARIOS - PRINC.,8857.86
2026,3,2061,60,1311011101000,ALUGUEIS ARRENDAMENTOS - PRINC. - ALUGUEIS,4560.88
2026,3,2061,60,1611010103000,"SERVICOS ADM. COMERC. GER. - PRINC. - COMERCIALIZACAO DE LIVROS, PERIODICOS, MATERIAIS ESCOLARES E PUBLICIDADE",270.8
2026,3,2061,60,1611010124000,SERVICOS ADM. COMERC. GER. - PRINC. - EDUCACIONAIS E CAPACITACAO,12778.33
2026,3,2061,60,1611010130000,SERVICOS ADM. COMERC. GER. - PRINC. - ESTUDOS E PESQUISA,229815.21
2026,3,2061,60,1611010199001,SERVICOS ADM. COMERC. GER. - PRINC. - DEMAIS - SERVICOS ADMINISTRATIVOS,8.25
2026,3,2061,60,1611020101000,INSCRICAO CONCURSOS PROCESSOS SELETIVOS - PRINC.,23.7
2026,3,2061,60,1611030104000,SERVICOS REG. CERTIF. FISCALIZ. - PRINC. - EXPEDICAO DE CERTIFICADOS,84782.37
2026,3,2061,60,1922990199000,OUTRAS RESTITUICOES - PRINC. - DEMAIS,25112.82
2026,3,2061,60,7611010130000,REC. INTRA. - SERVICOS ADM. COMERC. GER. - PRINC. - ESTUDOS E PESQUISA,312761.31
2026,3,2071,24,1321010101000,REMUNERACAO DEPOSITOS BANCARIOS - PRINC.,5142.68
2026,3,2071,24,1922990199000,OUTRAS RESTITUICOES - PRINC. - DEMAIS,9900.67
2026,3,2071,60,1321010101000,REMUNERACAO DEPOSITOS BANCARIOS - PRINC.,2750.46
2026,3,2071,60,1922011101000,RESTITUICAO CONVENIOS - PRIMARIAS - PRINC.,2460095.36
2026,3,2071,68,1321010101000,REMUNERACAO DEPOSITOS BANCARIOS - PRINC.,33155.68
2026,3,2071,69,1321010101000,REMUNERACAO DEPOSITOS BANCARIOS - PRINC.,0
2026,3,2091,9,1321010101000,REMUNERACAO DEPOSITOS BANCARIOS - PRINC.,69911.08
2026,3,2091,45,1321010101000,REMUNERACAO DEPOSITOS BANCARIOS - PRINC.,69104.2
2026,3,2091,52,1121040103000,TX. CONTR. FISC. AMBIENT. - PRINC. - TAXA DE CONTROLE E FISCALIZACAO AMBIENTAL,1113399.6
2026,3,2091,52,1121040203000,TX. CONTR. FISC. AMBIENT. - MJM - TAXA DE CONTROLE E FISCALIZACAO AMBIENTAL,380815.17
2026,3,2091,52,1121040303000,TX. CONTR. FISC. AMBIENT. - DA - TAXA DE CONTROLE E FISCALIZACAO AMBIENTAL,204295.25
2026,3,2091,52,1121040403000,TX. CONTR. FISC. AMBIENT. - DA-MJM - TAXA DE CONTROLE E FISCALIZACAO AMBIENTAL,149223.24
2026,3,2091,52,1922990199000,OUTRAS RESTITUICOES - PRINC. - DEMAIS,154.73
2026,3,2091,59,1921990101000,OUTRAS INDENIZACOES - PRINC. - IMPACTOS E DANOS AMBIENTAIS,3339051.59
2026,3,2091,60,1699990301000,OUTROS SERVICOS - DA,354208.75
2026,3,2091,60,1911061101000,MULTAS ADM. DANOS AMBIENTAIS - PRINC.,768360.13
2026,3,2091,60,1911061201000,MULTAS ADM. DANOS AMBIENTAIS - MJM,44854.64
2026,3,2091,60,1922990199000,OUTRAS RESTITUICOES - PRINC. - DEMAIS,31360.07
2026,3,2091,79,1911061101000,MULTAS ADM. DANOS AMBIENTAIS - PRINC.,180605.63
2026,3,2091,91,1121040104000,TX. CONTR. FISC. AMBIENT. - PRINC. - TAXA DE REGULARIZACAO AMBIENTAL,5367.54
2026,3,2091,91,1121040109000,"TX. CONTR. FISC. AMBIENT. - PRINC. - TAXA DE REPROGRAFIA, CERTIDOES E JULGAMENTO DE CONTENCIOSO",111963.88
2026,3,2091,91,1122010101011,TX. PREST. SERV. G. - PRINC. - TX. EXP. - ATOS DE AUTORIDADE ADMINISTRATIVA DO SISTEMA ESTADUAL DE MEIO AMBIENTE E RECURSOS HIDRICOS - SISEMA,1735567.11
2026,3,2101,9,1321010101000,REMUNERACAO DEPOSITOS BANCARIOS - PRINC.,100
2026,3,2101,26,1121040101000,TX. CONTR. FISC. AMBIENT. - PRINC. - TAXA FLORESTAL,7472804.24
2026,3,2101,26,1922990199000,OUTRAS RESTITUICOES - PRINC. - DEMAIS,38357.76
2026,3,2101,52,1121040103000,TX. CONTR. FISC. AMBIENT. - PRINC. - TAXA DE CONTROLE E FISCALIZACAO AMBIENTAL,106362.65
2026,3,2101,60,1611010116000,SERVICOS ADM. COMERC. GER. - PRINC. - MEIO AMBIENTE,0
2026,3,2101,60,1611010121000,SERVICOS ADM. COMERC. GER. - PRINC. - GESTAO DE CRIADORES DE PASSEIFORMES SILVESTRES,139320.84
2026,3,2101,60,1911061101000,MULTAS ADM. DANOS AMBIENTAIS - PRINC.,699558.43
2026,3,2101,60,1922990199000,OUTRAS RESTITUICOES - PRINC. - DEMAIS,257710.67
2026,3,2101,60,1999992199000,OUTRAS REC. - PRIMARIAS - PRINC. - DEMAIS,159840.3
2026,3,2101,61,1349010101000,COMPENSACOES AMBIENTAIS - PRINC. - REPOSICAO FLORESTAL,2382681.37
2026,3,2101,61,1349010102000,COMPENSACOES AMBIENTAIS - PRINC. - REPOSICAO DA PESCA,0
2026,3,2101,61,1349010199000,COMPENSACOES AMBIENTAIS - PRINC. - DEMAIS,225807.94
2026,3,2101,61,1611010118000,SERVICOS ADM. COMERC. GER. - PRINC. - VISITACAO DAS UNIDADES DE CONSERVACAO DA NATUREZA,50220.08
2026,3,2101,79,1911061101000,MULTAS ADM. DANOS AMBIENTAIS - PRINC.,266858.02
2026,3,2101,91,1121040105000,TX. CONTR. FISC. AMBIENT. - PRINC. - TAXA DA LEI DA PESCA,121199.26
2026,3,2101,91,1121040106000,TX. CONTR. FISC. AMBIENT. - PRINC. - TAXA DE LIBERACAO E MANEJO DA FAUNA E FLORA,41343.8
2026,3,2101,91,1121040107000,TX. CONTR. FISC. AMBIENT. - PRINC. - TAXA DA LEI DE POLITICA FLORESTAL,1113172.83
2026,3,2101,91,1121040109000,"TX. CONTR. FISC. AMBIENT. - PRINC. - TAXA DE REPROGRAFIA, CERTIDOES E JULGAMENTO DE CONTENCIOSO",12920.03
2026,3,2121,49,1219991103052,DEMAIS CONTRIB. SOC. - PRINC. - IPSM - CONTRIB. PATRONAL - INATIVO CIVIL,421222.66
2026,3,2121,49,7219991103053,REC. INTRA. - DEMAIS CONTRIB. SOC. - PRINC. - IPSM - CONTRIB. PATRONAL MILITAR PARA A SAUDE - ATIVO,19715925.99
2026,3,2121,49,7219991103054,REC. INTRA. - DEMAIS CONTRIB. SOC. - PRINC. - IPSM - CONTRIB. PATRONAL MILITAR PARA A SAUDE - INATIVO,30623650.15
2026,3,2121,49,7219991103055,REC. INTRA. - DEMAIS CONTRIB. SOC. - PRINC. - IPSM - CONTRIB. PATRONAL MILITAR PARA A PREVIDENCIA - ATIVO,43883835.3
2026,3,2121,49,7219991103056,REC. INTRA. - DEMAIS CONTRIB. SOC. - PRINC. - IPSM - CONTRIB. PATRONAL MILITAR PARA A PREVIDENCIA - INATIVO,68163326.92
2026,3,2121,50,1219991103001,DEMAIS CONTRIB. SOC. - PRINC. - IPSM - CONTRIB. DO SERVIDOR CIVIL - ATIVO,0
2026,3,2121,50,1219991103002,DEMAIS CONTRIB. SOC. - PRINC. - IPSM - CONTRIB. DO SERVIDOR CIVIL - INATIVO,210756.4
2026,3,2121,50,1219991103003,DEMAIS CONTRIB. SOC. - PRINC. - IPSM - CONTRIB. MILITAR PARA A SAUDE - ATIVO,9987669.46
2026,3,2121,50,1219991103004,DEMAIS CONTRIB. SOC. - PRINC. - IPSM - CONTRIB. MILITAR PARA A SAUDE - INATIVO,15461556.51
2026,3,2121,50,1219991103005,DEMAIS CONTRIB. SOC. - PRINC. - IPSM - CONTRIB. MILITAR PARA A PREVIDENCIA  - ATIVO,53706137.96
2026,3,2121,50,1219991103006,DEMAIS CONTRIB. SOC. - PRINC. - IPSM - CONTRIB. MILITAR PARA A PREVIDENCIA  - INATIVO,3081936.46
2026,3,2121,50,1219991103007,DEMAIS CONTRIB. SOC. - PRINC. - IPSM - CONTRIB. MILITAR PARA A PREVIDENCIA  - PENSIONISTA,696011.55
2026,3,2121,50,1922990199000,OUTRAS RESTITUICOES - PRINC. - DEMAIS,7053.86
2026,3,2121,60,1311011101000,ALUGUEIS ARRENDAMENTOS - PRINC. - ALUGUEIS,309584.26
2026,3,2121,60,1311011201000,ALUGUEIS ARRENDAMENTOS - MJM - ALUGUEIS,0
2026,3,2121,60,1322010102000,DIVIDENDOS - PRINC. - EMPRESAS NAO ESTATAIS,460.8
2026,3,2121,60,1329990102000,OUTROS VALORES MOBILIARIOS - PRINC. - FUNDOS DE INVESTIMENTO,5264615.18
2026,3,2121,60,1611010199001,SERVICOS ADM. COMERC. GER. - PRINC. - DEMAIS - SERVICOS ADMINISTRATIVOS,110347.62
2026,3,2121,60,1631990105001,OUTROS SERV. ATEND. SAUDE - PRINC. - COPARTICIP. SEGURADOS - SERVICOS HOSPITALARES,9510514.89
2026,3,2121,60,1631990105002,OUTROS SERV. ATEND. SAUDE - PRINC. - COPARTICIP. SEGURADOS - SERVICOS ODONTOLOGICOS,1495337.34
2026,3,2121,60,1699990101000,OUTROS SERVICOS - PRINC.,2842.88
2026,3,2121,60,1922990199000,OUTRAS RESTITUICOES - PRINC. - DEMAIS,12801.79
2026,3,2121,60,1999992199000,OUTRAS REC. - PRIMARIAS - PRINC. - DEMAIS,1054891.53
2026,3,2151,60,1611010199001,SERVICOS ADM. COMERC. GER. - PRINC. - DEMAIS - SERVICOS ADMINISTRATIVOS,117720
2026,3,2171,60,1699990101000,OUTROS SERVICOS - PRINC.,5866.32
2026,3,2181,60,1311011101000,ALUGUEIS ARRENDAMENTOS - PRINC. - ALUGUEIS,100700.86
2026,3,2181,60,1611010127000,SERVICOS ADM. COMERC. GER. - PRINC. - RECREATIVOS E CULTURAIS,38177.12
2026,3,2181,60,1921990199000,OUTRAS INDENIZACOES - PRINC. - DEMAIS,10169.31
2026,3,2201,1,1321010101000,REMUNERACAO DEPOSITOS BANCARIOS - PRINC.,-579.54
2026,3,2201,9,1321010101000,REMUNERACAO DEPOSITOS BANCARIOS - PRINC.,1280.36
2026,3,2201,24,1321010101000,REMUNERACAO DEPOSITOS BANCARIOS - PRINC.,2450.02
2026,3,2201,45,1321010101000,REMUNERACAO DEPOSITOS BANCARIOS - PRINC.,80937.85
2026,3,2201,60,1311011201000,ALUGUEIS ARRENDAMENTOS - MJM - ALUGUEIS,114321.38
2026,3,2201,60,1699990101000,OUTROS SERVICOS - PRINC.,766.5
2026,3,2241,24,1321010101000,REMUNERACAO DEPOSITOS BANCARIOS - PRINC.,11671
2026,3,2241,60,1321010101000,REMUNERACAO DEPOSITOS BANCARIOS - PRINC.,1581.91
2026,3,2241,60,1699990301000,OUTROS SERVICOS - DA,55227.89
2026,3,2241,60,1911061101000,MULTAS ADM. DANOS AMBIENTAIS - PRINC.,9830.33
2026,3,2241,60,1922990199000,OUTRAS RESTITUICOES - PRINC. - DEMAIS,1074
2026,3,2241,61,1345010101000,OUTORGA DIR. USO RECURSOS HIDRICOS - PRINC.,2203933.36
2026,3,2241,61,1345010301000,OUTORGA DIR. USO RECURSOS HIDRICOS - DA,99719.31
2026,3,2241,73,1321010101000,REMUNERACAO DEPOSITOS BANCARIOS - PRINC.,42558.44
2026,3,2241,79,1911061101000,MULTAS ADM. DANOS AMBIENTAIS - PRINC.,3396.61
2026,3,2241,91,1121040104000,TX. CONTR. FISC. AMBIENT. - PRINC. - TAXA DE REGULARIZACAO AMBIENTAL,844514.56
2026,3,2241,91,1121040109000,"TX. CONTR. FISC. AMBIENT. - PRINC. - TAXA DE REPROGRAFIA, CERTIDOES E JULGAMENTO DE CONTENCIOSO",320.18
2026,3,2251,60,1611030106000,SERVICOS REG. CERTIF. FISCALIZ. - PRINC. - REGISTRO DO COMERCIO,11722243.82
2026,3,2251,60,1922990199000,OUTRAS RESTITUICOES - PRINC. - DEMAIS,40403.2
2026,3,2261,10,1922990101000,OUTRAS RESTITUICOES - PRINC. - RECURSOS ORIGINARIOS DO FUNDO ESTADUAL DE SAUDE - FES,99470.5
2026,3,2261,10,7729990125000,REC. INTRA. - OUTRAS TRANSF. ESTADOS DF - PRINC. - REPASSE DO FUNDO ESTADUAL DE SAUDE - FES - LC FEDERAL NO 141/12,127603825.86
2026,3,2261,24,1321010101000,REMUNERACAO DEPOSITOS BANCARIOS - PRINC.,2393.89
2026,3,2261,60,1311011101000,ALUGUEIS ARRENDAMENTOS - PRINC. - ALUGUEIS,1663.12
2026,3,2261,60,1511010101003,REC. INDUSTRIAL - PRINC. - INDUSTRIA TRANSFORMACAO - INDUSTRIA DE PRODUTOS FARMACEUTICOS E VETERINARIOS,79821439.24
2026,3,2261,60,1922990199000,OUTRAS RESTITUICOES - PRINC. - DEMAIS,146.14
2026,3,2261,60,7631520101000,REC. INTRA. - SERVICOS RADIOLOGICOS LABORATORIAIS - PRINC.,359595.3
2026,3,2271,10,1922990101000,OUTRAS RESTITUICOES - PRINC. - RECURSOS ORIGINARIOS DO FUNDO ESTADUAL DE SAUDE - FES,1075828.2
2026,3,2271,10,7729990125000,REC. INTRA. - OUTRAS TRANSF. ESTADOS DF - PRINC. - REPASSE DO FUNDO ESTADUAL DE SAUDE - FES - LC FEDERAL NO 141/12,464917346.88
2026,3,2271,45,1321010101000,REMUNERACAO DEPOSITOS BANCARIOS - PRINC.,731.68
2026,3,2271,60,1311011101000,ALUGUEIS ARRENDAMENTOS - PRINC. - ALUGUEIS,6470.19
2026,3,2271,60,1321010101000,REMUNERACAO DEPOSITOS BANCARIOS - PRINC.,10.03
2026,3,2271,60,1631500101000,SERVICOS HOSPITALARES - PRINC.,26375349.24
2026,3,2271,60,1922990199000,OUTRAS RESTITUICOES - PRINC. - DEMAIS,7103.37
2026,3,2271,68,1321010101000,REMUNERACAO DEPOSITOS BANCARIOS - PRINC.,136933.06
2026,3,2271,68,1741500199000,SUS-SAUDE - OUTROS,377169.27
2026,3,2271,68,2441990126001,SUS-SAUDE - INSTITUICOES DE ENSINO,6584.1
2026,3,2271,70,1321010101000,REMUNERACAO DEPOSITOS BANCARIOS - PRINC.,23742.73
2026,3,2271,70,1732500101000,SUS-SAUDE - DIVERSOS MUNICIPIOS,1772517.65
2026,3,2281,36,1321010101000,REMUNERACAO DEPOSITOS BANCARIOS - PRINC.,47914.89
2026,3,2301,51,1321010101000,REMUNERACAO DEPOSITOS BANCARIOS - PRINC.,222345.59
2026,3,2301,60,1922990199000,OUTRAS RESTITUICOES - PRINC. - DEMAIS,0
2026,3,2301,60,1999992199000,OUTRAS REC. - PRIMARIAS - PRINC. - DEMAIS,910918.64
2026,3,2301,60,1999992299000,OUTRAS REC. - PRIMARIAS - MJM - DEMAIS,256199.67
2026,3,2301,68,1321010101000,REMUNERACAO DEPOSITOS BANCARIOS - PRINC.,100891.79
2026,3,2301,68,2441990118001,TRANSPORTE - ANGLO AMERICAN MINERIO DE FERRO BRASIL,0
2026,3,2301,69,1321010101000,REMUNERACAO DEPOSITOS BANCARIOS - PRINC.,1218.89
2026,3,2301,70,1321010101000,REMUNERACAO DEPOSITOS BANCARIOS - PRINC.,61591.79
2026,3,2301,70,2432990117001,TRANSPORTE - DIVERSOS MUNICIPIOS,800000
2026,3,2301,74,1321010101000,REMUNERACAO DEPOSITOS BANCARIOS - PRINC.,381461.17
2026,3,2301,91,1122010101001,TX. PREST. SERV. G. - PRINC. - TX. EXP. - DEPARTAMENTO DE EDIFICACOES E ESTRADAS DE RODAGEM DO ESTADO DE MINAS GERAIS - DERMG,13403.67
2026,3,2301,91,1122010104000,TX. PREST. SERV. G. - PRINC. - TAXA DE GERENCIAMENTO DO SISTEMA TRANSPORTE RODOVIARIO INTERMUNICIPAL - DEPARTAMENTO DE EDIFICACOES E ESTRADAS DE RODAGEM DO ESTADO DE MINAS GERAIS - DERMG,3840.51
2026,3,2301,91,1122010301006,TX. PREST. SERV. G. - DA - TX. EXP. - TRANSPORTE COLETIVO INTERMUNICIPAL - NOTIFICACAO,0
2026,3,2301,91,1122010401006,TX. PREST. SERV. G. - DA-MJM - TX. EXP. - TRANSPORTE COLETIVO INTERMUNICIPAL - NOTIFICACAO,0
2026,3,2301,91,1922990199000,OUTRAS RESTITUICOES - PRINC. - DEMAIS,0
2026,3,2311,1,1321010101000,REMUNERACAO DEPOSITOS BANCARIOS - PRINC.,99.57
2026,3,2311,10,1922990101000,OUTRAS RESTITUICOES - PRINC. - RECURSOS ORIGINARIOS DO FUNDO ESTADUAL DE SAUDE - FES,0
2026,3,2311,10,7729990125000,REC. INTRA. - OUTRAS TRANSF. ESTADOS DF - PRINC. - REPASSE DO FUNDO ESTADUAL DE SAUDE - FES - LC FEDERAL NO 141/12,0
2026,3,2311,24,1321010101000,REMUNERACAO DEPOSITOS BANCARIOS - PRINC.,18869.69
2026,3,2311,36,1321010101000,REMUNERACAO DEPOSITOS BANCARIOS - PRINC.,97338.88
2026,3,2311,60,1311011101000,ALUGUEIS ARRENDAMENTOS - PRINC. - ALUGUEIS,8038.69
2026,3,2311,60,1321010101000,REMUNERACAO DEPOSITOS BANCARIOS - PRINC.,2883.02
2026,3,2311,60,1611010124000,SERVICOS ADM. COMERC. GER. - PRINC. - EDUCACIONAIS E CAPACITACAO,825
2026,3,2311,60,1631500101000,SERVICOS HOSPITALARES - PRINC.,1164697.8
2026,3,2311,70,1321010101000,REMUNERACAO DEPOSITOS BANCARIOS - PRINC.,145146.11
2026,3,2311,70,1732500101000,SUS-SAUDE - DIVERSOS MUNICIPIOS,1218259.86
2026,3,2321,1,1321010101000,REMUNERACAO DEPOSITOS BANCARIOS - PRINC.,12.73
2026,3,2321,10,1922990101000,OUTRAS RESTITUICOES - PRINC. - RECURSOS ORIGINARIOS DO FUNDO ESTADUAL DE SAUDE - FES,86518.05
2026,3,2321,10,7729990125000,REC. INTRA. - OUTRAS TRANSF. ESTADOS DF - PRINC. - REPASSE DO FUNDO ESTADUAL DE SAUDE - FES - LC FEDERAL NO 141/12,66435485.96
2026,3,2321,24,1321010101000,REMUNERACAO DEPOSITOS BANCARIOS - PRINC.,1257.67
2026,3,2321,24,2414500101000,SUS-SAUDE - MINISTERIO DA SAUDE,604394.99
2026,3,2321,60,1631500101000,SERVICOS HOSPITALARES - PRINC.,68466.72
2026,3,2321,60,1631530101000,SERVICOS AMBULATORIAIS - PRINC.,208944.4
2026,3,2321,60,1631990102000,"OUTROS SERV. ATEND. SAUDE - PRINC. - SERVICOS DE COLETA, PROCESSAMENTO E ARMAZENAMENTO DE CELULAS E TECIDOS BIOLOGICOS",132676.36
2026,3,2321,60,1631990104000,OUTROS SERV. ATEND. SAUDE - PRINC. - SERVICOS DE SAUDE PRESTADOS A PARTICULARES,2001113.23
2026,3,2321,60,1631990204000,OUTROS SERV. ATEND. SAUDE - MJM - SERVICOS DE SAUDE PRESTADOS A PARTICULARES,4602.23
2026,3,2321,60,1911090199000,MULTAS JUROS PREVISTOS CONTRATOS - PRINC. - DEMAIS,89176.62
2026,3,2321,60,1911090299000,MULTAS JUROS PREVISTOS CONTRATO - MJM,0
2026,3,2321,60,1922990101000,OUTRAS RESTITUICOES - PRINC. - RECURSOS ORIGINARIOS DO FUNDO ESTADUAL DE SAUDE - FES,0
2026,3,2321,60,1922990199000,OUTRAS RESTITUICOES - PRINC. - DEMAIS,420.87
2026,3,2321,60,7631990103000,REC. INTRA. - OUTROS SERV. ATEND. SAUDE - PRINC. - SERVICOS DE SAUDE PRESTADOS AO SIA/SUS,9525781.24
2026,3,2321,60,7631990104000,REC. INTRA. - OUTROS SERV. ATEND. SAUDE - PRINC. - SERVICOS DE SAUDE PRESTADOS A PARTICULARES,184270
2026,3,2331,73,1321010101000,REMUNERACAO DEPOSITOS BANCARIOS - PRINC.,26037.54
2026,3,2331,73,1717990106001,"CIENCIA TECNOLOGIA - INSTITUTO NACIONAL DE METROLOGIA, QUALIDADE E TECNOLOGIA - INMETRO",2964259
2026,3,2331,73,1922990199000,OUTRAS RESTITUICOES - PRINC. - DEMAIS,13426.16
2026,3,2331,73,2414990108001,"CIENCIA TECNOLOGIA - INSTITUTO NACIONAL DE METROLOGIA, QUALIDADE E TECNOLOGIA - INMETRO",20000
2026,3,2351,1,1321010101000,REMUNERACAO DEPOSITOS BANCARIOS - PRINC.,778.49
2026,3,2351,1,1717510108000,EDUCACAO - MINISTERIO DA EDUCACAO,60756.78
2026,3,2351,24,1321010101000,REMUNERACAO DEPOSITOS BANCARIOS - PRINC.,-1082.2
2026,3,2351,60,1311011102000,ALUGUEIS ARRENDAMENTOS - PRINC. - ARRENDAMENTOS,5165.83
2026,3,2351,60,1611010124000,SERVICOS ADM. COMERC. GER. - PRINC. - EDUCACIONAIS E CAPACITACAO,6564.94
2026,3,2351,60,1922990199000,OUTRAS RESTITUICOES - PRINC. - DEMAIS,6761.9
2026,3,2351,70,1321010101000,REMUNERACAO DEPOSITOS BANCARIOS - PRINC.,0
2026,3,2351,70,1732510101000,EDUCACAO - DIVERSOS MUNICIPIOS,160000
2026,3,2361,60,1219991101001,DEMAIS CONTRIB. SOC. - PRINC. - CONTRIB. PATRON. CIVIL SAUDE - SERVIDOR ATIVO,191884.46
2026,3,2361,60,1219991104002,DEMAIS CONTRIB. SOC. - PRINC. - IPLEMG - CONTRIB. DO SEGURADO - INATIVO,286576.05
2026,3,2361,60,1219991104003,DEMAIS CONTRIB. SOC. - PRINC. - IPLEMG - CONTRIB. DO SEGURADO - PENSIONISTA,195673.14
2026,3,2361,60,1219991104052,DEMAIS CONTRIB. SOC. - PRINC. - IPLEMG - CONTRIB. PATRONAL - EXERCENTE DE MANDATO ELETIVO FEDERAL OU MUNICIPAL,120085.62
2026,3,2361,60,1321010101000,REMUNERACAO DEPOSITOS BANCARIOS - PRINC.,7849124.56
2026,3,2361,60,1641010101000,RETORNO OPER. JUROS ENCARG. FINANCEIROS - PRINC. - JUROS DE EMPRESTIMOS,111648.28
2026,3,2361,60,1999992199000,OUTRAS REC. - PRIMARIAS - PRINC. - DEMAIS,824019.14
2026,3,2361,60,7219991104051,REC. INTRA. - DEMAIS CONTRIB. SOC. - PRINC. - IPLEMG - CONTRIB. PATRONAL - EXERCENTE DE MANDATO ESTADUAL,237163.02
2026,3,2371,24,1321010101000,REMUNERACAO DEPOSITOS BANCARIOS - PRINC.,2498.54
2026,3,2371,60,1321010101000,REMUNERACAO DEPOSITOS BANCARIOS - PRINC.,50.99
2026,3,2371,60,1611010125000,SERVICOS ADM. COMERC. GER. - PRINC. - AGROPECUARIOS,37872.68
2026,3,2371,60,1611030104000,SERVICOS REG. CERTIF. FISCALIZ. - PRINC. - EXPEDICAO DE CERTIFICADOS,18620.13
2026,3,2371,60,1611030106000,SERVICOS REG. CERTIF. FISCALIZ. - PRINC. - REGISTRO DO COMERCIO,47543.53
2026,3,2371,60,1611030199000,SERVICOS REG. CERTIF. FISCALIZ. - PRINC. - DEMAIS,112317.12
2026,3,2371,60,1699990101000,OUTROS SERVICOS - PRINC.,37561.71
2026,3,2371,60,1922990199000,OUTRAS RESTITUICOES - PRINC. - DEMAIS,191.41
2026,3,2371,60,1999992299000,OUTRAS REC. - PRIMARIAS - MJM - DEMAIS,1210847.45
2026,3,2371,91,1122010101003,TX. PREST. SERV. G. - PRINC. - TX. EXP. - INSTITUTO MINEIRO DE AGROPECUARIA - IMA,6366629.82
2026,3,2371,91,1321010101000,REMUNERACAO DEPOSITOS BANCARIOS - PRINC.,205.38
2026,3,2421,1,1321010101000,REMUNERACAO DEPOSITOS BANCARIOS - PRINC.,3165.18
2026,3,2421,1,1717990105002,"AGROPECUARIA - MINISTERIO DA AGRICULTURA, PECUARIA E ABASTECIMENTO",285858.4
2026,3,2421,24,1321010101000,REMUNERACAO DEPOSITOS BANCARIOS - PRINC.,346244.71
2026,3,2431,60,1611010199001,SERVICOS ADM. COMERC. GER. - PRINC. - DEMAIS - SERVICOS ADMINISTRATIVOS,119701.75
2026,3,2441,59,1121010104000,TX. INSP. CONTR. FISC. - PRINC. - TAXA DE FISCALIZACAO SOBRE SERVICOS PUBLICOS DE ABASTECIMENTO DE AGUA E SANEAMENTO,4014904.33
2026,3,2441,59,1922990199000,OUTRAS RESTITUICOES - PRINC. - DEMAIS,2646.49
2026,3,2461,60,1611010199001,SERVICOS ADM. COMERC. GER. - PRINC. - DEMAIS - SERVICOS ADMINISTRATIVOS,5640.19
2026,3,3041,60,1611010128000,"SERVICOS ADM. COMERC. GER. - PRINC. - CONSULTORIA, ASSISTENCIA TECNICA E ANALISE DE PROJETOS",324853.68
2026,3,3041,60,7699990101000,REC. INTRA. - OUTROS SERVICOS - PRINC.,11479952
2026,3,3041,67,1732990108001,AGROPECUARIA - DIVERSOS MUNICIPIOS,9027514.53
2026,3,3051,60,1411010101000,REC. AGROPECUARIA - PRINC. - PRODUCAO VEGETAL,272853.4
2026,3,3051,60,1411010102999,REC. AGROPECUARIA - PRINC. - PRODUCAO ANIMAL DERIVADOS - OUTROS,280764.5
2026,3,3051,60,1511010101004,REC. INDUSTRIAL - PRINC. - INDUSTRIA TRANSFORMACAO - INDUSTRIA DE PRODUTOS ALIMENTARES,49662.17
2026,3,3051,60,1611010124000,SERVICOS ADM. COMERC. GER. - PRINC. - EDUCACIONAIS E CAPACITACAO,390
2026,3,3051,60,1611010130000,SERVICOS ADM. COMERC. GER. - PRINC. - ESTUDOS E PESQUISA,133738.85
2026,3,3051,60,1611040102000,SERVICOS INFORMACAO TECNOLOGIA - PRINC. - INFORMACOES CIENTIFICAS E TECNOLOGICAS,4612.79
2026,3,3051,60,1999992199000,OUTRAS REC. - PRIMARIAS - PRINC. - DEMAIS,47358.19
2026,3,3051,60,7411010101000,REC. INTRA. - REC. AGROPECUARIA - PRINC. - PRODUCAO VEGETAL,98241.4
2026,3,3151,60,1611010107000,SERVICOS ADM. COMERC. GER. - PRINC. - COMUNICACAO,658401.07
2026,3,4031,47,2213010101000,ALIENACAO BENS MOVEIS E SEMOVENTES - PRINC.,966987.35
2026,3,4031,60,1311020101000,CONC. PERM. AUTOR. CESSAO DIR. USO BENS IMOV. PUB. - PRINC. - CONCESSAO DE DIREITO REAL DE USO DE AREA PUBLICA,142521.01
2026,3,4031,60,1321010101000,REMUNERACAO DEPOSITOS BANCARIOS - PRINC.,73123904.14
2026,3,4031,60,1611010101000,SERVICOS ADM. COMERC. GER. - PRINC. - ADMINISTRACAO DE DEPOSITOS JUDICIAIS,50985651.07
2026,3,4031,60,1611010123002,SERVICOS ADM. COMERC. GER. - PRINC. - PODER JUDIC. - DESPESAS PROCESSUAIS,5327511.05
2026,3,4031,60,1611010323002,SERVICOS ADM. COMERC. GER. - DA - PODER JUDIC. - DESPESAS PROCESSUAIS,185509.17
2026,3,4031,60,1611010423002,SERVICOS ADM. COMERC. GER. - DA-MJM - PODER JUDIC. - DESPESAS PROCESSUAIS,44604.25
2026,3,4031,60,1611020101000,INSCRICAO CONCURSOS PROCESSOS SELETIVOS - PRINC.,205492.01
2026,3,4031,60,1611040105000,SERVICOS INFORMACAO TECNOLOGIA - PRINC. - PROCESSAMENTO DAS CONSIGNACOES DA FOLHA DE PESSOAL,195086.16
2026,3,4031,60,1911010108001,MULTAS LEGISL. ESPECIFICA - PRINC. - MULTA ADM. DISCIPLINAR - NOTARIOS REGISTRADORES - PRINC.,292594.29
2026,3,4031,60,1911010108002,MULTAS LEGISL. ESPECIFICA - PRINC. - MULTA ADM. DISCIPLINAR - NOTARIOS REGISTRADORES - CORRECAO MONETARIA,89.48
2026,3,4031,60,1911010208001,MULTAS LEGISL. ESPECIFICA - MJM - MULTA ADM. DISCIPLINAR - NOTARIOS REGISTRADORES - PRINC.,426.99
2026,3,4031,60,1911010308001,MULTAS LEGISL. ESPECIFICA - DA - MULTA ADM. DISCIPLINAR - NOTARIOS REGISTRADORES - PRINC.,0
2026,3,4031,60,1911090199000,MULTAS JUROS PREVISTOS CONTRATOS - PRINC. - DEMAIS,62.55
2026,3,4031,60,1921990199000,OUTRAS INDENIZACOES - PRINC. - DEMAIS,1118.16
2026,3,4031,60,1922990199000,OUTRAS RESTITUICOES - PRINC. - DEMAIS,234234.09
2026,3,4031,60,1999992109001,OUTRAS REC. - PRIMARIAS - PRINC. - EXCEDENTE TETO INTERINOS - PRINC.,21583749.16
2026,3,4031,60,1999992109002,OUTRAS REC. - PRIMARIAS - PRINC. - EXCEDENTE TETO INTERINOS - CORRECAO MONETARIA,15610.27
2026,3,4031,60,1999992199000,OUTRAS REC. - PRIMARIAS - PRINC. - DEMAIS,3357.86
2026,3,4031,60,1999992209001,OUTRAS REC. - PRIMARIAS - MJM - EXCEDENTE TETO INTERINOS - PRINC.,55731.3
2026,3,4031,60,7311020101000,REC. INTRA. - CONC. PERM. AUTOR. CESSAO DIR. USO BENS IMOV. PUB. - PRINC. - CONCESSAO DE DIREITO REAL DE USO DE AREA PUBLICA,202400.35
2026,3,4031,60,7611010101000,REC. INTRA. - SERVICOS ADM. COMERC. GER. - PRINC. - ADMINISTRACAO DE DEPOSITOS JUDICIAIS,6927208.85
2026,3,4031,61,1611010123003,SERVICOS ADM. COMERC. GER. - PRINC. - PODER JUDIC. - VERBA INDENIZATORIA DE TRANSPORTE CUSTEADA PELAS PARTES,7787933.74
2026,3,4031,70,1321010101000,REMUNERACAO DEPOSITOS BANCARIOS - PRINC.,1554.81
2026,3,4031,70,1732990105001,ACOES JUDICIARIAS - DIVERSOS MUNICIPIOS,70000
2026,3,4031,77,1121010102000,TX. INSP. CONTR. FISC. - PRINC. - TAXA DE FISCALIZACAO JUDICIARIA,142071380.53
2026,3,4031,77,1121010202000,TX. INSP. CONTR. FISC. - MJM - TAXA DE FISCALIZACAO JUDICIARIA,341676.4
2026,3,4031,77,1121010302000,TX. INSP. CONTR. FISC. - DA - TAXA DE FISCALIZACAO JUDICIARIA,27890.07
2026,3,4031,77,1121010402000,TX. INSP. CONTR. FISC. - DA-MJM - TAXA DE FISCALIZACAO JUDICIARIA,44044.21
2026,3,4031,77,1122020101000,EMOLUMENTOS CUSTAS JUDICIAIS - PRINC. - CUSTAS JUDICIAIS - JUSTICA COMUM,27082202.94
2026,3,4031,77,1122020102000,EMOLUMENTOS CUSTAS JUDICIAIS - PRINC. - CUSTAS JUDICIAIS - JUIZADO ESPECIAL,2426061.13
2026,3,4031,77,1122020103000,EMOLUMENTOS CUSTAS JUDICIAIS - PRINC. - TAXA JUDICIARIA,21829333.2
2026,3,4031,77,1122020301000,EMOLUMENTOS CUSTAS JUDICIAIS - DA - CUSTAS JUDICIAIS - JUSTICA COMUM,717426.62
2026,3,4031,77,1122020302000,EMOLUMENTOS CUSTAS JUDICIAIS - DA - CUSTAS JUDICIAIS - JUIZADO ESPECIAL,81699
2026,3,4031,77,1122020303000,EMOLUMENTOS CUSTAS JUDICIAIS - DA - TAXA JUDICIARIA,292452.49
2026,3,4031,77,1122020401000,EMOLUMENTOS CUSTAS JUDICIAIS - DA-MJM - CUSTAS JUDICIAIS - JUSTICA COMUM,159752.17
2026,3,4031,77,1122020402000,EMOLUMENTOS CUSTAS JUDICIAIS - DA-MJM - CUSTAS JUDICIAIS - JUIZADO ESPECIAL,17468.35
2026,3,4031,77,1122020403000,EMOLUMENTOS CUSTAS JUDICIAIS - DA-MJM - TAXA JUDICIARIA,66790.68
2026,3,4031,77,1911080101000,MULTAS SENTENCAS JUDICIAIS - PRINC. - MULTAS PECUNIARIAS E JUROS DE MORA,256570.55
2026,3,4031,77,1911080301000,MULTAS SENTENCAS JUDICIAIS - DA - MULTAS PECUNIARIAS E JUROS DE MORA,3844.41
2026,3,4031,77,1911080401000,MULTAS SENTENCAS JUDICIAIS - DA-MJM - MULTAS PECUNIARIAS E JUROS DE MORA,202.51
2026,3,4091,45,1741990141999,DIR. HUMANOS CIDADANIA - OUTROS,-22621.17
2026,3,4091,45,1791990114000,OUTRAS TRANSF. PESSOAS FISICAS - PRINC. - DIREITOS HUMANOS E DE CIDADANIA,5
2026,3,4091,60,1911010199000,MULTAS LEGISL. ESPECIFICA - PRINC. - DEMAIS,27304.91
2026,3,4101,60,2311071199000,AMORTIZACAO FINANCIAMENTOS GERAL - PRINC. - DEMAIS,4458037.53
2026,3,4111,60,1641010101000,RETORNO OPER. JUROS ENCARG. FINANCEIROS - PRINC. - JUROS DE EMPRESTIMOS,272.72
2026,3,4111,61,1641010101000,RETORNO OPER. JUROS ENCARG. FINANCEIROS - PRINC. - JUROS DE EMPRESTIMOS,23.71
2026,3,4121,60,1321010101000,REMUNERACAO DEPOSITOS BANCARIOS - PRINC.,4580987.93
2026,3,4121,60,1641010101000,RETORNO OPER. JUROS ENCARG. FINANCEIROS - PRINC. - JUROS DE EMPRESTIMOS,6325.13
2026,3,4121,60,2311060101000,AMORTIZACAO EMPRESTIMOS CONTRATUAIS - PRINC.,541720.99
2026,3,4141,39,1911080101000,MULTAS SENTENCAS JUDICIAIS - PRINC. - MULTAS PECUNIARIAS E JUROS DE MORA,33525.78
2026,3,4141,57,1321010101000,REMUNERACAO DEPOSITOS BANCARIOS - PRINC.,475184.48
2026,3,4141,57,1719530101000,TRANSF. RECURSOS FUPEN - PRINC.,81189.41
2026,3,4141,57,2419990123001,SEGURANCA PUBLICA - FUNDO PENITENCIARIO NACIONAL,3595797.87
2026,3,4251,5,1321010101000,REMUNERACAO DEPOSITOS BANCARIOS - PRINC.,10574.16
2026,3,4251,56,1321010101000,REMUNERACAO DEPOSITOS BANCARIOS - PRINC.,91302.09
2026,3,4251,56,1716500199000,TRANSF. RECURSOS FNAS - PRINC. - DEMAIS,2693555.48
2026,3,4291,24,1321010101000,REMUNERACAO DEPOSITOS BANCARIOS - PRINC.,622.56
2026,3,4291,37,1321010101000,REMUNERACAO DEPOSITOS BANCARIOS - PRINC.,60261.76
2026,3,4291,37,1922990199000,OUTRAS RESTITUICOES - PRINC. - DEMAIS,84942.53
2026,3,4291,57,1321010101000,REMUNERACAO DEPOSITOS BANCARIOS - PRINC.,105627.32
2026,3,4291,57,1713505104000,TRANSF. BLOCO MANUT. ASPS - GESTAO SUS - PRINC. - PISO DA ENFERMAGEM,4679362.31
2026,3,4291,60,1321010101000,REMUNERACAO DEPOSITOS BANCARIOS - PRINC.,923297.37
2026,3,4291,60,1611020101000,INSCRICAO CONCURSOS PROCESSOS SELETIVOS - PRINC.,731069
2026,3,4291,60,1631990199000,OUTROS SERV. ATEND. SAUDE - PRINC. - DEMAIS,5479672.34
2026,3,4291,60,1922990199000,OUTRAS RESTITUICOES - PRINC. - DEMAIS,32866.91
2026,3,4291,62,1713502101999,TRANSF. BLOCO MANUT. ASPS - ATENCAO ESPECIALIZADA - PRINC. - ATENCAO MAC - OUTROS PROGRAMAS,200000
2026,3,4291,92,1713502101001,TRANSF. BLOCO MANUT. ASPS - ATENCAO ESPECIALIZADA - PRINC. - ATENCAO MAC - PRESTADORES AMBULATORIAIS E HOSPITALARES,4520875.66
2026,3,4291,92,1713502101002,TRANSF. BLOCO MANUT. ASPS - ATENCAO ESPECIALIZADA - PRINC. - ATENCAO MAC - SAMU,10861041.75
2026,3,4291,92,1713502101003,TRANSF. BLOCO MANUT. ASPS - ATENCAO ESPECIALIZADA - PRINC. - ATENCAO MAC - TRANSPLANTES,810606.28
2026,3,4291,92,1713503101000,TRANSF. BLOCO MANUT. ASPS - VIGILANCIA SAUDE - PRINC. - VIGILANCIA EPIDEMIOLOGICA,5480732.2
2026,3,4291,92,1713503102000,TRANSF. BLOCO MANUT. ASPS - VIGILANCIA SAUDE - PRINC. - HIV-AIDS,435550
2026,3,4291,92,1713503103000,TRANSF. BLOCO MANUT. ASPS - VIGILANCIA SAUDE - PRINC. - VIGILANCIA SANITARIA,6950638
2026,3,4291,92,1713504102000,TRANSF. BLOCO MANUT. ASPS - ASSISTENCIA FARMACEUTICA - PRINC. - MEDICAMENTOS EXCEPCIONAIS,28194607.98
2026,3,4291,92,1713505105000,TRANSF. BLOCO MANUT. ASPS - GESTAO SUS - PRINC. - VALORIZAGTES-SUS,3196900
2026,3,4291,92,1922990199000,OUTRAS RESTITUICOES - PRINC. - DEMAIS,6995.38
2026,3,4331,59,1999992299000,OUTRAS REC. - PRIMARIAS - MJM - DEMAIS,7803.82
2026,3,4381,54,1121010103000,TX. INSP. CONTR. FISC. - PRINC. - TAXA DE LICENCIAMENTO PARA USO OU OCUPACAO DA FAIXA DE DOMINIO DAS RODOVIAS,270412.8
2026,3,4381,54,1121010203000,TX. INSP. CONTR. FISC. - MJM - TAXA DE LICENCIAMENTO PARA USO OU OCUPACAO DA FAIXA DE DOMINIO DAS RODOVIAS,1484.1
2026,3,4381,60,1611030199000,SERVICOS REG. CERTIF. FISCALIZ. - PRINC. - DEMAIS,1243844.1
2026,3,4381,83,1911010103002,MULTAS LEGISL. ESPECIFICA - PRINC. - LEGISL. TRANSITO - COTA PARTE DO DEPARTAMENTO DE EDIFICACOES E ESTRADAS DE RODAGEM DO ESTADO DE MINAS GERAIS - DERMG,20331440.48
2026,3,4381,83,1911010103003,MULTAS LEGISL. ESPECIFICA - PRINC. - LEGISL. TRANSITO - COTA PARTE DO FUNDO NACIONAL DE SEGURANCA E EDUCACAO NO TRANSITO - FUNSET,1356275.18
2026,3,4381,83,1922990199000,OUTRAS RESTITUICOES - PRINC. - DEMAIS,22261.37
2026,3,4381,83,9911010103003,DEDUCAO REC. - MULTAS LEGISL. ESPECIFICA - PRINC. - LEGISL. TRANSITO - COTA PARTE DO FUNDO NACIONAL DE SEGURANCA E EDUCACAO NO TRANSITO - FUNSET,-1356275.18
2026,3,4421,39,1911080101000,MULTAS SENTENCAS JUDICIAIS - PRINC. - MULTAS PECUNIARIAS E JUROS DE MORA,355959.24
2026,3,4441,60,1321010101000,REMUNERACAO DEPOSITOS BANCARIOS - PRINC.,2141148.41
2026,3,4441,60,1911040103000,MULTAS LEGISL. DEFESA DIR. DIFUSOS - PRINC. - TERMO DE AJUSTAMENTO DE CONDUTA - TAC,2404165.1
2026,3,4441,60,1922990199000,OUTRAS RESTITUICOES - PRINC. - DEMAIS,138.75
2026,3,4451,60,1321010101000,REMUNERACAO DEPOSITOS BANCARIOS - PRINC.,2804961.69
2026,3,4451,60,1911040102000,MULTAS LEGISL. DEFESA DIR. DIFUSOS - PRINC. - APLICADAS PELO PROCON-MG,1421585.46
2026,3,4451,60,1922011101000,RESTITUICAO CONVENIOS - PRIMARIAS - PRINC.,0
2026,3,4451,60,1922990199000,OUTRAS RESTITUICOES - PRINC. - DEMAIS,1056
2026,3,4491,59,1999992199000,OUTRAS REC. - PRIMARIAS - PRINC. - DEMAIS,4021981.16
2026,3,4541,60,1641010101000,RETORNO OPER. JUROS ENCARG. FINANCEIROS - PRINC. - JUROS DE EMPRESTIMOS,201365.49
2026,3,4541,60,2311060101000,AMORTIZACAO EMPRESTIMOS CONTRATUAIS - PRINC.,2659368.81
2026,3,4551,59,1219991106000,DEMAIS CONTRIB. SOC. - PRINC. - PECULIO,4667302.35
2026,3,4551,59,1219991107000,DEMAIS CONTRIB. SOC. - PRINC. - SEGURO COLETIVO,2196911.28
2026,3,4551,59,1219991108000,DEMAIS CONTRIB. SOC. - PRINC. - SEGURO DO CONJUGE,91537.97
2026,3,4611,60,1311020101000,CONC. PERM. AUTOR. CESSAO DIR. USO BENS IMOV. PUB. - PRINC. - CONCESSAO DE DIREITO REAL DE USO DE AREA PUBLICA,42236.39
2026,3,4611,60,1321010101000,REMUNERACAO DEPOSITOS BANCARIOS - PRINC.,397247.99
2026,3,4611,60,1922990199000,OUTRAS RESTITUICOES - PRINC. - DEMAIS,6296.08
2026,3,4611,60,1999992199000,OUTRAS REC. - PRIMARIAS - PRINC. - DEMAIS,324.7
2026,3,4611,60,1999992299000,OUTRAS REC. - PRIMARIAS - MJM - DEMAIS,240494.94
2026,3,4621,60,1641010101000,RETORNO OPER. JUROS ENCARG. FINANCEIROS - PRINC. - JUROS DE EMPRESTIMOS,4661.04
2026,3,4631,60,1321010101000,REMUNERACAO DEPOSITOS BANCARIOS - PRINC.,911577.65
2026,3,4631,60,1911090101003,MULTAS JUROS PREVISTOS CONTRATOS - PRINC. - PPP - DIREITOS DA CIDADANIA,717534.5
2026,3,4691,57,1321010101000,REMUNERACAO DEPOSITOS BANCARIOS - PRINC.,2566553.32
2026,3,4691,57,1719550102000,SEGURANCA PUBLICA - MINISTERIO DA JUSTICA E SEGURANCA PUBLICA,7844799.34
2026,3,4691,57,2419990123003,SEGURANCA PUBLICA - MINISTERIO DA JUSTICA E SEGURANCA PUBLICA,16670198.73
2026,3,4701,57,1321010101000,REMUNERACAO DEPOSITOS BANCARIOS - PRINC.,0
2026,3,4711,42,7215021101001,REC. INTRA. - CONTRIB. PATRON. - SERV. CIVIL ATIVO - PRINC. - EXECUTIVO - CONTRIB. ORDINARIA,217309620.55
2026,3,4711,42,7215021101002,REC. INTRA. - CONTRIB. PATRON. - SERV. CIVIL ATIVO - PRINC. - EXECUTIVO - CONTRIB. SUPLEMENTAR,184951797.23
2026,3,4711,42,7215021102001,REC. INTRA. - CONTRIB. PATRON. - SERV. CIVIL ATIVO - PRINC. - ALMG - CONTRIB. ORDINARIA,8292291.63
2026,3,4711,42,7215021103001,REC. INTRA. - CONTRIB. PATRON. - SERV. CIVIL ATIVO - PRINC. - TCEMG - CONTRIB. ORDINARIA,14916086.55
2026,3,4711,42,7215021104001,REC. INTRA. - CONTRIB. PATRON. - SERV. CIVIL ATIVO - PRINC. - TJMG - CONTRIB. ORDINARIA,164404020.96
2026,3,4711,42,7215021105001,REC. INTRA. - CONTRIB. PATRON. - SERV. CIVIL ATIVO - PRINC. - TJMMG - CONTRIB. ORDINARIA,647576.9
2026,3,4711,42,7215021106001,REC. INTRA. - CONTRIB. PATRON. - SERV. CIVIL ATIVO - PRINC. - MPMG - CONTRIB. ORDINARIA,54875504.76
2026,3,4711,42,7215021107001,REC. INTRA. - CONTRIB. PATRON. - SERV. CIVIL ATIVO - PRINC. - DEFPUB - CONTRIB. ORDINARIA,7427250.5
2026,3,4711,43,1215011101000,CONTRIB. SERV. CIVIL ATIVO - PRINC. - PODER EXECUTIVO,108697104.99
2026,3,4711,43,1215011102000,CONTRIB. SERV. CIVIL ATIVO - PRINC. - ASSEMBLEIA LEGISLATIVA DO ESTADO DE MINAS GERAIS - ALMG,4125952.4
2026,3,4711,43,1215011103000,CONTRIB. SERV. CIVIL ATIVO - PRINC. - TRIBUNAL DE CONTAS DO ESTADO DE MINAS GERAIS - TCEMG,7475935.93
2026,3,4711,43,1215011104000,CONTRIB. SERV. CIVIL ATIVO - PRINC. - TRIBUNAL DE JUSTICA DO ESTADO DE MINAS GERAIS - TJMG,41101005.24
2026,3,4711,43,1215011105000,CONTRIB. SERV. CIVIL ATIVO - PRINC. - TRIBUNAL DE JUSTICA MILITAR DO ESTADO DE MINAS GERAIS - TJMMG,325411.25
2026,3,4711,43,1215011106000,CONTRIB. SERV. CIVIL ATIVO - PRINC. - MINISTERIO PUBLICO DO ESTADO DE MINAS GERAIS - MPMG,27437752.38
2026,3,4711,43,1215011107000,CONTRIB. SERV. CIVIL ATIVO - PRINC. - DEFENSORIA PUBLICA DO ESTADO DE MINAS GERAIS - DEFPUB,3711046.05
2026,3,4711,43,1215011199001,CONTRIB. SERV. CIVIL ATIVO - PRINC. - DEMAIS - PESSOAL LICENCIADO/A DISPOSICAO,1695226.12
2026,3,4711,43,1215012101000,CONTRIB. SERV. CIVIL INATIVO - PRINC. - PODER EXECUTIVO,51872392.19
2026,3,4711,43,1215012102000,CONTRIB. SERV. CIVIL INATIVO - PRINC. - ASSEMBLEIA LEGISLATIVA DO ESTADO DE MINAS GERAIS - ALMG,4881388.11
2026,3,4711,43,1215012103000,CONTRIB. SERV. CIVIL INATIVO - PRINC. - TRIBUNAL DE CONTAS DO ESTADO DE MINAS GERAIS - TCEMG,8984410.52
2026,3,4711,43,1215012104000,CONTRIB. SERV. CIVIL INATIVO - PRINC. - TRIBUNAL DE JUSTICA DO ESTADO DE MINAS GERAIS - TJMG,18345499
2026,3,4711,43,1215012105000,CONTRIB. SERV. CIVIL INATIVO - PRINC. - TRIBUNAL DE JUSTICA MILITAR DO ESTADO DE MINAS GERAIS - TJMMG,174377.24
2026,3,4711,43,1215012106000,CONTRIB. SERV. CIVIL INATIVO - PRINC. - MINISTERIO PUBLICO DO ESTADO DE MINAS GERAIS - MPMG,7287263.74
2026,3,4711,43,1215012107000,CONTRIB. SERV. CIVIL INATIVO - PRINC. - DEFENSORIA PUBLICA DO ESTADO DE MINAS GERAIS - DEFPUB,1333217.58
2026,3,4711,43,1215013101000,CONTRIB. SERV. CIVIL - PENSIONISTAS - PRINC. - PODER EXECUTIVO,15155306.95
2026,3,4711,43,1215013102000,CONTRIB. SERV. CIVIL - PENSIONISTAS - PRINC. - ASSEMBLEIA LEGISLATIVA DO ESTADO DE MINAS GERAIS - ALMG,18971.36
2026,3,4711,43,1215013104000,CONTRIB. SERV. CIVIL - PENSIONISTAS - PRINC. - TRIBUNAL DE JUSTICA DO ESTADO DE MINAS GERAIS - TJMG,2926076.33
2026,3,4711,43,1215013105000,CONTRIB. SERV. CIVIL - PENSIONISTAS - PRINC. - TRIBUNAL DE JUSTICA MILITAR DO ESTADO DE MINAS GERAIS - TJMMG,17500.07
2026,3,4711,43,1215013106000,CONTRIB. SERV. CIVIL - PENSIONISTAS - PRINC. - MINISTERIO PUBLICO DO ESTADO DE MINAS GERAIS - MPMG,2220447.25
2026,3,4711,43,1215014101000,CONTRIB. ORIUNDA SENT. JUDIC. - SERV. CIVIL ATIVO - PRINC.,1979403.87
2026,3,4711,43,1215015101000,CONTRIB. ORIUNDA SENT. JUDIC. - SERV. CIVIL INATIVO - PRINC.,1978868.93
2026,3,4711,44,1999030101000,COMPENSACOES FINANCEIRAS REGIMES DE PREVIDENCIA - PRINC.,225570508.14
2026,3,4711,60,1922990199000,OUTRAS RESTITUICOES - PRINC. - DEMAIS,100461.6
2026,3,4711,61,1219991399000,DEMAIS CONTRIB. SOC. - DA - DEMAIS,173964.01
2026,3,4711,61,1219991499000,DEMAIS CONTRIB. SOC. - DA-MJM - DEMAIS,451629.46
2026,3,4711,61,1321040101000,REMUNERACAO RECURSOS RPPS - PRINC. - RENDA FIXA,5830340.35
2026,3,4711,61,1321040102000,REMUNERACAO RECURSOS RPPS - PRINC. - RENDA VARIAVEL,39375
2026,3,4711,61,1922990199000,OUTRAS RESTITUICOES - PRINC. - DEMAIS,303272.05
2026,3,4731,59,1122020104000,EMOLUMENTOS CUSTAS JUDICIAIS - PRINC. - EMOLUMENTOS,8749952.96
2026,3,4731,59,1122020204000,EMOLUMENTOS CUSTAS JUDICIAIS - MJM - EMOLUMENTOS,213407.26
2026,3,4731,59,1321010101000,REMUNERACAO DEPOSITOS BANCARIOS - PRINC.,0
2026,3,4741,59,1122020104000,EMOLUMENTOS CUSTAS JUDICIAIS - PRINC. - EMOLUMENTOS,8762885.35
2026,3,4741,59,1122020204000,EMOLUMENTOS CUSTAS JUDICIAIS - MJM - EMOLUMENTOS,211615.38
2026,3,4741,59,1321010101000,REMUNERACAO DEPOSITOS BANCARIOS - PRINC.,645843.31
2026,3,4741,60,1321010101000,REMUNERACAO DEPOSITOS BANCARIOS - PRINC.,247411.1
2026,3,4741,60,1999122101000,ONUS SUCUMBENCIA - PRINC. - HONORARIOS,510815.03
2026,3,4751,59,1122020104000,EMOLUMENTOS CUSTAS JUDICIAIS - PRINC. - EMOLUMENTOS,1118873.01
2026,3,4751,59,1122020204000,EMOLUMENTOS CUSTAS JUDICIAIS - MJM - EMOLUMENTOS,27243.47
2026,3,9999,1,1321010101000,REMUNERACAO DEPOSITOS BANCARIOS - PRINC.,31.97
2026,3,9999,9,1741990150999,SEGURANCA PUBLICA - OUTROS,0
2026,3,9999,9,2441990150999,SEGURANCA PUBLICA - OUTROS,0
2026,3,9999,10,1112510101000,IPVA - PRINC. - COTA PARTE DO ESTADO,818701344.87
2026,3,9999,10,1112510201000,IPVA - MJM - COTA PARTE DO ESTADO,28087519.89
2026,3,9999,10,1112510301000,IPVA - DA - COTA PARTE DO ESTADO,9604822.53
2026,3,9999,10,1112520101000,ITCD - PRINC. - COTA PARTE DO ESTADO,137008464.89
2026,3,9999,10,1112520201000,ITCD - MJM - COTA PARTE DO ESTADO,14581823.08
2026,3,9999,10,1112520301000,ITCD - DA - COTA PARTE DO ESTADO,1646115.14
2026,3,9999,10,1113031101000,IR - RETIDO FONTE - TRABALHO - PRINC.,553699925.44
2026,3,9999,10,1113034101000,IR - RETIDO FONTE - OUTROS RENDIMENTOS - PRINC.,56497195.51
2026,3,9999,10,1114501101001,ICMS - PRINC. - COTA PARTE ESTADO,3827980411.36
2026,3,9999,10,1114501201001,ICMS - MJM - COTA PARTE ESTADO,152094036.72
2026,3,9999,10,1114501301001,ICMS - DA - COTA PARTE ESTADO,45960549.7
2026,3,9999,10,1114501301002,ICMS - DA - COTA PARTE ESTADO - CESSAO DE DIREITOS CREDITORIOS - LEI ESTADUAL NO 19.266/10,36625.35
2026,3,9999,10,1321010101000,REMUNERACAO DEPOSITOS BANCARIOS - PRINC.,152489.09
2026,3,9999,10,1711500101000,COTA-PARTE FPE - PRINC. - ESTADO,537586452.7
2026,3,9999,10,1711530101000,COTA-PARTE IPI - ESTADOS EXPORT. PROD. INDUST. - PRINC. - ESTADO,52967130.19
2026,3,9999,10,1911090199000,MULTAS JUROS PREVISTOS CONTRATOS - PRINC. - DEMAIS,138585.08
2026,3,9999,10,1922011101000,RESTITUICAO CONVENIOS - PRIMARIAS - PRINC.,3162353.25
2026,3,9999,10,1922063199000,RESTITUICAO DESPESAS PRIMARIAS EXERCICIOS ANTERIORES - PRINC. - DEMAIS,1146.01
2026,3,9999,10,1922990199000,OUTRAS RESTITUICOES - PRINC. - DEMAIS,25062826.95
2026,3,9999,10,9114501301002,DEDUCAO REC. - ICMS - DA - COTA PARTE DO ESTADO - CESSAO DE DIREITOS CREDITORIOS - LEI ESTADUAL NO 19.266/10,-36625.35
2026,3,9999,11,1114502101000,ADICIONAL ICMS - FEM - PRINC. - COTA PARTE DO ESTADO,20874216.89
2026,3,9999,11,1114502201000,ADICIONAL ICMS - FEM - MJM - COTA PARTE DO ESTADO,91990.58
2026,3,9999,11,1114502301000,ADICIONAL ICMS - FEM - DA - COTA PARTE DO ESTADO,105253.89
2026,3,9999,11,1114502401000,ADICIONAL ICMS - FEM - DA-MJM - COTA PARTE DO ESTADO,69638.18
2026,3,9999,11,1121010101001,TX. INSP. CONTR. FISC. - PRINC. - TX. SEGURANCA PUBLICA - POLICIA CIVIL DO ESTADO DE MINAS GERAIS - PCMG E COORDENADORIA ESTADUAL DE GESTAO DO TRANSITO - CET,32790872.71
2026,3,9999,11,1121010101002,TX. INSP. CONTR. FISC. - PRINC. - TX. SEGURANCA PUBLICA - CORPO DE BOMBEIROS MILITAR DO ESTADO DE MINAS GERAIS - CBMMG,418386.6
2026,3,9999,11,1121010101003,TX. INSP. CONTR. FISC. - PRINC. - TX. SEGURANCA PUBLICA - POLICIA MILITAR DO ESTADO DE MINAS GERAIS - PMMG,6190.4
2026,3,9999,11,1121010101004,TX. INSP. CONTR. FISC. - PRINC. - TX. SEGURANCA PUBLICA - TAXA DE RENOVACAO DE LICENCIAMENTO ANUAL DE VEICULO,18962234.16
2026,3,9999,11,1121010101006,TX. INSP. CONTR. FISC. - PRINC. - TX. SEGURANCA PUBLICA - DEPARTAMENTO DE EDIFICACOES E ESTRADAS DE RODAGEM DO ESTADO DE MINAS GERAIS - DERMG,356038.84
2026,3,9999,11,1121010103000,TX. INSP. CONTR. FISC. - PRINC. - TAXA DE LICENCIAMENTO PARA USO OU OCUPACAO DA FAIXA DE DOMINIO DAS RODOVIAS,115891.18
2026,3,9999,11,1121010104000,TX. INSP. CONTR. FISC. - PRINC. - TAXA DE FISCALIZACAO SOBRE SERVICOS PUBLICOS DE ABASTECIMENTO DE AGUA E SANEAMENTO,1720706.48
2026,3,9999,11,1121010201001,TX. INSP. CONTR. FISC. - MJM - TX. SEGURANCA PUBLICA - POLICIA CIVIL DO ESTADO DE MINAS GERAIS - PCMG E COORDENADORIA ESTADUAL DE GESTAO DO TRANSITO - CET,15.67
2026,3,9999,11,1121010201004,TX. INSP. CONTR. FISC. - MJM - TX. SEGURANCA PUBLICA - TAXA DE RENOVACAO DE LICENCIAMENTO ANUAL DE VEICULO,540161.05
2026,3,9999,11,1121010203000,TX. INSP. CONTR. FISC. - MJM - TAXA DE LICENCIAMENTO PARA USO OU OCUPACAO DA FAIXA DE DOMINIO DAS RODOVIAS,636.05
2026,3,9999,11,1121040101000,TX. CONTR. FISC. AMBIENT. - PRINC. - TAXA FLORESTAL,3281085.54
2026,3,9999,11,1121040102000,TX. CONTR. FISC. AMBIENT. - PRINC. - TAXA DE FISCALIZACAO DE RECURSOS MINERARIOS,12302704.82
2026,3,9999,11,1121040103000,TX. CONTR. FISC. AMBIENT. - PRINC. - TAXA DE CONTROLE E FISCALIZACAO AMBIENTAL,522755.17
2026,3,9999,11,1121040104000,TX. CONTR. FISC. AMBIENT. - PRINC. - TAXA DE REGULARIZACAO AMBIENTAL,366043.12
2026,3,9999,11,1121040105000,TX. CONTR. FISC. AMBIENT. - PRINC. - TAXA DA LEI DA PESCA,51942.47
2026,3,9999,11,1121040106000,TX. CONTR. FISC. AMBIENT. - PRINC. - TAXA DE LIBERACAO E MANEJO DA FAUNA E FLORA,17718.77
2026,3,9999,11,1121040107000,TX. CONTR. FISC. AMBIENT. - PRINC. - TAXA DA LEI DE POLITICA FLORESTAL,477073.76
2026,3,9999,11,1121040109000,"TX. CONTR. FISC. AMBIENT. - PRINC. - TAXA DE REPROGRAFIA, CERTIDOES E JULGAMENTO DE CONTENCIOSO",53658.94
2026,3,9999,11,1121040202000,TX. CONTR. FISC. AMBIENT. - MJM - TAXA DE FISCALIZACAO DE RECURSOS MINERARIOS,36588.08
2026,3,9999,11,1121040203000,TX. CONTR. FISC. AMBIENT. - MJM - TAXA DE CONTROLE E FISCALIZACAO AMBIENTAL,163206.41
2026,3,9999,11,1121040302000,TX. CONTR. FISC. AMBIENT. - DA - TAXA DE FISCALIZACAO DE RECURSOS MINERARIOS,98855.93
2026,3,9999,11,1121040402000,TX. CONTR. FISC. AMBIENT. - DA-MJM - TAXA DE FISCALIZACAO DE RECURSOS MINERARIOS,180934.83
2026,3,9999,11,1122010101001,TX. PREST. SERV. G. - PRINC. - TX. EXP. - DEPARTAMENTO DE EDIFICACOES E ESTRADAS DE RODAGEM DO ESTADO DE MINAS GERAIS - DERMG,5804.45
2026,3,9999,11,1122010101002,TX. PREST. SERV. G. - PRINC. - TX. EXP. - ATOS DA SECRETARIA DE ESTADO DA FAZENDA - SEF,638652.07
2026,3,9999,11,1122010101003,TX. PREST. SERV. G. - PRINC. - TX. EXP. - INSTITUTO MINEIRO DE AGROPECUARIA - IMA,2729045.99
2026,3,9999,11,1122010101004,TX. PREST. SERV. G. - PRINC. - TX. EXP. - ATOS DA SECRETARIA DE ESTADO DE SAUDE - SES,627.63
2026,3,9999,11,1122010101011,TX. PREST. SERV. G. - PRINC. - TX. EXP. - ATOS DE AUTORIDADE ADMINISTRATIVA DO SISTEMA ESTADUAL DE MEIO AMBIENTE E RECURSOS HIDRICOS - SISEMA,810454.01
2026,3,9999,11,1122010104000,TX. PREST. SERV. G. - PRINC. - TAXA DE GERENCIAMENTO DO SISTEMA TRANSPORTE RODOVIARIO INTERMUNICIPAL - DEPARTAMENTO DE EDIFICACOES E ESTRADAS DE RODAGEM DO ESTADO DE MINAS GERAIS - DERMG,1645.93
2026,3,9999,11,1122010201002,TX. PREST. SERV. G. - MJM - TX. EXP. - ATOS DA SECRETARIA DE ESTADO DA FAZENDA - SEF,2972.53
2026,3,9999,11,1349010101000,COMPENSACOES AMBIENTAIS - PRINC. - REPOSICAO FLORESTAL,1021149.1
2026,3,9999,11,1349010102000,COMPENSACOES AMBIENTAIS - PRINC. - REPOSICAO DA PESCA,0
2026,3,9999,11,1349010103000,COMPENSACOES AMBIENTAIS - PRINC. - SUPRESSAO DO PEQUI,57146.32
2026,3,9999,11,1349010199000,COMPENSACOES AMBIENTAIS - PRINC. - DEMAIS,96774.85
2026,3,9999,11,1611010118000,SERVICOS ADM. COMERC. GER. - PRINC. - VISITACAO DAS UNIDADES DE CONSERVACAO DA NATUREZA,21522.89
2026,3,9999,11,1712500101000,COTA-PARTE COMPENSACAO FINANCEIRA RECURSOS HIDRICOS - PRINC.,4932475.29
2026,3,9999,11,1712510101000,COTA-PARTE CFEM - PRINC.,13736607.19
2026,3,9999,11,1712521101000,COTA-PARTE COMPENSACAO FINANCEIRA PRODUCAO PETROLEO - LEI FEDERAL NO 7.990/89 - PRINC.,1315101.29
2026,3,9999,11,1741990140999,DESPORTO LAZER - OUTROS,10455.61
2026,3,9999,11,1911010103001,MULTAS LEGISL. ESPECIFICA - PRINC. - LEGISL. TRANSITO - COTA PARTE DO ESTADO,5949663.55
2026,3,9999,11,1911010103002,MULTAS LEGISL. ESPECIFICA - PRINC. - LEGISL. TRANSITO - COTA PARTE DO DEPARTAMENTO DE EDIFICACOES E ESTRADAS DE RODAGEM DO ESTADO DE MINAS GERAIS - DERMG,9271896.06
2026,3,9999,11,1921990101000,OUTRAS INDENIZACOES - PRINC. - IMPACTOS E DANOS AMBIENTAIS,1431022.12
2026,3,9999,11,1999992199000,OUTRAS REC. - PRIMARIAS - PRINC. - DEMAIS,1723706.16
2026,3,9999,15,1122010101999,TX. PREST. SERV. G. - PRINC. - TX. EXP. - OUTROS,3236.61
2026,3,9999,15,1311011101000,ALUGUEIS ARRENDAMENTOS - PRINC. - ALUGUEIS,25820
2026,3,9999,15,1311020199000,CONC. PERM. AUTOR. CESSAO DIR. USO BENS IMOV. PUB. - PRINC. - DEMAIS,105250.95
2026,3,9999,15,1321010101000,REMUNERACAO DEPOSITOS BANCARIOS - PRINC.,109169418.22
2026,3,9999,15,1321020101000,REMUNERACAO DEPOSITOS ESPECIAIS - PRINC.,4121248.23
2026,3,9999,15,1322010102000,DIVIDENDOS - PRINC. - EMPRESAS NAO ESTATAIS,76.2
2026,3,9999,15,1511010102001,REC. INDUSTRIAL - PRINC. - INDUSTRIA EDITORIAL GRAFICA - RECEITA DE PUBLICACOES,2197073.97
2026,3,9999,15,1611010106000,SERVICOS ADM. COMERC. GER. - PRINC. - RESERVA DE PLACA ESPECIAL,1056677.5
2026,3,9999,15,1611010119000,SERVICOS ADM. COMERC. GER. - PRINC. - REGULARIZACAO FUNDIARIA,79500.25
2026,3,9999,15,1611040103000,SERVICOS INFORMACAO TECNOLOGIA - PRINC. - FORNECIMENTO DE DADOS FISCAIS,26247.47
2026,3,9999,15,1611040105000,SERVICOS INFORMACAO TECNOLOGIA - PRINC. - PROCESSAMENTO DAS CONSIGNACOES DA FOLHA DE PESSOAL,520740.68
2026,3,9999,15,1699990301000,OUTROS SERVICOS - DA,5798543.58
2026,3,9999,15,1719580101000,TRANSF. OBRIGATORIA DECORRENTE LC FEDERAL NO 176/20 - PRINC.,37724064.65
2026,3,9999,15,1911010101000,MULTAS LEGISL. ESPECIFICA - PRINC. - LEGISLACAO SANITARIA,13001.54
2026,3,9999,15,1911010104999,MULTAS LEGISL. ESPECIFICA - PRINC. - MULTA ISOLADA OBRIG. ACESSORIA - OUTROS,2096268.93
2026,3,9999,15,1911010204999,MULTAS LEGISL. ESPECIFICA - MJM - MULTA ISOLADA OBRIG. ACESSORIA - OUTROS,43.71
2026,3,9999,15,1911010304999,MULTAS LEGISL. ESPECIFICA - DA - MULTA ISOLADA OBRIG. ACESSORIA - OUTROS,3700772.53
2026,3,9999,15,1911010404999,MULTAS LEGISL. ESPECIFICA - DA-MJM - MULTA ISOLADA OBRIG. ACESSORIA - OUTROS,1228.39
2026,3,9999,15,1911040104000,MULTAS LEGISL. DEFESA DIR. DIFUSOS - PRINC. - USO DE PIPAS COM LINHA CORTANTE,0.01
2026,3,9999,15,1911061101000,MULTAS ADM. DANOS AMBIENTAIS - PRINC.,7685444.4
2026,3,9999,15,1911090199000,MULTAS JUROS PREVISTOS CONTRATOS - PRINC. - DEMAIS,245483.97
2026,3,9999,15,1911132101000,MULTAS LEGISLACAO ANTICORRUPCAO ACORDOS LENIENCIA - PRINC.,2571075.58
2026,3,9999,15,1921990199000,OUTRAS INDENIZACOES - PRINC. - DEMAIS,411435.46
2026,3,9999,15,1922990199000,OUTRAS RESTITUICOES - PRINC. - DEMAIS,84798.59
2026,3,9999,15,1931060101000,BENS DIREITOS VALORES RENUNCIA VOLUNTARIA ACORDO NAO PERSECUCAO PENAL - PRINC.,60396
2026,3,9999,15,1999992115000,OUTRAS REC. - PRIMARIAS - PRINC. - GESTAO DE VEICULOS APREENDIDOS E REMOVIDOS,13601878
2026,3,9999,15,1999992117000,"OUTRAS REC. - PRIMARIAS - PRINC. - BENS, DIREITOS E VALORES OBJETO DE RENUNCIA VOLUNTARIA EM ACORDO DE NAO PERSECUCAO CIVEL",16898.06
2026,3,9999,15,1999992199000,OUTRAS REC. - PRIMARIAS - PRINC. - DEMAIS,3143080.61
2026,3,9999,15,1999992299000,OUTRAS REC. - PRIMARIAS - MJM - DEMAIS,185118.6
2026,3,9999,15,1999992399000,OUTRAS REC. - PRIMARIAS - DA - DEMAIS,218.31
2026,3,9999,15,1999992499000,OUTRAS REC. - PRIMARIAS - DA-MJM - DEMAIS,75.85
2026,3,9999,20,1112510102000,IPVA - PRINC. - COTA PARTE DOS MUNICIPIOS,1023380956.93
2026,3,9999,20,1112510202000,IPVA - MJM - COTA PARTE DOS MUNICIPIOS,35109418.82
2026,3,9999,20,1112510302000,IPVA - DA - COTA PARTE DOS MUNICIPIOS,12006028.75
2026,3,9999,20,1114501102000,ICMS - PRINC. - COTA PARTE DOS MUNICIPIOS,1594991818.25
2026,3,9999,20,1114501202000,ICMS - MJM - COTA PARTE DOS MUNICIPIOS,63372516.14
2026,3,9999,20,1114501302000,ICMS - DA - COTA PARTE DOS MUNICIPIOS,19165489.84
2026,3,9999,20,1711530102000,COTA-PARTE IPI - ESTADOS EXPORT. PROD. INDUST. - PRINC. - MUNICIPIOS,22069637.52
2026,3,9999,20,9112510102000,DEDUCAO REC. - IPVA - PRINC. - COTA PARTE DOS MUNICIPIOS,-1023380956.93
2026,3,9999,20,9112510202000,DEDUCAO REC. - IPVA - MJM - COTA PARTE DOS MUNICIPIOS,-35109418.82
2026,3,9999,20,9112510302000,DEDUCAO REC. - IPVA - DA - COTA PARTE DOS MUNICIPIOS,-12006028.75
2026,3,9999,20,9114501102000,DEDUCAO REC. - ICMS - PRINC. - COTA PARTE DOS MUNICIPIOS,-1594991818.25
2026,3,9999,20,9114501202000,DEDUCAO REC. - ICMS - MJM - COTA PARTE DOS MUNICIPIOS,-63372516.14
2026,3,9999,20,9114501302000,DEDUCAO REC. - ICMS - DA - COTA PARTE DOS MUNICIPIOS,-19165489.84
2026,3,9999,20,9711530102000,DEDUCAO REC. - COTA-PARTE IPI - ESTADOS EXPORT. PROD. INDUST. - PRINC. - MUNICIPIOS,-22069637.52
2026,3,9999,23,1112510103000,IPVA - PRINC. - COTA PARTE DO ESTADO PARA O FUNDEB,204677786.02
2026,3,9999,23,1112510203000,IPVA - MJM - COTA PARTE DO ESTADO PARA O FUNDEB,7021866.27
2026,3,9999,23,1112510303000,IPVA - DA - COTA PARTE DO ESTADO PARA O FUNDEB,2401205.76
2026,3,9999,23,1112520102000,ITCD - PRINC. - COTA PARTE DO FUNDEB,34252116.18
2026,3,9999,23,1112520202000,ITCD - MJM - COTA PARTE DO FUNDEB,3645455.8
2026,3,9999,23,1112520302000,ITCD - DA - COTA PARTE DO FUNDEB,411528.8
2026,3,9999,23,1114501103000,ICMS - PRINC. - COTA PARTE DO ESTADO PARA O FUNDEB,956995090.42
2026,3,9999,23,1114501203000,ICMS - MJM - COTA PARTE DO ESTADO PARA O FUNDEB,38023509.5
2026,3,9999,23,1114501303000,ICMS - DA - COTA PARTE DO ESTADO PARA O FUNDEB,11499294.5
2026,3,9999,23,1114502102000,ADICIONAL ICMS - FEM - PRINC. - COTA PARTE DO FUNDEB,17395179.27
2026,3,9999,23,1114502202000,ADICIONAL ICMS - FEM - MJM - COTA PARTE DO FUNDEB,76658.8
2026,3,9999,23,1114502302000,ADICIONAL ICMS - FEM - DA - COTA PARTE DO FUNDEB,87711.61
2026,3,9999,23,1114502402000,ADICIONAL ICMS - FEM - DA-MJM - COTA PARTE DO FUNDEB,58031.78
2026,3,9999,23,1711500102000,COTA-PARTE FPE - PRINC. - FUNDEB,134396613.14
2026,3,9999,23,1711530103000,COTA-PARTE IPI - ESTADOS EXPORT. PROD. INDUST. - PRINC. - FUNDEB,13241782.52
2026,3,9999,23,9112510103000,DEDUCAO REC. - IPVA - PRINC. - COTA PARTE DO ESTADO PARA O FUNDEB,-204677786.02
2026,3,9999,23,9112510203000,DEDUCAO REC. - IPVA - MJM - COTA PARTE DO ESTADO PARA O FUNDEB,-7021866.27
2026,3,9999,23,9112510303000,DEDUCAO REC. - IPVA - DA - COTA PARTE DO ESTADO PARA O FUNDEB,-2401205.76
2026,3,9999,23,9112520102000,DEDUCAO REC. - ITCD - PRINC. - COTA PARTE DO ESTADO PARA O FUNDEB,-34252116.18
2026,3,9999,23,9112520202000,DEDUCAO REC. - ITCD - MJM - COTA PARTE DO ESTADO PARA O FUNDEB,-3645455.8
2026,3,9999,23,9112520302000,DEDUCAO REC. - ITCD - DA - COTA PARTE DO ESTADO PARA O FUNDEB,-411528.8
2026,3,9999,23,9114501103000,DEDUCAO REC. - ICMS - PRINC. - COTA PARTE DO ESTADO PARA O FUNDEB,-956995090.42
2026,3,9999,23,9114501203000,DEDUCAO REC. - ICMS - MJM - COTA PARTE DO ESTADO PARA O FUNDEB,-38023509.5
2026,3,9999,23,9114501303000,DEDUCAO REC. - ICMS - DA - COTA PARTE DO ESTADO PARA O FUNDEB,-11499294.5
2026,3,9999,23,9114502102000,DEDUCAO REC. - ADICIONAL ICMS - FEM - PRINC. - COTA PARTE DO FUNDEB,-17395179.27
2026,3,9999,23,9114502202000,DEDUCAO REC. - ADICIONAL ICMS - FEM - MJM - COTA PARTE DO FUNDEB,-76658.8
2026,3,9999,23,9114502302000,DEDUCAO REC. - ADICIONAL ICMS - FEM - DA - COTA PARTE DO FUNDEB,-87711.61
2026,3,9999,23,9114502402000,DEDUCAO REC. - ADICIONAL ICMS - FEM - DA-MJM - COTA PARTE DO FUNDEB,-58031.78
2026,3,9999,23,9711500102000,DEDUCAO REC. - COTA-PARTE FPE - PRINC. - FUNDEB,-134396613.14
2026,3,9999,23,9711530103000,DEDUCAO REC. - COTA-PARTE IPI - ESTADOS EXPORT. PROD. INDUST. - PRINC. - FUNDEB,-13241782.52
2026,3,9999,24,1321010101000,REMUNERACAO DEPOSITOS BANCARIOS - PRINC.,42788.22
2026,3,9999,24,1717990120014,SEGURANCA PUBLICA - INSTITUTO NACIONAL DE ESTUDOS E PESQUISAS EDUCACIONAIS ANISIO TEIXEIRA - INEP,0
2026,3,9999,25,1321010101000,REMUNERACAO DEPOSITOS BANCARIOS - PRINC.,2039549.58
2026,3,9999,25,2119990102002,CAIXA ECONOMICA FEDERAL - PROGRAMA DE ACELERACAO DO CRESCIMENTO - PAC - CONTAGEM,1323220.6
2026,3,9999,27,1121010101001,TX. INSP. CONTR. FISC. - PRINC. - TX. SEGURANCA PUBLICA - POLICIA CIVIL DO ESTADO DE MINAS GERAIS - PCMG E COORDENADORIA ESTADUAL DE GESTAO DO TRANSITO - CET,76235250.83
2026,3,9999,27,1121010101002,TX. INSP. CONTR. FISC. - PRINC. - TX. SEGURANCA PUBLICA - CORPO DE BOMBEIROS MILITAR DO ESTADO DE MINAS GERAIS - CBMMG,976235.37
2026,3,9999,27,1121010101003,TX. INSP. CONTR. FISC. - PRINC. - TX. SEGURANCA PUBLICA - POLICIA MILITAR DO ESTADO DE MINAS GERAIS - PMMG,14444.29
2026,3,9999,27,1121010101004,TX. INSP. CONTR. FISC. - PRINC. - TX. SEGURANCA PUBLICA - TAXA DE RENOVACAO DE LICENCIAMENTO ANUAL DE VEICULO,44236931.97
2026,3,9999,27,1121010101006,TX. INSP. CONTR. FISC. - PRINC. - TX. SEGURANCA PUBLICA - DEPARTAMENTO DE EDIFICACOES E ESTRADAS DE RODAGEM DO ESTADO DE MINAS GERAIS - DERMG,830757.38
2026,3,9999,27,1121010201001,TX. INSP. CONTR. FISC. - MJM - TX. SEGURANCA PUBLICA - POLICIA CIVIL DO ESTADO DE MINAS GERAIS - PCMG E COORDENADORIA ESTADUAL DE GESTAO DO TRANSITO - CET,36.57
2026,3,9999,27,1121010201004,TX. INSP. CONTR. FISC. - MJM - TX. SEGURANCA PUBLICA - TAXA DE RENOVACAO DE LICENCIAMENTO ANUAL DE VEICULO,1259987.56
2026,3,9999,29,1122010101002,TX. PREST. SERV. G. - PRINC. - TX. EXP. - ATOS DA SECRETARIA DE ESTADO DA FAZENDA - SEF,1472098.7
2026,3,9999,29,1122010101004,TX. PREST. SERV. G. - PRINC. - TX. EXP. - ATOS DA SECRETARIA DE ESTADO DE SAUDE - SES,1464.49
2026,3,9999,29,1122010101011,TX. PREST. SERV. G. - PRINC. - TX. EXP. - ATOS DE AUTORIDADE ADMINISTRATIVA DO SISTEMA ESTADUAL DE MEIO AMBIENTE E RECURSOS HIDRICOS - SISEMA,94522.82
2026,3,9999,29,1122010201002,TX. PREST. SERV. G. - MJM - TX. EXP. - ATOS DA SECRETARIA DE ESTADO DA FAZENDA - SEF,6935.95
2026,3,9999,30,1219991110001,DEMAIS CONTRIB. SOC. - PRINC. - CONTRIB. MILITAR APOSENTADORIA - ATIVO,14074159.26
2026,3,9999,31,1321010101000,REMUNERACAO DEPOSITOS BANCARIOS - PRINC.,9004.7
2026,3,9999,31,1712500101000,COTA-PARTE COMPENSACAO FINANCEIRA RECURSOS HIDRICOS - PRINC.,11509109.03
2026,3,9999,31,1922011101000,RESTITUICAO CONVENIOS - PRIMARIAS - PRINC.,3704.56
2026,3,9999,31,1922990199000,OUTRAS RESTITUICOES - PRINC. - DEMAIS,2802.8
2026,3,9999,32,1321010101000,REMUNERACAO DEPOSITOS BANCARIOS - PRINC.,5678.41
2026,3,9999,32,1712510101000,COTA-PARTE CFEM - PRINC.,32052083.48
2026,3,9999,32,1922990199000,OUTRAS RESTITUICOES - PRINC. - DEMAIS,16701.46
2026,3,9999,33,1712521101000,COTA-PARTE COMPENSACAO FINANCEIRA PRODUCAO PETROLEO - LEI FEDERAL NO 7.990/89 - PRINC.,3068569.7
2026,3,9999,46,1321010101000,REMUNERACAO DEPOSITOS BANCARIOS - PRINC.,0
2026,3,9999,48,2213010101000,ALIENACAO BENS MOVEIS E SEMOVENTES - PRINC.,195355.09
2026,3,9999,48,2221010101000,ALIENACAO BENS IMOVEIS - PRINC.,0
2026,3,9999,60,1922990199000,OUTRAS RESTITUICOES - PRINC. - DEMAIS,0
2026,3,9999,70,2432990122001,SEGURANCA PUBLICA - DIVERSOS MUNICIPIOS,0
2026,3,9999,71,1114502101000,ADICIONAL ICMS - FEM - PRINC. - COTA PARTE DO ESTADO,48706500.61
2026,3,9999,71,1114502201000,ADICIONAL ICMS - FEM - MJM - COTA PARTE DO ESTADO,214644.31
2026,3,9999,71,1114502301000,ADICIONAL ICMS - FEM - DA - COTA PARTE DO ESTADO,245592.34
2026,3,9999,71,1114502401000,ADICIONAL ICMS - FEM - DA-MJM - COTA PARTE DO ESTADO,162489.06
2026,3,9999,71,1321010101000,REMUNERACAO DEPOSITOS BANCARIOS - PRINC.,4592.28
2026,3,9999,71,1922990199000,OUTRAS RESTITUICOES - PRINC. - DEMAIS,47
2026,3,9999,72,1121040102000,TX. CONTR. FISC. AMBIENT. - PRINC. - TAXA DE FISCALIZACAO DE RECURSOS MINERARIOS,28706311.33
2026,3,9999,72,1121040202000,TX. CONTR. FISC. AMBIENT. - MJM - TAXA DE FISCALIZACAO DE RECURSOS MINERARIOS,85372.24
2026,3,9999,72,1121040302000,TX. CONTR. FISC. AMBIENT. - DA - TAXA DE FISCALIZACAO DE RECURSOS MINERARIOS,230663.85
2026,3,9999,72,1121040402000,TX. CONTR. FISC. AMBIENT. - DA-MJM - TAXA DE FISCALIZACAO DE RECURSOS MINERARIOS,422181.26
2026,3,9999,72,1321010101000,REMUNERACAO DEPOSITOS BANCARIOS - PRINC.,3910.83
2026,3,9999,72,1922011101000,RESTITUICAO CONVENIOS - PRIMARIAS - PRINC.,208702.24
2026,3,9999,72,1922990199000,OUTRAS RESTITUICOES - PRINC. - DEMAIS,104.13
2026,3,9999,75,7219991110051,REC. INTRA. - DEMAIS CONTRIB. SOC. - PRINC. - CONTRIB. PATRONAL MILITAR APOSENTADORIA - ATIVO,29918456.94
2026,3,9999,75,7219991110052,REC. INTRA. - DEMAIS CONTRIB. SOC. - PRINC. - CONTRIB. PATRONAL MILITAR APOSENTADORIA - INATIVO,45948885.69
2026,3,9999,80,1321010101000,REMUNERACAO DEPOSITOS BANCARIOS - PRINC.,20910819.96
2026,3,9999,80,1922990199000,OUTRAS RESTITUICOES - PRINC. - DEMAIS,5334.68
2026,3,9999,82,1911010103001,MULTAS LEGISL. ESPECIFICA - PRINC. - LEGISL. TRANSITO - COTA PARTE DO ESTADO,13844570.76
2026,3,9999,82,1911010103004,MULTAS LEGISL. ESPECIFICA - PRINC. - LEGISL. TRANSITO - COTA PARTE DO FUNDO NACIONAL DE SEGURANCA E EDUCACAO NO TRANSITO - FUNSET - ESTADO,1043800.63
2026,3,9999,82,9911010103004,DEDUCAO REC. - MULTAS LEGISL. ESPECIFICA - PRINC. - LEGISL. TRANSITO - COTA PARTE DO FUNDO NACIONAL DE SEGURANCA E EDUCACAO NO TRANSITO - FUNSET - ESTADO,-1043800.63
2026,3,9999,89,1321010101000,REMUNERACAO DEPOSITOS BANCARIOS - PRINC.,0
2026,3,9999,94,1121040101000,TX. CONTR. FISC. AMBIENT. - PRINC. - TAXA FLORESTAL,183062.14
2026,3,9999,95,1321010101000,REMUNERACAO DEPOSITOS BANCARIOS - PRINC.,125647868.38
2026,3,9999,97,1321010101000,REMUNERACAO DEPOSITOS BANCARIOS - PRINC.,406804.24
2026,4,1011,60,1321010101000,REMUNERACAO DEPOSITOS BANCARIOS - PRINC.,7199605.95
2026,4,1011,60,1361011101000,CESSAO DIR. OPERAC. PAG. - PODERES EXECUTIVO LEGISLATIVO - PRINC. - FOLHA DE PESSOAL,81545.11
2026,4,1011,60,1922990199000,OUTRAS RESTITUICOES - PRINC. - DEMAIS,39864.7
2026,4,1011,60,1999992199000,OUTRAS REC. - PRIMARIAS - PRINC. - DEMAIS,58349.28
2026,4,1021,60,1321010101000,REMUNERACAO DEPOSITOS BANCARIOS - PRINC.,2993147.42
2026,4,1031,60,1321010101000,REMUNERACAO DEPOSITOS BANCARIOS - PRINC.,13369293.31
2026,4,1031,60,1922990199000,OUTRAS RESTITUICOES - PRINC. - DEMAIS,98084.97
2026,4,1031,60,1999992199000,OUTRAS REC. - PRIMARIAS - PRINC. - DEMAIS,675.04
2026,4,1051,60,1321010101000,REMUNERACAO DEPOSITOS BANCARIOS - PRINC.,276040.47
2026,4,1051,60,1611010113000,SERVICOS ADM. COMERC. GER. - PRINC. - FOTOCOPIAS E COPIAS HELIOGRAFICAS,35.2
2026,4,1051,60,1611010199001,SERVICOS ADM. COMERC. GER. - PRINC. - DEMAIS - SERVICOS ADMINISTRATIVOS,69.48
2026,4,1071,45,1321010101000,REMUNERACAO DEPOSITOS BANCARIOS - PRINC.,3769.59
2026,4,1071,98,1321010101000,REMUNERACAO DEPOSITOS BANCARIOS - PRINC.,11766.9
2026,4,1081,9,1321010101000,REMUNERACAO DEPOSITOS BANCARIOS - PRINC.,25850.37
2026,4,1081,57,1321010101000,REMUNERACAO DEPOSITOS BANCARIOS - PRINC.,75.37
2026,4,1091,47,1321010101000,REMUNERACAO DEPOSITOS BANCARIOS - PRINC.,61068.99
2026,4,1091,60,1311011101000,ALUGUEIS ARRENDAMENTOS - PRINC. - ALUGUEIS,2267.82
2026,4,1091,60,1321010101000,REMUNERACAO DEPOSITOS BANCARIOS - PRINC.,4487694.39
2026,4,1091,60,1922990199000,OUTRAS RESTITUICOES - PRINC. - DEMAIS,4065.17
2026,4,1191,9,1321010101000,REMUNERACAO DEPOSITOS BANCARIOS - PRINC.,264024.35
2026,4,1191,74,1321010101000,REMUNERACAO DEPOSITOS BANCARIOS - PRINC.,492301.55
2026,4,1221,24,1321010101000,REMUNERACAO DEPOSITOS BANCARIOS - PRINC.,87020.02
2026,4,1221,98,1321010101000,REMUNERACAO DEPOSITOS BANCARIOS - PRINC.,92.74
2026,4,1231,1,1321010101000,REMUNERACAO DEPOSITOS BANCARIOS - PRINC.,3213.12
2026,4,1231,24,1321010101000,REMUNERACAO DEPOSITOS BANCARIOS - PRINC.,-148132.78
2026,4,1231,59,1349010103000,COMPENSACOES AMBIENTAIS - PRINC. - SUPRESSAO DO PEQUI,319197.47
2026,4,1231,69,1321010101000,REMUNERACAO DEPOSITOS BANCARIOS - PRINC.,8318.88
2026,4,1231,98,1321010101000,REMUNERACAO DEPOSITOS BANCARIOS - PRINC.,54939.61
2026,4,1251,9,1321010101000,REMUNERACAO DEPOSITOS BANCARIOS - PRINC.,0.58
2026,4,1251,24,1321010101000,REMUNERACAO DEPOSITOS BANCARIOS - PRINC.,5283.89
2026,4,1251,45,1741990150999,SEGURANCA PUBLICA - OUTROS,18218.75
2026,4,1251,45,2441990150999,SEGURANCA PUBLICA - OUTROS,305945.36
2026,4,1251,60,1311012101000,FOROS LAUDEMIOS TARIFAS OCUPACAO - PRINC. - TARIFA DE OCUPACAO DE IMOVEIS,24289.01
2026,4,1251,60,1311020101000,CONC. PERM. AUTOR. CESSAO DIR. USO BENS IMOV. PUB. - PRINC. - CONCESSAO DE DIREITO REAL DE USO DE AREA PUBLICA,152558.45
2026,4,1251,60,1611010199001,SERVICOS ADM. COMERC. GER. - PRINC. - DEMAIS - SERVICOS ADMINISTRATIVOS,3013.31
2026,4,1251,60,1611020101000,INSCRICAO CONCURSOS PROCESSOS SELETIVOS - PRINC.,42600
2026,4,1251,60,1911090199000,MULTAS JUROS PREVISTOS CONTRATOS - PRINC. - DEMAIS,0
2026,4,1251,60,1922990199000,OUTRAS RESTITUICOES - PRINC. - DEMAIS,2125.37
2026,4,1251,60,1999992199000,OUTRAS REC. - PRIMARIAS - PRINC. - DEMAIS,5072.81
2026,4,1251,68,1321010101000,REMUNERACAO DEPOSITOS BANCARIOS - PRINC.,1906.29
2026,4,1251,69,1321010101000,REMUNERACAO DEPOSITOS BANCARIOS - PRINC.,1069.76
2026,4,1251,69,2422990120002,SEGURANCA PUBLICA - COMPANHIA DE SANEAMENTO DE MINAS GERAIS - COPASA,396429.82
2026,4,1251,70,1321010101000,REMUNERACAO DEPOSITOS BANCARIOS - PRINC.,18918.07
2026,4,1251,70,1732990123001,SEGURANCA PUBLICA - DIVERSOS MUNICIPIOS,1034795.03
2026,4,1251,70,2432990122001,SEGURANCA PUBLICA - DIVERSOS MUNICIPIOS,1080564.13
2026,4,1251,73,1321010101000,REMUNERACAO DEPOSITOS BANCARIOS - PRINC.,230741.79
2026,4,1261,3,1321010101000,REMUNERACAO DEPOSITOS BANCARIOS - PRINC.,115.98
2026,4,1261,21,1321010101000,REMUNERACAO DEPOSITOS BANCARIOS - PRINC.,2658753.51
2026,4,1261,21,1714500101000,TRANSFERENCIAS DO SALARIO-EDUCACAO - PRINC.,80856142.15
2026,4,1261,21,1922990104000,OUTRAS RESTITUICOES - PRINC. - CONTRIB. DO SALARIO-EDUCACAO,17637.66
2026,4,1261,23,1321010101000,REMUNERACAO DEPOSITOS BANCARIOS - PRINC.,6556721.93
2026,4,1261,23,1751500101000,TRANSF. RECURSOS FUNDEB - PRINC. - PARCELA FPM,205343848.72
2026,4,1261,23,1751500103001,TRANSF. RECURSOS FUNDEB - PRINC. - PARCELA ICMS - PRINC.,618646023.02
2026,4,1261,23,1751500104001,TRANSF. RECURSOS FUNDEB - PRINC. - PARCELA IPI - PRINC.,6760360.93
2026,4,1261,23,1751500105001,TRANSF. RECURSOS FUNDEB - PRINC. - PARCELA FPE - PRINC.,69422518.01
2026,4,1261,23,1751500106001,TRANSF. RECURSOS FUNDEB - PRINC. - PARCELA ITR - PRINC.,425423.77
2026,4,1261,23,1751500107001,TRANSF. RECURSOS FUNDEB - PRINC. - PARCELA IPVA - PRINC.,157481813.26
2026,4,1261,23,1751500108001,TRANSF. RECURSOS FUNDEB - PRINC. - PARCELA ITCD - PRINC.,11310767.08
2026,4,1261,23,1751500109001,TRANSF. RECURSOS FUNDEB - PRINC. - PARCELA ADICIONAL ICMS - FEM - PRINC.,7863643.77
2026,4,1261,23,1922990199000,OUTRAS RESTITUICOES - PRINC. - DEMAIS,10731270.63
2026,4,1261,24,1321010101000,REMUNERACAO DEPOSITOS BANCARIOS - PRINC.,419.35
2026,4,1261,36,1321010101000,REMUNERACAO DEPOSITOS BANCARIOS - PRINC.,9147179.79
2026,4,1261,36,1714520101000,TRANSF. REF. PNAE - PRINC.,27460070.5
2026,4,1261,36,1714990102000,OUTRAS TRANSF. DIRETAS FNDE - PRINC. - PRONATEC,184320
2026,4,1261,36,1922990102000,OUTRAS RESTITUICOES - PRINC. - PNAE/FNDE - ALIMENTACAO ESCOLAR,234536.74
2026,4,1261,36,1922990199000,OUTRAS RESTITUICOES - PRINC. - DEMAIS,-4683.39
2026,4,1261,36,2412509102000,EDUCACAO - FNDE - CONSTRUCAO DE QUADRAS POLIESPORTIVAS,393715.09
2026,4,1261,70,1321010101000,REMUNERACAO DEPOSITOS BANCARIOS - PRINC.,2365.16
2026,4,1261,98,1321010101000,REMUNERACAO DEPOSITOS BANCARIOS - PRINC.,44935.65
2026,4,1301,24,1321010101000,REMUNERACAO DEPOSITOS BANCARIOS - PRINC.,626458.92
2026,4,1301,24,2414540102000,TRANSPORTE - MINISTERIO DAS CIDADES,1200000
2026,4,1301,59,1321010101000,REMUNERACAO DEPOSITOS BANCARIOS - PRINC.,344973.77
2026,4,1301,59,1332040101000,DELEG. EXPLORACAO INFRAEST. AEROPORTUARIA - PRINC.,384295.22
2026,4,1301,70,1321010101000,REMUNERACAO DEPOSITOS BANCARIOS - PRINC.,175630.81
2026,4,1301,73,1321010101000,REMUNERACAO DEPOSITOS BANCARIOS - PRINC.,58011.39
2026,4,1301,73,1717990115002,TRANSPORTE - SECRETARIA NACIONAL DE AVIACAO CIVIL,93.66
2026,4,1301,74,1321010101000,REMUNERACAO DEPOSITOS BANCARIOS - PRINC.,179289.81
2026,4,1301,98,1321010101000,REMUNERACAO DEPOSITOS BANCARIOS - PRINC.,12375.6
2026,4,1371,9,1321010101000,REMUNERACAO DEPOSITOS BANCARIOS - PRINC.,96473.91
2026,4,1371,24,1321010101000,REMUNERACAO DEPOSITOS BANCARIOS - PRINC.,121085.61
2026,4,1371,79,1911061101000,MULTAS ADM. DANOS AMBIENTAIS - PRINC.,1787738.74
2026,4,1401,2,1321010101000,REMUNERACAO DEPOSITOS BANCARIOS - PRINC.,5275.28
2026,4,1401,2,2414990120004,SEGURANCA PUBLICA - MINISTERIO DA JUSTICA E SEGURANCA PUBLICA,1847669.82
2026,4,1401,9,1321010101000,REMUNERACAO DEPOSITOS BANCARIOS - PRINC.,6974.95
2026,4,1401,24,1321010101000,REMUNERACAO DEPOSITOS BANCARIOS - PRINC.,7961.76
2026,4,1401,60,1311011102000,ALUGUEIS ARRENDAMENTOS - PRINC. - ARRENDAMENTOS,70
2026,4,1401,60,1611010111000,SERVICOS ADM. COMERC. GER. - PRINC. - SEGURANCA PUBLICA,214.32
2026,4,1401,60,1611010127000,SERVICOS ADM. COMERC. GER. - PRINC. - RECREATIVOS E CULTURAIS,22636.2
2026,4,1401,60,1911010106000,MULTAS LEGISL. ESPECIFICA - PRINC. - INFRACAO A LEGISLACAO DE PREVENCAO DE INCENDIO E PANICO,17948.7
2026,4,1401,66,1321010101000,REMUNERACAO DEPOSITOS BANCARIOS - PRINC.,2982.29
2026,4,1401,70,1321010101000,REMUNERACAO DEPOSITOS BANCARIOS - PRINC.,7075.23
2026,4,1401,70,1732990123001,SEGURANCA PUBLICA - DIVERSOS MUNICIPIOS,40000
2026,4,1401,70,2432990122001,SEGURANCA PUBLICA - DIVERSOS MUNICIPIOS,30000
2026,4,1401,74,1321010101000,REMUNERACAO DEPOSITOS BANCARIOS - PRINC.,40.18
2026,4,1401,98,1321010101000,REMUNERACAO DEPOSITOS BANCARIOS - PRINC.,70272.47
2026,4,1441,60,1321010101000,REMUNERACAO DEPOSITOS BANCARIOS - PRINC.,2665645.53
2026,4,1451,1,1321010101000,REMUNERACAO DEPOSITOS BANCARIOS - PRINC.,1526.51
2026,4,1451,2,1321010101000,REMUNERACAO DEPOSITOS BANCARIOS - PRINC.,14463.8
2026,4,1451,9,1321010101000,REMUNERACAO DEPOSITOS BANCARIOS - PRINC.,518.82
2026,4,1451,10,7729990125000,REC. INTRA. - OUTRAS TRANSF. ESTADOS DF - PRINC. - REPASSE DO FUNDO ESTADUAL DE SAUDE - FES - LC FEDERAL NO 141/12,6822630.48
2026,4,1451,24,1321010101000,REMUNERACAO DEPOSITOS BANCARIOS - PRINC.,69306.97
2026,4,1451,60,1922990199000,OUTRAS RESTITUICOES - PRINC. - DEMAIS,1533.56
2026,4,1451,60,1923990101000,OUTROS RESSARCIMENTOS - PRINC. - RETENCAO SOBRE PAGAMENTO FOLHA DE SENTENCIADO,897765.96
2026,4,1451,70,1321010101000,REMUNERACAO DEPOSITOS BANCARIOS - PRINC.,813.28
2026,4,1451,98,1321010101000,REMUNERACAO DEPOSITOS BANCARIOS - PRINC.,13128.27
2026,4,1481,24,1321010101000,REMUNERACAO DEPOSITOS BANCARIOS - PRINC.,2793.85
2026,4,1481,38,1719990115001,DESPORTO LAZER - MINISTERIO DO ESPORTE,-7536162.65
2026,4,1481,57,1321010101000,REMUNERACAO DEPOSITOS BANCARIOS - PRINC.,49799.99
2026,4,1481,57,1719990115001,DESPORTO LAZER - MINISTERIO DO ESPORTE,9208083.67
2026,4,1481,57,1719990115002,DESPORTO LAZER - LOTERIA DE APOSTAS DE QUOTA FIXA - BETS,233622
2026,4,1481,59,1741990140999,DESPORTO LAZER - OUTROS,16219.18
2026,4,1481,98,1321010101000,REMUNERACAO DEPOSITOS BANCARIOS - PRINC.,8487.86
2026,4,1511,1,1321010101000,REMUNERACAO DEPOSITOS BANCARIOS - PRINC.,14411.83
2026,4,1511,2,1321010101000,REMUNERACAO DEPOSITOS BANCARIOS - PRINC.,121846.51
2026,4,1511,9,1321010101000,REMUNERACAO DEPOSITOS BANCARIOS - PRINC.,29690.76
2026,4,1511,24,1321010101000,REMUNERACAO DEPOSITOS BANCARIOS - PRINC.,13666.16
2026,4,1511,70,1321010101000,REMUNERACAO DEPOSITOS BANCARIOS - PRINC.,11061.05
2026,4,1511,74,1321010101000,REMUNERACAO DEPOSITOS BANCARIOS - PRINC.,1715.29
2026,4,1511,98,1321010101000,REMUNERACAO DEPOSITOS BANCARIOS - PRINC.,140110.23
2026,4,1521,9,1321010101000,REMUNERACAO DEPOSITOS BANCARIOS - PRINC.,24221.25
2026,4,1711,69,1321010101000,REMUNERACAO DEPOSITOS BANCARIOS - PRINC.,-2412.2
2026,4,1911,15,1321010101000,REMUNERACAO DEPOSITOS BANCARIOS - PRINC.,0
2026,4,1911,15,1611040105000,SERVICOS INFORMACAO TECNOLOGIA - PRINC. - PROCESSAMENTO DAS CONSIGNACOES DA FOLHA DE PESSOAL,0
2026,4,1911,15,1999992199000,OUTRAS REC. - PRIMARIAS - PRINC. - DEMAIS,0
2026,4,1911,20,1112510102000,IPVA - PRINC. - COTA PARTE DOS MUNICIPIOS,0
2026,4,1911,20,1112510202000,IPVA - MJM - COTA PARTE DOS MUNICIPIOS,0
2026,4,1911,20,1112510302000,IPVA - DA - COTA PARTE DOS MUNICIPIOS,0
2026,4,1911,20,1114501102000,ICMS - PRINC. - COTA PARTE DOS MUNICIPIOS,0
2026,4,1911,20,1114501202000,ICMS - MJM - COTA PARTE DOS MUNICIPIOS,0
2026,4,1911,20,1114501302000,ICMS - DA - COTA PARTE DOS MUNICIPIOS,0
2026,4,1911,20,9112510102000,DEDUCAO REC. - IPVA - PRINC. - COTA PARTE DOS MUNICIPIOS,0
2026,4,1911,20,9112510202000,DEDUCAO REC. - IPVA - MJM - COTA PARTE DOS MUNICIPIOS,0
2026,4,1911,20,9112510302000,DEDUCAO REC. - IPVA - DA - COTA PARTE DOS MUNICIPIOS,0
2026,4,1911,20,9114501102000,DEDUCAO REC. - ICMS - PRINC. - COTA PARTE DOS MUNICIPIOS,0
2026,4,1911,20,9114501202000,DEDUCAO REC. - ICMS - MJM - COTA PARTE DOS MUNICIPIOS,0
2026,4,1911,20,9114501302000,DEDUCAO REC. - ICMS - DA - COTA PARTE DOS MUNICIPIOS,0
2026,4,1911,23,1112510103000,IPVA - PRINC. - COTA PARTE DO ESTADO PARA O FUNDEB,0
2026,4,1911,23,1112510203000,IPVA - MJM - COTA PARTE DO ESTADO PARA O FUNDEB,0
2026,4,1911,23,1112510303000,IPVA - DA - COTA PARTE DO ESTADO PARA O FUNDEB,0
2026,4,1911,23,1112520102000,ITCD - PRINC. - COTA PARTE DO FUNDEB,0
2026,4,1911,23,1112520202000,ITCD - MJM - COTA PARTE DO FUNDEB,0
2026,4,1911,23,1112520302000,ITCD - DA - COTA PARTE DO FUNDEB,0
2026,4,1911,23,1114501103000,ICMS - PRINC. - COTA PARTE DO ESTADO PARA O FUNDEB,0
2026,4,1911,23,1114501203000,ICMS - MJM - COTA PARTE DO ESTADO PARA O FUNDEB,0
2026,4,1911,23,1114501303000,ICMS - DA - COTA PARTE DO ESTADO PARA O FUNDEB,0
2026,4,1911,23,1114502102000,ADICIONAL ICMS - FEM - PRINC. - COTA PARTE DO FUNDEB,0
2026,4,1911,23,1114502202000,ADICIONAL ICMS - FEM - MJM - COTA PARTE DO FUNDEB,0
2026,4,1911,23,1114502302000,ADICIONAL ICMS - FEM - DA - COTA PARTE DO FUNDEB,0
2026,4,1911,23,1114502402000,ADICIONAL ICMS - FEM - DA-MJM - COTA PARTE DO FUNDEB,0
2026,4,1911,23,9112510103000,DEDUCAO REC. - IPVA - PRINC. - COTA PARTE DO ESTADO PARA O FUNDEB,0
2026,4,1911,23,9112510203000,DEDUCAO REC. - IPVA - MJM - COTA PARTE DO ESTADO PARA O FUNDEB,0
2026,4,1911,23,9112510303000,DEDUCAO REC. - IPVA - DA - COTA PARTE DO ESTADO PARA O FUNDEB,0
2026,4,1911,23,9112520102000,DEDUCAO REC. - ITCD - PRINC. - COTA PARTE DO ESTADO PARA O FUNDEB,0
2026,4,1911,23,9112520202000,DEDUCAO REC. - ITCD - MJM - COTA PARTE DO ESTADO PARA O FUNDEB,0
2026,4,1911,23,9112520302000,DEDUCAO REC. - ITCD - DA - COTA PARTE DO ESTADO PARA O FUNDEB,0
2026,4,1911,23,9114501103000,DEDUCAO REC. - ICMS - PRINC. - COTA PARTE DO ESTADO PARA O FUNDEB,0
2026,4,1911,23,9114501203000,DEDUCAO REC. - ICMS - MJM - COTA PARTE DO ESTADO PARA O FUNDEB,0
2026,4,1911,23,9114501303000,DEDUCAO REC. - ICMS - DA - COTA PARTE DO ESTADO PARA O FUNDEB,0
2026,4,1911,23,9114502102000,DEDUCAO REC. - ADICIONAL ICMS - FEM - PRINC. - COTA PARTE DO FUNDEB,0
2026,4,1911,23,9114502202000,DEDUCAO REC. - ADICIONAL ICMS - FEM - MJM - COTA PARTE DO FUNDEB,0
2026,4,1911,23,9114502302000,DEDUCAO REC. - ADICIONAL ICMS - FEM - DA - COTA PARTE DO FUNDEB,0
2026,4,1911,23,9114502402000,DEDUCAO REC. - ADICIONAL ICMS - FEM - DA-MJM - COTA PARTE DO FUNDEB,0
2026,4,1911,25,1321010101000,REMUNERACAO DEPOSITOS BANCARIOS - PRINC.,0
2026,4,2011,49,1219991101008,DEMAIS CONTRIB. SOC. - PRINC. - CONTRIB. PATRON. CIVIL SAUDE - MUNICIPIOS,14429.7
2026,4,2011,49,1922990199000,OUTRAS RESTITUICOES - PRINC. - DEMAIS,3.84
2026,4,2011,49,7219991101001,REC. INTRA. - DEMAIS CONTRIB. SOC. - PRINC. - CONTRIB. PATRON. CIVIL SAUDE - SERVIDOR ATIVO,11896934.13
2026,4,2011,49,7219991101002,REC. INTRA. - DEMAIS CONTRIB. SOC. - PRINC. - CONTRIB. PATRON. CIVIL SAUDE - SERVIDOR INATIVO,12971651.35
2026,4,2011,49,7219991101003,REC. INTRA. - DEMAIS CONTRIB. SOC. - PRINC. - CONTRIB. PATRON. CIVIL SAUDE - PENSIONISTA,2158008.85
2026,4,2011,49,7219991101004,REC. INTRA. - DEMAIS CONTRIB. SOC. - PRINC. - CONTRIB. PATRON. CIVIL SAUDE - CONTRATO ADMINISTRATIVO,1119678.19
2026,4,2011,49,7219991101005,REC. INTRA. - DEMAIS CONTRIB. SOC. - PRINC. - CONTRIB. PATRON. CIVIL SAUDE - ESTADO - DEPENDENTES,9310388.45
2026,4,2011,49,7219991101006,REC. INTRA. - DEMAIS CONTRIB. SOC. - PRINC. - CONTRIB. PATRON. CIVIL SAUDE - ESTADO - DEPENDENTES - FILHOS,6369760.54
2026,4,2011,50,1219991102001,DEMAIS CONTRIB. SOC. - PRINC. - CONTRIB. CIVIL SAUDE - ATIVO,23921707.16
2026,4,2011,50,1219991102002,DEMAIS CONTRIB. SOC. - PRINC. - CONTRIB. CIVIL SAUDE - INATIVO,33720833.08
2026,4,2011,50,1219991102003,DEMAIS CONTRIB. SOC. - PRINC. - CONTRIB. CIVIL SAUDE - PENSIONISTA,5348420.69
2026,4,2011,50,1219991102004,DEMAIS CONTRIB. SOC. - PRINC. - CONTRIB. CIVIL SAUDE - CONTRATO ADMINISTRATIVO,2439351.88
2026,4,2011,50,1219991102005,DEMAIS CONTRIB. SOC. - PRINC. - CONTRIB. CIVIL SAUDE - ESTADO - DEPENDENTES,21904771.97
2026,4,2011,50,1219991102006,DEMAIS CONTRIB. SOC. - PRINC. - CONTRIB. CIVIL SAUDE - ESTADO - DEPENDENTES - FILHOS,12713114.47
2026,4,2011,50,1219991102007,DEMAIS CONTRIB. SOC. - PRINC. - CONTRIB. CIVIL SAUDE - USUARIO FACULTATIVO,31136.44
2026,4,2011,50,1219991102008,DEMAIS CONTRIB. SOC. - PRINC. - CONTRIB. CIVIL SAUDE - MUNICIPIOS,32778.34
2026,4,2011,50,1219991102009,DEMAIS CONTRIB. SOC. - PRINC. - CONTRIB. CIVIL SAUDE - DEMAIS - SERVIDOR,274503
2026,4,2011,50,1219991102010,DEMAIS CONTRIB. SOC. - PRINC. - CONTRIB. CIVIL SAUDE - DEMAIS - DEPENDENTES,110711.15
2026,4,2011,50,1219991102011,DEMAIS CONTRIB. SOC. - PRINC. - CONTRIB. CIVIL SAUDE - DEMAIS - DEPENDENTES - FILHOS,67102.74
2026,4,2011,50,1922063199000,RESTITUICAO DESPESAS PRIMARIAS EXERCICIOS ANTERIORES - PRINC. - DEMAIS,750
2026,4,2011,50,1922990199000,OUTRAS RESTITUICOES - PRINC. - DEMAIS,2708.09
2026,4,2011,60,1219991299000,DEMAIS CONTRIB. SOC. - MJM - DEMAIS,1897.84
2026,4,2011,60,1219991399000,DEMAIS CONTRIB. SOC. - DA - DEMAIS,88539.56
2026,4,2011,60,1219991499000,DEMAIS CONTRIB. SOC. - DA-MJM - DEMAIS,303388.96
2026,4,2011,60,1311020199000,CONC. PERM. AUTOR. CESSAO DIR. USO BENS IMOV. PUB. - PRINC. - DEMAIS,98458.04
2026,4,2011,60,1321010101000,REMUNERACAO DEPOSITOS BANCARIOS - PRINC.,4173437.9
2026,4,2011,60,1321060102000,JUROS CAPITAL PROPRIO - PRINC. - EMPRESAS NAO ESTATAIS,39.93
2026,4,2011,60,1611010120000,SERVICOS ADM. COMERC. GER. - PRINC. - ADMINISTRACAO DE FUNDO DE PECULIO,124465.66
2026,4,2011,60,1611010199001,SERVICOS ADM. COMERC. GER. - PRINC. - DEMAIS - SERVICOS ADMINISTRATIVOS,10
2026,4,2011,60,1911090199000,MULTAS JUROS PREVISTOS CONTRATOS - PRINC. - DEMAIS,3878.52
2026,4,2011,60,1922063199000,RESTITUICAO DESPESAS PRIMARIAS EXERCICIOS ANTERIORES - PRINC. - DEMAIS,43633.19
2026,4,2011,60,1922990199000,OUTRAS RESTITUICOES - PRINC. - DEMAIS,60271.54
2026,4,2011,60,1999992199000,OUTRAS REC. - PRIMARIAS - PRINC. - DEMAIS,131511.03
2026,4,2011,60,7311011101000,REC. INTRA. - ALUGUEIS ARRENDAMENTOS - PRINC. - ALUGUEIS,68118.24
2026,4,2011,61,1631990105001,OUTROS SERV. ATEND. SAUDE - PRINC. - COPARTICIP. SEGURADOS - SERVICOS HOSPITALARES,5734872.98
2026,4,2011,61,1631990105002,OUTROS SERV. ATEND. SAUDE - PRINC. - COPARTICIP. SEGURADOS - SERVICOS ODONTOLOGICOS,309734.67
2026,4,2041,60,1321010101000,REMUNERACAO DEPOSITOS BANCARIOS - PRINC.,31893.25
2026,4,2041,60,1922990199000,OUTRAS RESTITUICOES - PRINC. - DEMAIS,377.14
2026,4,2041,60,1999992102000,OUTRAS REC. - PRIMARIAS - PRINC. - RENDAS DE LOTERIA INSTANTANEA,131835.16
2026,4,2041,60,1999992103000,OUTRAS REC. - PRIMARIAS - PRINC. - RENDAS DE LOTERIA ONLINE,1154674.56
2026,4,2041,60,1999992116000,OUTRAS REC. - PRIMARIAS - PRINC. - RENDAS DE LOTERIA CONVENCIONAL,33013.87
2026,4,2061,24,1321010101000,REMUNERACAO DEPOSITOS BANCARIOS - PRINC.,5808.76
2026,4,2061,60,1311011101000,ALUGUEIS ARRENDAMENTOS - PRINC. - ALUGUEIS,6857.57
2026,4,2061,60,1611010103000,"SERVICOS ADM. COMERC. GER. - PRINC. - COMERCIALIZACAO DE LIVROS, PERIODICOS, MATERIAIS ESCOLARES E PUBLICIDADE",40
2026,4,2061,60,1611010124000,SERVICOS ADM. COMERC. GER. - PRINC. - EDUCACIONAIS E CAPACITACAO,231209.61
2026,4,2061,60,1611010130000,SERVICOS ADM. COMERC. GER. - PRINC. - ESTUDOS E PESQUISA,269773.96
2026,4,2061,60,1611010199001,SERVICOS ADM. COMERC. GER. - PRINC. - DEMAIS - SERVICOS ADMINISTRATIVOS,12.8
2026,4,2061,60,1611020101000,INSCRICAO CONCURSOS PROCESSOS SELETIVOS - PRINC.,32342
2026,4,2061,60,1611030104000,SERVICOS REG. CERTIF. FISCALIZ. - PRINC. - EXPEDICAO DE CERTIFICADOS,55705.02
2026,4,2061,60,1922990199000,OUTRAS RESTITUICOES - PRINC. - DEMAIS,344918.77
2026,4,2071,24,1321010101000,REMUNERACAO DEPOSITOS BANCARIOS - PRINC.,2607.04
2026,4,2071,24,1922990199000,OUTRAS RESTITUICOES - PRINC. - DEMAIS,302.5
2026,4,2071,60,1321010101000,REMUNERACAO DEPOSITOS BANCARIOS - PRINC.,6455.3
2026,4,2071,60,1922011101000,RESTITUICAO CONVENIOS - PRIMARIAS - PRINC.,2016780.53
2026,4,2071,68,1321010101000,REMUNERACAO DEPOSITOS BANCARIOS - PRINC.,214076.9
2026,4,2071,69,1321010101000,REMUNERACAO DEPOSITOS BANCARIOS - PRINC.,143237.68
2026,4,2091,52,1121040103000,TX. CONTR. FISC. AMBIENT. - PRINC. - TAXA DE CONTROLE E FISCALIZACAO AMBIENTAL,1609919.58
2026,4,2091,52,1121040203000,TX. CONTR. FISC. AMBIENT. - MJM - TAXA DE CONTROLE E FISCALIZACAO AMBIENTAL,530314.9
2026,4,2091,52,1922990199000,OUTRAS RESTITUICOES - PRINC. - DEMAIS,631.22
2026,4,2091,59,1921990101000,OUTRAS INDENIZACOES - PRINC. - IMPACTOS E DANOS AMBIENTAIS,3188595.86
2026,4,2091,60,1699990301000,OUTROS SERVICOS - DA,383074.89
2026,4,2091,60,1911061101000,MULTAS ADM. DANOS AMBIENTAIS - PRINC.,458326.94
2026,4,2091,60,1922990199000,OUTRAS RESTITUICOES - PRINC. - DEMAIS,3987.5
2026,4,2091,79,1911061101000,MULTAS ADM. DANOS AMBIENTAIS - PRINC.,200189.05
2026,4,2091,91,1121040104000,TX. CONTR. FISC. AMBIENT. - PRINC. - TAXA DE REGULARIZACAO AMBIENTAL,2683.77
2026,4,2091,91,1121040109000,"TX. CONTR. FISC. AMBIENT. - PRINC. - TAXA DE REPROGRAFIA, CERTIDOES E JULGAMENTO DE CONTENCIOSO",98098.57
2026,4,2091,91,1122010101011,TX. PREST. SERV. G. - PRINC. - TX. EXP. - ATOS DE AUTORIDADE ADMINISTRATIVA DO SISTEMA ESTADUAL DE MEIO AMBIENTE E RECURSOS HIDRICOS - SISEMA,1437528.61
2026,4,2101,9,1321010101000,REMUNERACAO DEPOSITOS BANCARIOS - PRINC.,2658.66
2026,4,2101,26,1121040101000,TX. CONTR. FISC. AMBIENT. - PRINC. - TAXA FLORESTAL,9256509.56
2026,4,2101,26,1922990199000,OUTRAS RESTITUICOES - PRINC. - DEMAIS,2038.38
2026,4,2101,52,1121040103000,TX. CONTR. FISC. AMBIENT. - PRINC. - TAXA DE CONTROLE E FISCALIZACAO AMBIENTAL,166292.09
2026,4,2101,60,1611010116000,SERVICOS ADM. COMERC. GER. - PRINC. - MEIO AMBIENTE,792.62
2026,4,2101,60,1611010121000,SERVICOS ADM. COMERC. GER. - PRINC. - GESTAO DE CRIADORES DE PASSEIFORMES SILVESTRES,134965.14
2026,4,2101,60,1911061101000,MULTAS ADM. DANOS AMBIENTAIS - PRINC.,458149.9
2026,4,2101,60,1922990199000,OUTRAS RESTITUICOES - PRINC. - DEMAIS,5895.44
2026,4,2101,60,1999992199000,OUTRAS REC. - PRIMARIAS - PRINC. - DEMAIS,140890.98
2026,4,2101,61,1349010101000,COMPENSACOES AMBIENTAIS - PRINC. - REPOSICAO FLORESTAL,2343019.79
2026,4,2101,61,1349010102000,COMPENSACOES AMBIENTAIS - PRINC. - REPOSICAO DA PESCA,1586.31
2026,4,2101,61,1349010199000,COMPENSACOES AMBIENTAIS - PRINC. - DEMAIS,566655.04
2026,4,2101,61,1611010118000,SERVICOS ADM. COMERC. GER. - PRINC. - VISITACAO DAS UNIDADES DE CONSERVACAO DA NATUREZA,23770.73
2026,4,2101,68,1321010101000,REMUNERACAO DEPOSITOS BANCARIOS - PRINC.,18501.95
2026,4,2101,79,1911061101000,MULTAS ADM. DANOS AMBIENTAIS - PRINC.,110099.66
2026,4,2101,91,1121040105000,TX. CONTR. FISC. AMBIENT. - PRINC. - TAXA DA LEI DA PESCA,82088.16
2026,4,2101,91,1121040106000,TX. CONTR. FISC. AMBIENT. - PRINC. - TAXA DE LIBERACAO E MANEJO DA FAUNA E FLORA,42537.73
2026,4,2101,91,1121040107000,TX. CONTR. FISC. AMBIENT. - PRINC. - TAXA DA LEI DE POLITICA FLORESTAL,949001.82
2026,4,2101,91,1121040109000,"TX. CONTR. FISC. AMBIENT. - PRINC. - TAXA DE REPROGRAFIA, CERTIDOES E JULGAMENTO DE CONTENCIOSO",10422.43
2026,4,2121,49,1219991103052,DEMAIS CONTRIB. SOC. - PRINC. - IPSM - CONTRIB. PATRONAL - INATIVO CIVIL,448045.24
2026,4,2121,49,7219991103052,REC. INTRA. - DEMAIS CONTRIB. SOC. - PRINC. - IPSM - CONTRIB. PATRONAL - INATIVO CIVIL,0
2026,4,2121,49,7219991103053,REC. INTRA. - DEMAIS CONTRIB. SOC. - PRINC. - IPSM - CONTRIB. PATRONAL MILITAR PARA A SAUDE - ATIVO,22026797.96
2026,4,2121,49,7219991103054,REC. INTRA. - DEMAIS CONTRIB. SOC. - PRINC. - IPSM - CONTRIB. PATRONAL MILITAR PARA A SAUDE - INATIVO,31252215.15
2026,4,2121,49,7219991103055,REC. INTRA. - DEMAIS CONTRIB. SOC. - PRINC. - IPSM - CONTRIB. PATRONAL MILITAR PARA A PREVIDENCIA - ATIVO,49027389.01
2026,4,2121,49,7219991103056,REC. INTRA. - DEMAIS CONTRIB. SOC. - PRINC. - IPSM - CONTRIB. PATRONAL MILITAR PARA A PREVIDENCIA - INATIVO,69574877.32
2026,4,2121,50,1219991103002,DEMAIS CONTRIB. SOC. - PRINC. - IPSM - CONTRIB. DO SERVIDOR CIVIL - INATIVO,223713.84
2026,4,2121,50,1219991103003,DEMAIS CONTRIB. SOC. - PRINC. - IPSM - CONTRIB. MILITAR PARA A SAUDE - ATIVO,9977545.82
2026,4,2121,50,1219991103004,DEMAIS CONTRIB. SOC. - PRINC. - IPSM - CONTRIB. MILITAR PARA A SAUDE - INATIVO,16679396.39
2026,4,2121,50,1219991103005,DEMAIS CONTRIB. SOC. - PRINC. - IPSM - CONTRIB. MILITAR PARA A PREVIDENCIA  - ATIVO,22208085.84
2026,4,2121,50,1219991103006,DEMAIS CONTRIB. SOC. - PRINC. - IPSM - CONTRIB. MILITAR PARA A PREVIDENCIA  - INATIVO,37148078.31
2026,4,2121,50,1219991103007,DEMAIS CONTRIB. SOC. - PRINC. - IPSM - CONTRIB. MILITAR PARA A PREVIDENCIA  - PENSIONISTA,686245.56
2026,4,2121,50,1922990199000,OUTRAS RESTITUICOES - PRINC. - DEMAIS,3925.35
2026,4,2121,60,1311011101000,ALUGUEIS ARRENDAMENTOS - PRINC. - ALUGUEIS,313107.02
2026,4,2121,60,1311011201000,ALUGUEIS ARRENDAMENTOS - MJM - ALUGUEIS,4340.03
2026,4,2121,60,1329990102000,OUTROS VALORES MOBILIARIOS - PRINC. - FUNDOS DE INVESTIMENTO,4555401.91
2026,4,2121,60,1611010199001,SERVICOS ADM. COMERC. GER. - PRINC. - DEMAIS - SERVICOS ADMINISTRATIVOS,1890
2026,4,2121,60,1611040105000,SERVICOS INFORMACAO TECNOLOGIA - PRINC. - PROCESSAMENTO DAS CONSIGNACOES DA FOLHA DE PESSOAL,0
2026,4,2121,60,1631990105001,OUTROS SERV. ATEND. SAUDE - PRINC. - COPARTICIP. SEGURADOS - SERVICOS HOSPITALARES,8674743.69
2026,4,2121,60,1631990105002,OUTROS SERV. ATEND. SAUDE - PRINC. - COPARTICIP. SEGURADOS - SERVICOS ODONTOLOGICOS,1275853.43
2026,4,2121,60,1699990101000,OUTROS SERVICOS - PRINC.,1120.64
2026,4,2121,60,1922990199000,OUTRAS RESTITUICOES - PRINC. - DEMAIS,13818.2
2026,4,2121,60,1999992199000,OUTRAS REC. - PRIMARIAS - PRINC. - DEMAIS,704198.86
2026,4,2151,60,1611010199001,SERVICOS ADM. COMERC. GER. - PRINC. - DEMAIS - SERVICOS ADMINISTRATIVOS,21165
2026,4,2171,60,1699990101000,OUTROS SERVICOS - PRINC.,2046.43
2026,4,2181,60,1311011101000,ALUGUEIS ARRENDAMENTOS - PRINC. - ALUGUEIS,25634.67
2026,4,2181,60,1921990199000,OUTRAS INDENIZACOES - PRINC. - DEMAIS,11482.01
2026,4,2201,9,1321010101000,REMUNERACAO DEPOSITOS BANCARIOS - PRINC.,1158.71
2026,4,2201,24,1321010101000,REMUNERACAO DEPOSITOS BANCARIOS - PRINC.,2217.22
2026,4,2201,45,1321010101000,REMUNERACAO DEPOSITOS BANCARIOS - PRINC.,73436.32
2026,4,2201,60,1699990101000,OUTROS SERVICOS - PRINC.,136.2
2026,4,2211,60,1311011101000,ALUGUEIS ARRENDAMENTOS - PRINC. - ALUGUEIS,90760.06
2026,4,2241,24,1321010101000,REMUNERACAO DEPOSITOS BANCARIOS - PRINC.,12396.86
2026,4,2241,60,1321010101000,REMUNERACAO DEPOSITOS BANCARIOS - PRINC.,1680.29
2026,4,2241,60,1699990301000,OUTROS SERVICOS - DA,22213.51
2026,4,2241,60,1911061101000,MULTAS ADM. DANOS AMBIENTAIS - PRINC.,22515.52
2026,4,2241,60,1922990199000,OUTRAS RESTITUICOES - PRINC. - DEMAIS,963.9
2026,4,2241,61,1345010101000,OUTORGA DIR. USO RECURSOS HIDRICOS - PRINC.,3474748.65
2026,4,2241,61,1345010301000,OUTORGA DIR. USO RECURSOS HIDRICOS - DA,16543.92
2026,4,2241,73,1321010101000,REMUNERACAO DEPOSITOS BANCARIOS - PRINC.,38227.67
2026,4,2241,79,1911061101000,MULTAS ADM. DANOS AMBIENTAIS - PRINC.,3190.65
2026,4,2241,91,1121040104000,TX. CONTR. FISC. AMBIENT. - PRINC. - TAXA DE REGULARIZACAO AMBIENTAL,805599.76
2026,4,2241,91,1121040109000,"TX. CONTR. FISC. AMBIENT. - PRINC. - TAXA DE REPROGRAFIA, CERTIDOES E JULGAMENTO DE CONTENCIOSO",2747.88
2026,4,2251,60,1611030106000,SERVICOS REG. CERTIF. FISCALIZ. - PRINC. - REGISTRO DO COMERCIO,9811498.48
2026,4,2251,60,1922990199000,OUTRAS RESTITUICOES - PRINC. - DEMAIS,233.64
2026,4,2261,10,1922990101000,OUTRAS RESTITUICOES - PRINC. - RECURSOS ORIGINARIOS DO FUNDO ESTADUAL DE SAUDE - FES,96032.61
2026,4,2261,24,1321010101000,REMUNERACAO DEPOSITOS BANCARIOS - PRINC.,2929.29
2026,4,2261,60,1311011101000,ALUGUEIS ARRENDAMENTOS - PRINC. - ALUGUEIS,1663.12
2026,4,2261,60,1511010101003,REC. INDUSTRIAL - PRINC. - INDUSTRIA TRANSFORMACAO - INDUSTRIA DE PRODUTOS FARMACEUTICOS E VETERINARIOS,53462988.25
2026,4,2261,60,7631520101000,REC. INTRA. - SERVICOS RADIOLOGICOS LABORATORIAIS - PRINC.,179797.65
2026,4,2271,10,1922990101000,OUTRAS RESTITUICOES - PRINC. - RECURSOS ORIGINARIOS DO FUNDO ESTADUAL DE SAUDE - FES,921088.76
2026,4,2271,45,1321010101000,REMUNERACAO DEPOSITOS BANCARIOS - PRINC.,735.51
2026,4,2271,60,1311011101000,ALUGUEIS ARRENDAMENTOS - PRINC. - ALUGUEIS,6470.19
2026,4,2271,60,1321010101000,REMUNERACAO DEPOSITOS BANCARIOS - PRINC.,4.71
2026,4,2271,60,1631500101000,SERVICOS HOSPITALARES - PRINC.,13745190.79
2026,4,2271,60,1922990199000,OUTRAS RESTITUICOES - PRINC. - DEMAIS,1615.82
2026,4,2271,68,1321010101000,REMUNERACAO DEPOSITOS BANCARIOS - PRINC.,124557.31
2026,4,2271,68,1741500199000,SUS-SAUDE - OUTROS,511127.73
2026,4,2271,68,2441990126001,SUS-SAUDE - INSTITUICOES DE ENSINO,5780.64
2026,4,2271,70,1321010101000,REMUNERACAO DEPOSITOS BANCARIOS - PRINC.,319318.98
2026,4,2271,70,1732500101000,SUS-SAUDE - DIVERSOS MUNICIPIOS,0
2026,4,2281,36,1321010101000,REMUNERACAO DEPOSITOS BANCARIOS - PRINC.,50502.57
2026,4,2301,51,1321010101000,REMUNERACAO DEPOSITOS BANCARIOS - PRINC.,196122.28
2026,4,2301,60,1922990199000,OUTRAS RESTITUICOES - PRINC. - DEMAIS,37538.43
2026,4,2301,60,1999992199000,OUTRAS REC. - PRIMARIAS - PRINC. - DEMAIS,399740.91
2026,4,2301,60,1999992299000,OUTRAS REC. - PRIMARIAS - MJM - DEMAIS,145145.68
2026,4,2301,68,1321010101000,REMUNERACAO DEPOSITOS BANCARIOS - PRINC.,118173.36
2026,4,2301,68,2441990118005,TRANSPORTE - GERDAU ACOMINAS S/A,18000000
2026,4,2301,69,1321010101000,REMUNERACAO DEPOSITOS BANCARIOS - PRINC.,1280.79
2026,4,2301,70,1321010101000,REMUNERACAO DEPOSITOS BANCARIOS - PRINC.,81405.15
2026,4,2301,74,1321010101000,REMUNERACAO DEPOSITOS BANCARIOS - PRINC.,468567.18
2026,4,2301,91,1122010101001,TX. PREST. SERV. G. - PRINC. - TX. EXP. - DEPARTAMENTO DE EDIFICACOES E ESTRADAS DE RODAGEM DO ESTADO DE MINAS GERAIS - DERMG,17497.36
2026,4,2301,91,1122010104000,TX. PREST. SERV. G. - PRINC. - TAXA DE GERENCIAMENTO DO SISTEMA TRANSPORTE RODOVIARIO INTERMUNICIPAL - DEPARTAMENTO DE EDIFICACOES E ESTRADAS DE RODAGEM DO ESTADO DE MINAS GERAIS - DERMG,4394.8
2026,4,2301,91,1122010301006,TX. PREST. SERV. G. - DA - TX. EXP. - TRANSPORTE COLETIVO INTERMUNICIPAL - NOTIFICACAO,432.19
2026,4,2301,91,1122010401006,TX. PREST. SERV. G. - DA-MJM - TX. EXP. - TRANSPORTE COLETIVO INTERMUNICIPAL - NOTIFICACAO,1112.53
2026,4,2311,1,1321010101000,REMUNERACAO DEPOSITOS BANCARIOS - PRINC.,90.1
2026,4,2311,24,1321010101000,REMUNERACAO DEPOSITOS BANCARIOS - PRINC.,52508.76
2026,4,2311,24,1717510104000,EDUCACAO - COORDENACAO DE APERFEICOAMENTO DE PESSOAL DE NIVEL SUPERIOR - CAPES,778842.9
2026,4,2311,24,1717510110000,EDUCACAO - INSTITUTO FEDERAL DO NORTE DE MINAS GERAIS - IFNMG,402612
2026,4,2311,36,1321010101000,REMUNERACAO DEPOSITOS BANCARIOS - PRINC.,47528.14
2026,4,2311,36,1922990199000,OUTRAS RESTITUICOES - PRINC. - DEMAIS,142.56
2026,4,2311,60,1311011101000,ALUGUEIS ARRENDAMENTOS - PRINC. - ALUGUEIS,9356.54
2026,4,2311,60,1321010101000,REMUNERACAO DEPOSITOS BANCARIOS - PRINC.,3246
2026,4,2311,60,1611010124000,SERVICOS ADM. COMERC. GER. - PRINC. - EDUCACIONAIS E CAPACITACAO,375
2026,4,2311,60,1631500101000,SERVICOS HOSPITALARES - PRINC.,1163025.85
2026,4,2311,70,1321010101000,REMUNERACAO DEPOSITOS BANCARIOS - PRINC.,177502.99
2026,4,2321,1,1321010101000,REMUNERACAO DEPOSITOS BANCARIOS - PRINC.,11.51
2026,4,2321,10,1922990101000,OUTRAS RESTITUICOES - PRINC. - RECURSOS ORIGINARIOS DO FUNDO ESTADUAL DE SAUDE - FES,80288.15
2026,4,2321,10,7729990125000,REC. INTRA. - OUTRAS TRANSF. ESTADOS DF - PRINC. - REPASSE DO FUNDO ESTADUAL DE SAUDE - FES - LC FEDERAL NO 141/12,13891524.98
2026,4,2321,24,1321010101000,REMUNERACAO DEPOSITOS BANCARIOS - PRINC.,583280.37
2026,4,2321,24,2414500101000,SUS-SAUDE - MINISTERIO DA SAUDE,536462.99
2026,4,2321,60,1631500101000,SERVICOS HOSPITALARES - PRINC.,45854.64
2026,4,2321,60,1631530101000,SERVICOS AMBULATORIAIS - PRINC.,120107.71
2026,4,2321,60,1631990102000,"OUTROS SERV. ATEND. SAUDE - PRINC. - SERVICOS DE COLETA, PROCESSAMENTO E ARMAZENAMENTO DE CELULAS E TECIDOS BIOLOGICOS",11674.61
2026,4,2321,60,1631990104000,OUTROS SERV. ATEND. SAUDE - PRINC. - SERVICOS DE SAUDE PRESTADOS A PARTICULARES,159602.92
2026,4,2321,60,1631990204000,OUTROS SERV. ATEND. SAUDE - MJM - SERVICOS DE SAUDE PRESTADOS A PARTICULARES,-225.31
2026,4,2321,60,1911090199000,MULTAS JUROS PREVISTOS CONTRATOS - PRINC. - DEMAIS,84275.54
2026,4,2321,60,1922990199000,OUTRAS RESTITUICOES - PRINC. - DEMAIS,641.06
2026,4,2321,60,7631990103000,REC. INTRA. - OUTROS SERV. ATEND. SAUDE - PRINC. - SERVICOS DE SAUDE PRESTADOS AO SIA/SUS,948765.16
2026,4,2331,73,1321010101000,REMUNERACAO DEPOSITOS BANCARIOS - PRINC.,25838.18
2026,4,2331,73,1717990106001,"CIENCIA TECNOLOGIA - INSTITUTO NACIONAL DE METROLOGIA, QUALIDADE E TECNOLOGIA - INMETRO",2255833.37
2026,4,2331,73,1922990199000,OUTRAS RESTITUICOES - PRINC. - DEMAIS,6768.64
2026,4,2351,1,1321010101000,REMUNERACAO DEPOSITOS BANCARIOS - PRINC.,1029.34
2026,4,2351,1,1717510108000,EDUCACAO - MINISTERIO DA EDUCACAO,0
2026,4,2351,24,1321010101000,REMUNERACAO DEPOSITOS BANCARIOS - PRINC.,18182.07
2026,4,2351,60,1311011102000,ALUGUEIS ARRENDAMENTOS - PRINC. - ARRENDAMENTOS,6266.15
2026,4,2351,60,1611010124000,SERVICOS ADM. COMERC. GER. - PRINC. - EDUCACIONAIS E CAPACITACAO,11175.44
2026,4,2351,60,1922990199000,OUTRAS RESTITUICOES - PRINC. - DEMAIS,7491.06
2026,4,2351,70,1321010101000,REMUNERACAO DEPOSITOS BANCARIOS - PRINC.,6076.1
2026,4,2361,60,1219991101001,DEMAIS CONTRIB. SOC. - PRINC. - CONTRIB. PATRON. CIVIL SAUDE - SERVIDOR ATIVO,191374.43
2026,4,2361,60,1219991104002,DEMAIS CONTRIB. SOC. - PRINC. - IPLEMG - CONTRIB. DO SEGURADO - INATIVO,285821.05
2026,4,2361,60,1219991104003,DEMAIS CONTRIB. SOC. - PRINC. - IPLEMG - CONTRIB. DO SEGURADO - PENSIONISTA,196741.84
2026,4,2361,60,1219991104052,DEMAIS CONTRIB. SOC. - PRINC. - IPLEMG - CONTRIB. PATRONAL - EXERCENTE DE MANDATO ELETIVO FEDERAL OU MUNICIPAL,120085.62
2026,4,2361,60,1321010101000,REMUNERACAO DEPOSITOS BANCARIOS - PRINC.,7633794
2026,4,2361,60,1641010101000,RETORNO OPER. JUROS ENCARG. FINANCEIROS - PRINC. - JUROS DE EMPRESTIMOS,108463.62
2026,4,2361,60,1999992199000,OUTRAS REC. - PRIMARIAS - PRINC. - DEMAIS,727972.82
2026,4,2361,60,7219991104051,REC. INTRA. - DEMAIS CONTRIB. SOC. - PRINC. - IPLEMG - CONTRIB. PATRONAL - EXERCENTE DE MANDATO ESTADUAL,236142.96
2026,4,2361,60,7999992105000,REC. INTRA. - OUTRAS REC. - PRIMARIAS - PRINC. - RESERVA TECNICA OBRIGATORIA - EQUILIBRIO ATUARIAL,3984332
2026,4,2371,24,1321010101000,REMUNERACAO DEPOSITOS BANCARIOS - PRINC.,2275.89
2026,4,2371,60,1321010101000,REMUNERACAO DEPOSITOS BANCARIOS - PRINC.,46.45
2026,4,2371,60,1611010125000,SERVICOS ADM. COMERC. GER. - PRINC. - AGROPECUARIOS,42974.22
2026,4,2371,60,1611030104000,SERVICOS REG. CERTIF. FISCALIZ. - PRINC. - EXPEDICAO DE CERTIFICADOS,34148.3
2026,4,2371,60,1611030106000,SERVICOS REG. CERTIF. FISCALIZ. - PRINC. - REGISTRO DO COMERCIO,36026.97
2026,4,2371,60,1611030199000,SERVICOS REG. CERTIF. FISCALIZ. - PRINC. - DEMAIS,119656.32
2026,4,2371,60,1699990101000,OUTROS SERVICOS - PRINC.,57374.16
2026,4,2371,60,1922990199000,OUTRAS RESTITUICOES - PRINC. - DEMAIS,7970.01
2026,4,2371,60,1999992299000,OUTRAS REC. - PRIMARIAS - MJM - DEMAIS,1038493.31
2026,4,2371,91,1122010101003,TX. PREST. SERV. G. - PRINC. - TX. EXP. - INSTITUTO MINEIRO DE AGROPECUARIA - IMA,6404373.86
2026,4,2371,91,1321010101000,REMUNERACAO DEPOSITOS BANCARIOS - PRINC.,185.86
2026,4,2421,1,1321010101000,REMUNERACAO DEPOSITOS BANCARIOS - PRINC.,2423.51
2026,4,2421,24,1321010101000,REMUNERACAO DEPOSITOS BANCARIOS - PRINC.,172099.05
2026,4,2431,60,1611010199001,SERVICOS ADM. COMERC. GER. - PRINC. - DEMAIS - SERVICOS ADMINISTRATIVOS,207356.17
2026,4,2441,59,1121010104000,TX. INSP. CONTR. FISC. - PRINC. - TAXA DE FISCALIZACAO SOBRE SERVICOS PUBLICOS DE ABASTECIMENTO DE AGUA E SANEAMENTO,4014981.78
2026,4,2441,59,1922990199000,OUTRAS RESTITUICOES - PRINC. - DEMAIS,1362.7
2026,4,3041,60,1611010128000,"SERVICOS ADM. COMERC. GER. - PRINC. - CONSULTORIA, ASSISTENCIA TECNICA E ANALISE DE PROJETOS",1762587.91
2026,4,3041,60,7699990101000,REC. INTRA. - OUTROS SERVICOS - PRINC.,0
2026,4,3041,67,1732990108001,AGROPECUARIA - DIVERSOS MUNICIPIOS,9100466.9
2026,4,3051,60,1411010101000,REC. AGROPECUARIA - PRINC. - PRODUCAO VEGETAL,968475
2026,4,3051,60,1411010102999,REC. AGROPECUARIA - PRINC. - PRODUCAO ANIMAL DERIVADOS - OUTROS,314218.53
2026,4,3051,60,1511010101004,REC. INDUSTRIAL - PRINC. - INDUSTRIA TRANSFORMACAO - INDUSTRIA DE PRODUTOS ALIMENTARES,97948.55
2026,4,3051,60,1611010130000,SERVICOS ADM. COMERC. GER. - PRINC. - ESTUDOS E PESQUISA,172476.48
2026,4,3051,60,1611040102000,SERVICOS INFORMACAO TECNOLOGIA - PRINC. - INFORMACOES CIENTIFICAS E TECNOLOGICAS,2632.48
2026,4,3051,60,1999992199000,OUTRAS REC. - PRIMARIAS - PRINC. - DEMAIS,5299.96
2026,4,3051,60,7411010101000,REC. INTRA. - REC. AGROPECUARIA - PRINC. - PRODUCAO VEGETAL,169687.6
2026,4,3151,60,1611010107000,SERVICOS ADM. COMERC. GER. - PRINC. - COMUNICACAO,1214629.08
2026,4,4031,60,1311020101000,CONC. PERM. AUTOR. CESSAO DIR. USO BENS IMOV. PUB. - PRINC. - CONCESSAO DE DIREITO REAL DE USO DE AREA PUBLICA,103766.57
2026,4,4031,60,1321010101000,REMUNERACAO DEPOSITOS BANCARIOS - PRINC.,69561806.64
2026,4,4031,60,1611010101000,SERVICOS ADM. COMERC. GER. - PRINC. - ADMINISTRACAO DE DEPOSITOS JUDICIAIS,51479630.64
2026,4,4031,60,1611010123002,SERVICOS ADM. COMERC. GER. - PRINC. - PODER JUDIC. - DESPESAS PROCESSUAIS,4369317.36
2026,4,4031,60,1611010323002,SERVICOS ADM. COMERC. GER. - DA - PODER JUDIC. - DESPESAS PROCESSUAIS,182368.01
2026,4,4031,60,1611010423002,SERVICOS ADM. COMERC. GER. - DA-MJM - PODER JUDIC. - DESPESAS PROCESSUAIS,43194.04
2026,4,4031,60,1611020101000,INSCRICAO CONCURSOS PROCESSOS SELETIVOS - PRINC.,1576578
2026,4,4031,60,1611040105000,SERVICOS INFORMACAO TECNOLOGIA - PRINC. - PROCESSAMENTO DAS CONSIGNACOES DA FOLHA DE PESSOAL,195245.82
2026,4,4031,60,1911010308001,MULTAS LEGISL. ESPECIFICA - DA - MULTA ADM. DISCIPLINAR - NOTARIOS REGISTRADORES - PRINC.,7046.26
2026,4,4031,60,1911090199000,MULTAS JUROS PREVISTOS CONTRATOS - PRINC. - DEMAIS,287031.28
2026,4,4031,60,1921990199000,OUTRAS INDENIZACOES - PRINC. - DEMAIS,1136.08
2026,4,4031,60,1922990199000,OUTRAS RESTITUICOES - PRINC. - DEMAIS,4858.45
2026,4,4031,60,1999992109001,OUTRAS REC. - PRIMARIAS - PRINC. - EXCEDENTE TETO INTERINOS - PRINC.,28846270.88
2026,4,4031,60,1999992109002,OUTRAS REC. - PRIMARIAS - PRINC. - EXCEDENTE TETO INTERINOS - CORRECAO MONETARIA,7864.49
2026,4,4031,60,1999992199000,OUTRAS REC. - PRIMARIAS - PRINC. - DEMAIS,3000.16
2026,4,4031,60,1999992209001,OUTRAS REC. - PRIMARIAS - MJM - EXCEDENTE TETO INTERINOS - PRINC.,29214.67
2026,4,4031,60,7311020101000,REC. INTRA. - CONC. PERM. AUTOR. CESSAO DIR. USO BENS IMOV. PUB. - PRINC. - CONCESSAO DE DIREITO REAL DE USO DE AREA PUBLICA,314942.51
2026,4,4031,60,7611010101000,REC. INTRA. - SERVICOS ADM. COMERC. GER. - PRINC. - ADMINISTRACAO DE DEPOSITOS JUDICIAIS,6927208.85
2026,4,4031,61,1611010123003,SERVICOS ADM. COMERC. GER. - PRINC. - PODER JUDIC. - VERBA INDENIZATORIA DE TRANSPORTE CUSTEADA PELAS PARTES,6845084.06
2026,4,4031,70,1321010101000,REMUNERACAO DEPOSITOS BANCARIOS - PRINC.,1541.17
2026,4,4031,70,1732990105001,ACOES JUDICIARIAS - DIVERSOS MUNICIPIOS,70000
2026,4,4031,77,1121010102000,TX. INSP. CONTR. FISC. - PRINC. - TAXA DE FISCALIZACAO JUDICIARIA,143880405.21
2026,4,4031,77,1121010202000,TX. INSP. CONTR. FISC. - MJM - TAXA DE FISCALIZACAO JUDICIARIA,192285.11
2026,4,4031,77,1121010302000,TX. INSP. CONTR. FISC. - DA - TAXA DE FISCALIZACAO JUDICIARIA,20908.75
2026,4,4031,77,1121010402000,TX. INSP. CONTR. FISC. - DA-MJM - TAXA DE FISCALIZACAO JUDICIARIA,30767.85
2026,4,4031,77,1122020101000,EMOLUMENTOS CUSTAS JUDICIAIS - PRINC. - CUSTAS JUDICIAIS - JUSTICA COMUM,22834322.9
2026,4,4031,77,1122020102000,EMOLUMENTOS CUSTAS JUDICIAIS - PRINC. - CUSTAS JUDICIAIS - JUIZADO ESPECIAL,1907290.66
2026,4,4031,77,1122020103000,EMOLUMENTOS CUSTAS JUDICIAIS - PRINC. - TAXA JUDICIARIA,17839057.05
2026,4,4031,77,1122020301000,EMOLUMENTOS CUSTAS JUDICIAIS - DA - CUSTAS JUDICIAIS - JUSTICA COMUM,623886.23
2026,4,4031,77,1122020302000,EMOLUMENTOS CUSTAS JUDICIAIS - DA - CUSTAS JUDICIAIS - JUIZADO ESPECIAL,80854.57
2026,4,4031,77,1122020303000,EMOLUMENTOS CUSTAS JUDICIAIS - DA - TAXA JUDICIARIA,236412.55
2026,4,4031,77,1122020401000,EMOLUMENTOS CUSTAS JUDICIAIS - DA-MJM - CUSTAS JUDICIAIS - JUSTICA COMUM,139856.13
2026,4,4031,77,1122020402000,EMOLUMENTOS CUSTAS JUDICIAIS - DA-MJM - CUSTAS JUDICIAIS - JUIZADO ESPECIAL,16995.11
2026,4,4031,77,1122020403000,EMOLUMENTOS CUSTAS JUDICIAIS - DA-MJM - TAXA JUDICIARIA,57276.6
2026,4,4031,77,1911080101000,MULTAS SENTENCAS JUDICIAIS - PRINC. - MULTAS PECUNIARIAS E JUROS DE MORA,285954.25
2026,4,4031,77,1911080301000,MULTAS SENTENCAS JUDICIAIS - DA - MULTAS PECUNIARIAS E JUROS DE MORA,3851.37
2026,4,4031,77,1911080401000,MULTAS SENTENCAS JUDICIAIS - DA-MJM - MULTAS PECUNIARIAS E JUROS DE MORA,469.97
2026,4,4031,77,1911090199000,MULTAS JUROS PREVISTOS CONTRATOS - PRINC. - DEMAIS,3986.83
2026,4,4091,45,1741990141999,DIR. HUMANOS CIDADANIA - OUTROS,83.74
2026,4,4091,45,1791990114000,OUTRAS TRANSF. PESSOAS FISICAS - PRINC. - DIREITOS HUMANOS E DE CIDADANIA,5000
2026,4,4091,60,1911010199000,MULTAS LEGISL. ESPECIFICA - PRINC. - DEMAIS,100
2026,4,4101,60,2311071199000,AMORTIZACAO FINANCIAMENTOS GERAL - PRINC. - DEMAIS,3552472.17
2026,4,4111,60,2311071199000,AMORTIZACAO FINANCIAMENTOS GERAL - PRINC. - DEMAIS,28829.21
2026,4,4111,61,2311071199000,AMORTIZACAO FINANCIAMENTOS GERAL - PRINC. - DEMAIS,2506.89
2026,4,4121,60,1321010101000,REMUNERACAO DEPOSITOS BANCARIOS - PRINC.,4775161.53
2026,4,4121,60,1641010101000,RETORNO OPER. JUROS ENCARG. FINANCEIROS - PRINC. - JUROS DE EMPRESTIMOS,194678.01
2026,4,4121,60,1999992107000,OUTRAS REC. - PRIMARIAS - PRINC. - ASSISTENCIA COMPLEMENTAR - SERVIDOR,0
2026,4,4121,60,2311060101000,AMORTIZACAO EMPRESTIMOS CONTRATUAIS - PRINC.,504558.49
2026,4,4141,39,1911080101000,MULTAS SENTENCAS JUDICIAIS - PRINC. - MULTAS PECUNIARIAS E JUROS DE MORA,542312.93
2026,4,4141,57,1321010101000,REMUNERACAO DEPOSITOS BANCARIOS - PRINC.,90366.46
2026,4,4251,5,1321010101000,REMUNERACAO DEPOSITOS BANCARIOS - PRINC.,9569.38
2026,4,4251,56,1321010101000,REMUNERACAO DEPOSITOS BANCARIOS - PRINC.,31479.51
2026,4,4251,56,1716500199000,TRANSF. RECURSOS FNAS - PRINC. - DEMAIS,319058.58
2026,4,4291,24,1321010101000,REMUNERACAO DEPOSITOS BANCARIOS - PRINC.,73935.8
2026,4,4291,37,1321010101000,REMUNERACAO DEPOSITOS BANCARIOS - PRINC.,232617.41
2026,4,4291,37,1922990199000,OUTRAS RESTITUICOES - PRINC. - DEMAIS,0
2026,4,4291,57,1321010101000,REMUNERACAO DEPOSITOS BANCARIOS - PRINC.,237262.95
2026,4,4291,57,1713505104000,TRANSF. BLOCO MANUT. ASPS - GESTAO SUS - PRINC. - PISO DA ENFERMAGEM,4606008.46
2026,4,4291,60,1321010101000,REMUNERACAO DEPOSITOS BANCARIOS - PRINC.,1129844.17
2026,4,4291,60,1611020101000,INSCRICAO CONCURSOS PROCESSOS SELETIVOS - PRINC.,569704
2026,4,4291,60,1631990199000,OUTROS SERV. ATEND. SAUDE - PRINC. - DEMAIS,6104177.78
2026,4,4291,60,1922990199000,OUTRAS RESTITUICOES - PRINC. - DEMAIS,1715.55
2026,4,4291,63,1321010101000,REMUNERACAO DEPOSITOS BANCARIOS - PRINC.,0.05
2026,4,4291,92,1713502101001,TRANSF. BLOCO MANUT. ASPS - ATENCAO ESPECIALIZADA - PRINC. - ATENCAO MAC - PRESTADORES AMBULATORIAIS E HOSPITALARES,19907433.29
2026,4,4291,92,1713502101002,TRANSF. BLOCO MANUT. ASPS - ATENCAO ESPECIALIZADA - PRINC. - ATENCAO MAC - SAMU,14208368.85
2026,4,4291,92,1713502101003,TRANSF. BLOCO MANUT. ASPS - ATENCAO ESPECIALIZADA - PRINC. - ATENCAO MAC - TRANSPLANTES,50000
2026,4,4291,92,1713503101000,TRANSF. BLOCO MANUT. ASPS - VIGILANCIA SAUDE - PRINC. - VIGILANCIA EPIDEMIOLOGICA,3402125.28
2026,4,4291,92,1713503103000,TRANSF. BLOCO MANUT. ASPS - VIGILANCIA SAUDE - PRINC. - VIGILANCIA SANITARIA,685299
2026,4,4291,92,1713504102000,TRANSF. BLOCO MANUT. ASPS - ASSISTENCIA FARMACEUTICA - PRINC. - MEDICAMENTOS EXCEPCIONAIS,14097303.99
2026,4,4291,92,1922990199000,OUTRAS RESTITUICOES - PRINC. - DEMAIS,82328.12
2026,4,4291,98,1321010101000,REMUNERACAO DEPOSITOS BANCARIOS - PRINC.,1804.98
2026,4,4291,98,1719570101000,TRANSF. ESPECIAL UNIAO - PRINC. - EMENDAS PARLAMENTARES INDIVIDUAIS,0
2026,4,4291,98,2419510101000,TRANSF. ESPECIAL UNIAO - PRINC. - EMENDAS PARLAMENTARES INDIVIDUAIS,198000
2026,4,4331,59,1999992299000,OUTRAS REC. - PRIMARIAS - MJM - DEMAIS,20701.25
2026,4,4381,54,1121010103000,TX. INSP. CONTR. FISC. - PRINC. - TAXA DE LICENCIAMENTO PARA USO OU OCUPACAO DA FAIXA DE DOMINIO DAS RODOVIAS,3213887.18
2026,4,4381,54,1121010203000,TX. INSP. CONTR. FISC. - MJM - TAXA DE LICENCIAMENTO PARA USO OU OCUPACAO DA FAIXA DE DOMINIO DAS RODOVIAS,300.38
2026,4,4381,60,1611030199000,SERVICOS REG. CERTIF. FISCALIZ. - PRINC. - DEMAIS,1664656.81
2026,4,4381,60,1922990199000,OUTRAS RESTITUICOES - PRINC. - DEMAIS,6070.95
2026,4,4381,83,1911010103002,MULTAS LEGISL. ESPECIFICA - PRINC. - LEGISL. TRANSITO - COTA PARTE DO DEPARTAMENTO DE EDIFICACOES E ESTRADAS DE RODAGEM DO ESTADO DE MINAS GERAIS - DERMG,19687284.27
2026,4,4381,83,1911010103003,MULTAS LEGISL. ESPECIFICA - PRINC. - LEGISL. TRANSITO - COTA PARTE DO FUNDO NACIONAL DE SEGURANCA E EDUCACAO NO TRANSITO - FUNSET,1334412.57
2026,4,4381,83,1922990199000,OUTRAS RESTITUICOES - PRINC. - DEMAIS,0
2026,4,4381,83,9911010103003,DEDUCAO REC. - MULTAS LEGISL. ESPECIFICA - PRINC. - LEGISL. TRANSITO - COTA PARTE DO FUNDO NACIONAL DE SEGURANCA E EDUCACAO NO TRANSITO - FUNSET,-1334412.57
2026,4,4421,39,1911080101000,MULTAS SENTENCAS JUDICIAIS - PRINC. - MULTAS PECUNIARIAS E JUROS DE MORA,282959.22
2026,4,4441,60,1321010101000,REMUNERACAO DEPOSITOS BANCARIOS - PRINC.,1965585.15
2026,4,4441,60,1911040103000,MULTAS LEGISL. DEFESA DIR. DIFUSOS - PRINC. - TERMO DE AJUSTAMENTO DE CONDUTA - TAC,2226770.4
2026,4,4441,60,1922990199000,OUTRAS RESTITUICOES - PRINC. - DEMAIS,134.25
2026,4,4451,60,1321010101000,REMUNERACAO DEPOSITOS BANCARIOS - PRINC.,2605738.99
2026,4,4451,60,1911040102000,MULTAS LEGISL. DEFESA DIR. DIFUSOS - PRINC. - APLICADAS PELO PROCON-MG,2250216.37
2026,4,4491,59,1999992199000,OUTRAS REC. - PRIMARIAS - PRINC. - DEMAIS,1545284.88
2026,4,4541,60,1641010101000,RETORNO OPER. JUROS ENCARG. FINANCEIROS - PRINC. - JUROS DE EMPRESTIMOS,195433.63
2026,4,4541,60,2311060101000,AMORTIZACAO EMPRESTIMOS CONTRATUAIS - PRINC.,2299905.11
2026,4,4551,59,1219991106000,DEMAIS CONTRIB. SOC. - PRINC. - PECULIO,4480956.38
2026,4,4551,59,1219991107000,DEMAIS CONTRIB. SOC. - PRINC. - SEGURO COLETIVO,2254095.46
2026,4,4551,59,1219991108000,DEMAIS CONTRIB. SOC. - PRINC. - SEGURO DO CONJUGE,93920.64
2026,4,4611,60,1311020101000,CONC. PERM. AUTOR. CESSAO DIR. USO BENS IMOV. PUB. - PRINC. - CONCESSAO DE DIREITO REAL DE USO DE AREA PUBLICA,17648.01
2026,4,4611,60,1321010101000,REMUNERACAO DEPOSITOS BANCARIOS - PRINC.,364009.89
2026,4,4611,60,1922990199000,OUTRAS RESTITUICOES - PRINC. - DEMAIS,4960.42
2026,4,4611,60,1999992199000,OUTRAS REC. - PRIMARIAS - PRINC. - DEMAIS,200.6
2026,4,4611,60,1999992299000,OUTRAS REC. - PRIMARIAS - MJM - DEMAIS,185262.25
2026,4,4621,60,1641010101000,RETORNO OPER. JUROS ENCARG. FINANCEIROS - PRINC. - JUROS DE EMPRESTIMOS,4389.1
2026,4,4631,60,1321010101000,REMUNERACAO DEPOSITOS BANCARIOS - PRINC.,1119813.11
2026,4,4631,60,1911090101003,MULTAS JUROS PREVISTOS CONTRATOS - PRINC. - PPP - DIREITOS DA CIDADANIA,242484.02
2026,4,4691,57,1321010101000,REMUNERACAO DEPOSITOS BANCARIOS - PRINC.,1372323.64
2026,4,4701,57,1321010101000,REMUNERACAO DEPOSITOS BANCARIOS - PRINC.,278227.58
2026,4,4711,42,7215021101001,REC. INTRA. - CONTRIB. PATRON. - SERV. CIVIL ATIVO - PRINC. - EXECUTIVO - CONTRIB. ORDINARIA,241737443.59
2026,4,4711,42,7215021101002,REC. INTRA. - CONTRIB. PATRON. - SERV. CIVIL ATIVO - PRINC. - EXECUTIVO - CONTRIB. SUPLEMENTAR,204060895.39
2026,4,4711,42,7215021102001,REC. INTRA. - CONTRIB. PATRON. - SERV. CIVIL ATIVO - PRINC. - ALMG - CONTRIB. ORDINARIA,8659474.48
2026,4,4711,42,7215021103001,REC. INTRA. - CONTRIB. PATRON. - SERV. CIVIL ATIVO - PRINC. - TCEMG - CONTRIB. ORDINARIA,0
2026,4,4711,42,7215021104001,REC. INTRA. - CONTRIB. PATRON. - SERV. CIVIL ATIVO - PRINC. - TJMG - CONTRIB. ORDINARIA,77131746.74
2026,4,4711,42,7215021105001,REC. INTRA. - CONTRIB. PATRON. - SERV. CIVIL ATIVO - PRINC. - TJMMG - CONTRIB. ORDINARIA,688688.04
2026,4,4711,42,7215021106001,REC. INTRA. - CONTRIB. PATRON. - SERV. CIVIL ATIVO - PRINC. - MPMG - CONTRIB. ORDINARIA,85577.96
2026,4,4711,42,7215021107001,REC. INTRA. - CONTRIB. PATRON. - SERV. CIVIL ATIVO - PRINC. - DEFPUB - CONTRIB. ORDINARIA,7464104.02
2026,4,4711,43,1215011101000,CONTRIB. SERV. CIVIL ATIVO - PRINC. - PODER EXECUTIVO,120839421.4
2026,4,4711,43,1215011102000,CONTRIB. SERV. CIVIL ATIVO - PRINC. - ASSEMBLEIA LEGISLATIVA DO ESTADO DE MINAS GERAIS - ALMG,4329737.23
2026,4,4711,43,1215011103000,CONTRIB. SERV. CIVIL ATIVO - PRINC. - TRIBUNAL DE CONTAS DO ESTADO DE MINAS GERAIS - TCEMG,0
2026,4,4711,43,1215011104000,CONTRIB. SERV. CIVIL ATIVO - PRINC. - TRIBUNAL DE JUSTICA DO ESTADO DE MINAS GERAIS - TJMG,38565873.37
2026,4,4711,43,1215011105000,CONTRIB. SERV. CIVIL ATIVO - PRINC. - TRIBUNAL DE JUSTICA MILITAR DO ESTADO DE MINAS GERAIS - TJMMG,344344.07
2026,4,4711,43,1215011106000,CONTRIB. SERV. CIVIL ATIVO - PRINC. - MINISTERIO PUBLICO DO ESTADO DE MINAS GERAIS - MPMG,42788.98
2026,4,4711,43,1215011107000,CONTRIB. SERV. CIVIL ATIVO - PRINC. - DEFENSORIA PUBLICA DO ESTADO DE MINAS GERAIS - DEFPUB,3732052
2026,4,4711,43,1215011199001,CONTRIB. SERV. CIVIL ATIVO - PRINC. - DEMAIS - PESSOAL LICENCIADO/A DISPOSICAO,1909430.45
2026,4,4711,43,1215012101000,CONTRIB. SERV. CIVIL INATIVO - PRINC. - PODER EXECUTIVO,59093549.68
2026,4,4711,43,1215012102000,CONTRIB. SERV. CIVIL INATIVO - PRINC. - ASSEMBLEIA LEGISLATIVA DO ESTADO DE MINAS GERAIS - ALMG,5398535.28
2026,4,4711,43,1215012103000,CONTRIB. SERV. CIVIL INATIVO - PRINC. - TRIBUNAL DE CONTAS DO ESTADO DE MINAS GERAIS - TCEMG,0
2026,4,4711,43,1215012104000,CONTRIB. SERV. CIVIL INATIVO - PRINC. - TRIBUNAL DE JUSTICA DO ESTADO DE MINAS GERAIS - TJMG,17504186.68
2026,4,4711,43,1215012105000,CONTRIB. SERV. CIVIL INATIVO - PRINC. - TRIBUNAL DE JUSTICA MILITAR DO ESTADO DE MINAS GERAIS - TJMMG,178073.57
2026,4,4711,43,1215012106000,CONTRIB. SERV. CIVIL INATIVO - PRINC. - MINISTERIO PUBLICO DO ESTADO DE MINAS GERAIS - MPMG,0
2026,4,4711,43,1215012107000,CONTRIB. SERV. CIVIL INATIVO - PRINC. - DEFENSORIA PUBLICA DO ESTADO DE MINAS GERAIS - DEFPUB,1402184.77
2026,4,4711,43,1215013101000,CONTRIB. SERV. CIVIL - PENSIONISTAS - PRINC. - PODER EXECUTIVO,15763252.41
2026,4,4711,43,1215013102000,CONTRIB. SERV. CIVIL - PENSIONISTAS - PRINC. - ASSEMBLEIA LEGISLATIVA DO ESTADO DE MINAS GERAIS - ALMG,17306.63
2026,4,4711,43,1215013103000,CONTRIB. SERV. CIVIL - PENSIONISTAS - PRINC. - TRIBUNAL DE CONTAS DO ESTADO DE MINAS GERAIS - TCEMG,0
2026,4,4711,43,1215013104000,CONTRIB. SERV. CIVIL - PENSIONISTAS - PRINC. - TRIBUNAL DE JUSTICA DO ESTADO DE MINAS GERAIS - TJMG,3103210.36
2026,4,4711,43,1215013105000,CONTRIB. SERV. CIVIL - PENSIONISTAS - PRINC. - TRIBUNAL DE JUSTICA MILITAR DO ESTADO DE MINAS GERAIS - TJMMG,13848.73
2026,4,4711,43,1215013106000,CONTRIB. SERV. CIVIL - PENSIONISTAS - PRINC. - MINISTERIO PUBLICO DO ESTADO DE MINAS GERAIS - MPMG,29436.13
2026,4,4711,43,1215014101000,CONTRIB. ORIUNDA SENT. JUDIC. - SERV. CIVIL ATIVO - PRINC.,2171001.08
2026,4,4711,43,1215015101000,CONTRIB. ORIUNDA SENT. JUDIC. - SERV. CIVIL INATIVO - PRINC.,2170466.15
2026,4,4711,44,1999030101000,COMPENSACOES FINANCEIRAS REGIMES DE PREVIDENCIA - PRINC.,30678699.65
2026,4,4711,60,1922990199000,OUTRAS RESTITUICOES - PRINC. - DEMAIS,1139.19
2026,4,4711,61,1219991399000,DEMAIS CONTRIB. SOC. - DA - DEMAIS,155531.35
2026,4,4711,61,1219991499000,DEMAIS CONTRIB. SOC. - DA-MJM - DEMAIS,450400.99
2026,4,4711,61,1321040101000,REMUNERACAO RECURSOS RPPS - PRINC. - RENDA FIXA,5469008.47
2026,4,4711,61,1321040102000,REMUNERACAO RECURSOS RPPS - PRINC. - RENDA VARIAVEL,39375
2026,4,4711,61,1922990199000,OUTRAS RESTITUICOES - PRINC. - DEMAIS,45162.07
2026,4,4731,59,1122020104000,EMOLUMENTOS CUSTAS JUDICIAIS - PRINC. - EMOLUMENTOS,7893224.33
2026,4,4731,59,1122020204000,EMOLUMENTOS CUSTAS JUDICIAIS - MJM - EMOLUMENTOS,153246.85
2026,4,4731,59,1321010101000,REMUNERACAO DEPOSITOS BANCARIOS - PRINC.,2060696.49
2026,4,4741,59,1122020104000,EMOLUMENTOS CUSTAS JUDICIAIS - PRINC. - EMOLUMENTOS,7893224.33
2026,4,4741,59,1122020204000,EMOLUMENTOS CUSTAS JUDICIAIS - MJM - EMOLUMENTOS,153246.85
2026,4,4741,59,1321010101000,REMUNERACAO DEPOSITOS BANCARIOS - PRINC.,1728755.9
2026,4,4741,60,1321010101000,REMUNERACAO DEPOSITOS BANCARIOS - PRINC.,586068.28
2026,4,4741,60,1999122101000,ONUS SUCUMBENCIA - PRINC. - HONORARIOS,536029.15
2026,4,4751,59,1122020104000,EMOLUMENTOS CUSTAS JUDICIAIS - PRINC. - EMOLUMENTOS,1006479.19
2026,4,4751,59,1122020204000,EMOLUMENTOS CUSTAS JUDICIAIS - MJM - EMOLUMENTOS,19563.4
2026,4,9999,1,1321010101000,REMUNERACAO DEPOSITOS BANCARIOS - PRINC.,24.48
2026,4,9999,10,1112510101000,IPVA - PRINC. - COTA PARTE DO ESTADO,677045884.34
2026,4,9999,10,1112510201000,IPVA - MJM - COTA PARTE DO ESTADO,36353677.88
2026,4,9999,10,1112510301000,IPVA - DA - COTA PARTE DO ESTADO,8691188.23
2026,4,9999,10,1112520101000,ITCD - PRINC. - COTA PARTE DO ESTADO,115836523.66
2026,4,9999,10,1112520201000,ITCD - MJM - COTA PARTE DO ESTADO,12494156.72
2026,4,9999,10,1112520301000,ITCD - DA - COTA PARTE DO ESTADO,1848479.94
2026,4,9999,10,1113031101000,IR - RETIDO FONTE - TRABALHO - PRINC.,576337698.53
2026,4,9999,10,1113034101000,IR - RETIDO FONTE - OUTROS RENDIMENTOS - PRINC.,56608306.11
2026,4,9999,10,1114501101001,ICMS - PRINC. - COTA PARTE ESTADO,4413164809.92
2026,4,9999,10,1114501201001,ICMS - MJM - COTA PARTE ESTADO,49708134.42
2026,4,9999,10,1114501301001,ICMS - DA - COTA PARTE ESTADO,40660392.7
2026,4,9999,10,1114501301002,ICMS - DA - COTA PARTE ESTADO - CESSAO DE DIREITOS CREDITORIOS - LEI ESTADUAL NO 19.266/10,1024599.99
2026,4,9999,10,1321010101000,REMUNERACAO DEPOSITOS BANCARIOS - PRINC.,617894.17
2026,4,9999,10,1711500101000,COTA-PARTE FPE - PRINC. - ESTADO,637973237.65
2026,4,9999,10,1711530101000,COTA-PARTE IPI - ESTADOS EXPORT. PROD. INDUST. - PRINC. - ESTADO,46594347.82
2026,4,9999,10,1911090199000,MULTAS JUROS PREVISTOS CONTRATOS - PRINC. - DEMAIS,138585.08
2026,4,9999,10,1922011101000,RESTITUICAO CONVENIOS - PRIMARIAS - PRINC.,2868897.36
2026,4,9999,10,1922063199000,RESTITUICAO DESPESAS PRIMARIAS EXERCICIOS ANTERIORES - PRINC. - DEMAIS,0
2026,4,9999,10,1922520101000,RESTITUICAO REMUNERACAO FOLHA PAGAMENTO - PESSOAL ATIVO - PRINC.,729073.38
2026,4,9999,10,1922990101000,OUTRAS RESTITUICOES - PRINC. - RECURSOS ORIGINARIOS DO FUNDO ESTADUAL DE SAUDE - FES,30735.98
2026,4,9999,10,1922990199000,OUTRAS RESTITUICOES - PRINC. - DEMAIS,20074930.07
2026,4,9999,10,7922990199000,REC. INTRA. - OUTRAS RESTITUICOES - PRINC. - DEMAIS,18246.57
2026,4,9999,10,9114501301002,DEDUCAO REC. - ICMS - DA - COTA PARTE DO ESTADO - CESSAO DE DIREITOS CREDITORIOS - LEI ESTADUAL NO 19.266/10,-1024599.99
2026,4,9999,11,1114502101000,ADICIONAL ICMS - FEM - PRINC. - COTA PARTE DO ESTADO,21815072.43
2026,4,9999,11,1114502201000,ADICIONAL ICMS - FEM - MJM - COTA PARTE DO ESTADO,122003.58
2026,4,9999,11,1114502301000,ADICIONAL ICMS - FEM - DA - COTA PARTE DO ESTADO,120910.56
2026,4,9999,11,1114502401000,ADICIONAL ICMS - FEM - DA-MJM - COTA PARTE DO ESTADO,567175.85
2026,4,9999,11,1121010101001,TX. INSP. CONTR. FISC. - PRINC. - TX. SEGURANCA PUBLICA - POLICIA CIVIL DO ESTADO DE MINAS GERAIS - PCMG E COORDENADORIA ESTADUAL DE GESTAO DO TRANSITO - CET,30522961.52
2026,4,9999,11,1121010101002,TX. INSP. CONTR. FISC. - PRINC. - TX. SEGURANCA PUBLICA - CORPO DE BOMBEIROS MILITAR DO ESTADO DE MINAS GERAIS - CBMMG,431525.63
2026,4,9999,11,1121010101003,TX. INSP. CONTR. FISC. - PRINC. - TX. SEGURANCA PUBLICA - POLICIA MILITAR DO ESTADO DE MINAS GERAIS - PMMG,7868.23
2026,4,9999,11,1121010101004,TX. INSP. CONTR. FISC. - PRINC. - TX. SEGURANCA PUBLICA - TAXA DE RENOVACAO DE LICENCIAMENTO ANUAL DE VEICULO,9752472.56
2026,4,9999,11,1121010101006,TX. INSP. CONTR. FISC. - PRINC. - TX. SEGURANCA PUBLICA - DEPARTAMENTO DE EDIFICACOES E ESTRADAS DE RODAGEM DO ESTADO DE MINAS GERAIS - DERMG,258237.47
2026,4,9999,11,1121010103000,TX. INSP. CONTR. FISC. - PRINC. - TAXA DE LICENCIAMENTO PARA USO OU OCUPACAO DA FAIXA DE DOMINIO DAS RODOVIAS,1377380.22
2026,4,9999,11,1121010104000,TX. INSP. CONTR. FISC. - PRINC. - TAXA DE FISCALIZACAO SOBRE SERVICOS PUBLICOS DE ABASTECIMENTO DE AGUA E SANEAMENTO,1720706.48
2026,4,9999,11,1121010201001,TX. INSP. CONTR. FISC. - MJM - TX. SEGURANCA PUBLICA - POLICIA CIVIL DO ESTADO DE MINAS GERAIS - PCMG E COORDENADORIA ESTADUAL DE GESTAO DO TRANSITO - CET,4.69
2026,4,9999,11,1121010201004,TX. INSP. CONTR. FISC. - MJM - TX. SEGURANCA PUBLICA - TAXA DE RENOVACAO DE LICENCIAMENTO ANUAL DE VEICULO,699620.36
2026,4,9999,11,1121010203000,TX. INSP. CONTR. FISC. - MJM - TAXA DE LICENCIAMENTO PARA USO OU OCUPACAO DA FAIXA DE DOMINIO DAS RODOVIAS,128.73
2026,4,9999,11,1121040101000,TX. CONTR. FISC. AMBIENT. - PRINC. - TAXA FLORESTAL,4966995.32
2026,4,9999,11,1121040102000,TX. CONTR. FISC. AMBIENT. - PRINC. - TAXA DE FISCALIZACAO DE RECURSOS MINERARIOS,12935743.17
2026,4,9999,11,1121040103000,TX. CONTR. FISC. AMBIENT. - PRINC. - TAXA DE CONTROLE E FISCALIZACAO AMBIENTAL,761233.49
2026,4,9999,11,1121040104000,TX. CONTR. FISC. AMBIENT. - PRINC. - TAXA DE REGULARIZACAO AMBIENTAL,346407.17
2026,4,9999,11,1121040105000,TX. CONTR. FISC. AMBIENT. - PRINC. - TAXA DA LEI DA PESCA,35180.57
2026,4,9999,11,1121040106000,TX. CONTR. FISC. AMBIENT. - PRINC. - TAXA DE LIBERACAO E MANEJO DA FAUNA E FLORA,18230.45
2026,4,9999,11,1121040107000,TX. CONTR. FISC. AMBIENT. - PRINC. - TAXA DA LEI DE POLITICA FLORESTAL,406714.81
2026,4,9999,11,1121040109000,"TX. CONTR. FISC. AMBIENT. - PRINC. - TAXA DE REPROGRAFIA, CERTIDOES E JULGAMENTO DE CONTENCIOSO",47686.75
2026,4,9999,11,1121040202000,TX. CONTR. FISC. AMBIENT. - MJM - TAXA DE FISCALIZACAO DE RECURSOS MINERARIOS,29761.06
2026,4,9999,11,1121040203000,TX. CONTR. FISC. AMBIENT. - MJM - TAXA DE CONTROLE E FISCALIZACAO AMBIENTAL,227277.75
2026,4,9999,11,1121040302000,TX. CONTR. FISC. AMBIENT. - DA - TAXA DE FISCALIZACAO DE RECURSOS MINERARIOS,6768.34
2026,4,9999,11,1121040402000,TX. CONTR. FISC. AMBIENT. - DA-MJM - TAXA DE FISCALIZACAO DE RECURSOS MINERARIOS,10944.18
2026,4,9999,11,1122010101001,TX. PREST. SERV. G. - PRINC. - TX. EXP. - DEPARTAMENTO DE EDIFICACOES E ESTRADAS DE RODAGEM DO ESTADO DE MINAS GERAIS - DERMG,7498.87
2026,4,9999,11,1122010101002,TX. PREST. SERV. G. - PRINC. - TX. EXP. - ATOS DA SECRETARIA DE ESTADO DA FAZENDA - SEF,571023.04
2026,4,9999,11,1122010101003,TX. PREST. SERV. G. - PRINC. - TX. EXP. - INSTITUTO MINEIRO DE AGROPECUARIA - IMA,2745258.74
2026,4,9999,11,1122010101004,TX. PREST. SERV. G. - PRINC. - TX. EXP. - ATOS DA SECRETARIA DE ESTADO DE SAUDE - SES,1510.37
2026,4,9999,11,1122010101011,TX. PREST. SERV. G. - PRINC. - TX. EXP. - ATOS DE AUTORIDADE ADMINISTRATIVA DO SISTEMA ESTADUAL DE MEIO AMBIENTE E RECURSOS HIDRICOS - SISEMA,743166.07
2026,4,9999,11,1122010104000,TX. PREST. SERV. G. - PRINC. - TAXA DE GERENCIAMENTO DO SISTEMA TRANSPORTE RODOVIARIO INTERMUNICIPAL - DEPARTAMENTO DE EDIFICACOES E ESTRADAS DE RODAGEM DO ESTADO DE MINAS GERAIS - DERMG,1883.49
2026,4,9999,11,1122010201002,TX. PREST. SERV. G. - MJM - TX. EXP. - ATOS DA SECRETARIA DE ESTADO DA FAZENDA - SEF,1076.28
2026,4,9999,11,1349010101000,COMPENSACOES AMBIENTAIS - PRINC. - REPOSICAO FLORESTAL,1004151.36
2026,4,9999,11,1349010102000,COMPENSACOES AMBIENTAIS - PRINC. - REPOSICAO DA PESCA,679.85
2026,4,9999,11,1349010103000,COMPENSACOES AMBIENTAIS - PRINC. - SUPRESSAO DO PEQUI,136798.9
2026,4,9999,11,1349010199000,COMPENSACOES AMBIENTAIS - PRINC. - DEMAIS,242852.14
2026,4,9999,11,1611010118000,SERVICOS ADM. COMERC. GER. - PRINC. - VISITACAO DAS UNIDADES DE CONSERVACAO DA NATUREZA,10187.45
2026,4,9999,11,1712500101000,COTA-PARTE COMPENSACAO FINANCEIRA RECURSOS HIDRICOS - PRINC.,620460.77
2026,4,9999,11,1712510101000,COTA-PARTE CFEM - PRINC.,11800575.8
2026,4,9999,11,1712521101000,COTA-PARTE COMPENSACAO FINANCEIRA PRODUCAO PETROLEO - LEI FEDERAL NO 7.990/89 - PRINC.,1239975.24
2026,4,9999,11,1741990140999,DESPORTO LAZER - OUTROS,6951.07
2026,4,9999,11,1911010103001,MULTAS LEGISL. ESPECIFICA - PRINC. - LEGISL. TRANSITO - COTA PARTE DO ESTADO,5502771.32
2026,4,9999,11,1911010103002,MULTAS LEGISL. ESPECIFICA - PRINC. - LEGISL. TRANSITO - COTA PARTE DO DEPARTAMENTO DE EDIFICACOES E ESTRADAS DE RODAGEM DO ESTADO DE MINAS GERAIS - DERMG,8763324.56
2026,4,9999,11,1921990101000,OUTRAS INDENIZACOES - PRINC. - IMPACTOS E DANOS AMBIENTAIS,1366541.08
2026,4,9999,11,1999992199000,OUTRAS REC. - PRIMARIAS - PRINC. - DEMAIS,662264.95
2026,4,9999,15,1122010101999,TX. PREST. SERV. G. - PRINC. - TX. EXP. - OUTROS,1742.79
2026,4,9999,15,1122010301999,TX. PREST. SERV. G. - DA - TX. EXP. - OUTROS,1899.4
2026,4,9999,15,1122010401999,TX. PREST. SERV. G. - DA-MJM - TX. EXP. - OUTROS,5069.18
2026,4,9999,15,1311011101000,ALUGUEIS ARRENDAMENTOS - PRINC. - ALUGUEIS,23529.98
2026,4,9999,15,1311020199000,CONC. PERM. AUTOR. CESSAO DIR. USO BENS IMOV. PUB. - PRINC. - DEMAIS,143643.65
2026,4,9999,15,1321010101000,REMUNERACAO DEPOSITOS BANCARIOS - PRINC.,104081705.49
2026,4,9999,15,1321020101000,REMUNERACAO DEPOSITOS ESPECIAIS - PRINC.,1312808.85
2026,4,9999,15,1321060101000,JUROS CAPITAL PROPRIO - PRINC. - EMPRESAS ESTATAIS,6175023.42
2026,4,9999,15,1511010102001,REC. INDUSTRIAL - PRINC. - INDUSTRIA EDITORIAL GRAFICA - RECEITA DE PUBLICACOES,1639512.35
2026,4,9999,15,1611010106000,SERVICOS ADM. COMERC. GER. - PRINC. - RESERVA DE PLACA ESPECIAL,884093.5
2026,4,9999,15,1611010119000,SERVICOS ADM. COMERC. GER. - PRINC. - REGULARIZACAO FUNDIARIA,225153.82
2026,4,9999,15,1611040103000,SERVICOS INFORMACAO TECNOLOGIA - PRINC. - FORNECIMENTO DE DADOS FISCAIS,33694.84
2026,4,9999,15,1611040105000,SERVICOS INFORMACAO TECNOLOGIA - PRINC. - PROCESSAMENTO DAS CONSIGNACOES DA FOLHA DE PESSOAL,877373.71
2026,4,9999,15,1699990301000,OUTROS SERVICOS - DA,6602391.64
2026,4,9999,15,1719580101000,TRANSF. OBRIGATORIA DECORRENTE LC FEDERAL NO 176/20 - PRINC.,37724064.65
2026,4,9999,15,1911010104999,MULTAS LEGISL. ESPECIFICA - PRINC. - MULTA ISOLADA OBRIG. ACESSORIA - OUTROS,2274062.32
2026,4,9999,15,1911010204999,MULTAS LEGISL. ESPECIFICA - MJM - MULTA ISOLADA OBRIG. ACESSORIA - OUTROS,57.81
2026,4,9999,15,1911010304999,MULTAS LEGISL. ESPECIFICA - DA - MULTA ISOLADA OBRIG. ACESSORIA - OUTROS,2966171.33
2026,4,9999,15,1911010404999,MULTAS LEGISL. ESPECIFICA - DA-MJM - MULTA ISOLADA OBRIG. ACESSORIA - OUTROS,33.95
2026,4,9999,15,1911040104000,MULTAS LEGISL. DEFESA DIR. DIFUSOS - PRINC. - USO DE PIPAS COM LINHA CORTANTE,1
2026,4,9999,15,1911061101000,MULTAS ADM. DANOS AMBIENTAIS - PRINC.,7824562.69
2026,4,9999,15,1911090199000,MULTAS JUROS PREVISTOS CONTRATOS - PRINC. - DEMAIS,1730.97
2026,4,9999,15,1921990199000,OUTRAS INDENIZACOES - PRINC. - DEMAIS,242718.06
2026,4,9999,15,1922990199000,OUTRAS RESTITUICOES - PRINC. - DEMAIS,375425.32
2026,4,9999,15,1931060101000,BENS DIREITOS VALORES RENUNCIA VOLUNTARIA ACORDO NAO PERSECUCAO PENAL - PRINC.,76306.18
2026,4,9999,15,1999992115000,OUTRAS REC. - PRIMARIAS - PRINC. - GESTAO DE VEICULOS APREENDIDOS E REMOVIDOS,12129326.74
2026,4,9999,15,1999992117000,"OUTRAS REC. - PRIMARIAS - PRINC. - BENS, DIREITOS E VALORES OBJETO DE RENUNCIA VOLUNTARIA EM ACORDO DE NAO PERSECUCAO CIVEL",15184
2026,4,9999,15,1999992199000,OUTRAS REC. - PRIMARIAS - PRINC. - DEMAIS,2807720.56
2026,4,9999,15,1999992299000,OUTRAS REC. - PRIMARIAS - MJM - DEMAIS,33083.13
2026,4,9999,15,1999992399000,OUTRAS REC. - PRIMARIAS - DA - DEMAIS,218.31
2026,4,9999,15,1999992499000,OUTRAS REC. - PRIMARIAS - DA-MJM - DEMAIS,77.52
2026,4,9999,15,2311060101000,AMORTIZACAO EMPRESTIMOS CONTRATUAIS - PRINC.,41603.09
2026,4,9999,17,1321010101000,REMUNERACAO DEPOSITOS BANCARIOS - PRINC.,0
2026,4,9999,20,1112510102000,IPVA - PRINC. - COTA PARTE DOS MUNICIPIOS,846300017.58
2026,4,9999,20,1112510202000,IPVA - MJM - COTA PARTE DOS MUNICIPIOS,45441621.35
2026,4,9999,20,1112510302000,IPVA - DA - COTA PARTE DOS MUNICIPIOS,10863985.99
2026,4,9999,20,1114501102000,ICMS - PRINC. - COTA PARTE DOS MUNICIPIOS,1838818674.08
2026,4,9999,20,1114501202000,ICMS - MJM - COTA PARTE DOS MUNICIPIOS,20711723.55
2026,4,9999,20,1114501302000,ICMS - DA - COTA PARTE DOS MUNICIPIOS,17368747.74
2026,4,9999,20,1711530102000,COTA-PARTE IPI - ESTADOS EXPORT. PROD. INDUST. - PRINC. - MUNICIPIOS,19414311.52
2026,4,9999,20,9112510102000,DEDUCAO REC. - IPVA - PRINC. - COTA PARTE DOS MUNICIPIOS,-846300017.58
2026,4,9999,20,9112510202000,DEDUCAO REC. - IPVA - MJM - COTA PARTE DOS MUNICIPIOS,-45441621.35
2026,4,9999,20,9112510302000,DEDUCAO REC. - IPVA - DA - COTA PARTE DOS MUNICIPIOS,-10863985.99
2026,4,9999,20,9114501102000,DEDUCAO REC. - ICMS - PRINC. - COTA PARTE DOS MUNICIPIOS,-1838818674.08
2026,4,9999,20,9114501202000,DEDUCAO REC. - ICMS - MJM - COTA PARTE DOS MUNICIPIOS,-20711723.55
2026,4,9999,20,9114501302000,DEDUCAO REC. - ICMS - DA - COTA PARTE DOS MUNICIPIOS,-17368747.74
2026,4,9999,20,9711530102000,DEDUCAO REC. - COTA-PARTE IPI - ESTADOS EXPORT. PROD. INDUST. - PRINC. - MUNICIPIOS,-19414311.52
2026,4,9999,23,1112510103000,IPVA - PRINC. - COTA PARTE DO ESTADO PARA O FUNDEB,169261523.26
2026,4,9999,23,1112510203000,IPVA - MJM - COTA PARTE DO ESTADO PARA O FUNDEB,9088417.24
2026,4,9999,23,1112510303000,IPVA - DA - COTA PARTE DO ESTADO PARA O FUNDEB,2172797.19
2026,4,9999,23,1112520102000,ITCD - PRINC. - COTA PARTE DO FUNDEB,28960280.88
2026,4,9999,23,1112520202000,ITCD - MJM - COTA PARTE DO FUNDEB,3123539.17
2026,4,9999,23,1112520302000,ITCD - DA - COTA PARTE DO FUNDEB,462119.92
2026,4,9999,23,1114501103000,ICMS - PRINC. - COTA PARTE DO ESTADO PARA O FUNDEB,1103290256.27
2026,4,9999,23,1114501203000,ICMS - MJM - COTA PARTE DO ESTADO PARA O FUNDEB,12427981.14
2026,4,9999,23,1114501303000,ICMS - DA - COTA PARTE DO ESTADO PARA O FUNDEB,10421248.35
2026,4,9999,23,1114502102000,ADICIONAL ICMS - FEM - PRINC. - COTA PARTE DO FUNDEB,18174265.33
2026,4,9999,23,1114502202000,ADICIONAL ICMS - FEM - MJM - COTA PARTE DO FUNDEB,101669.53
2026,4,9999,23,1114502302000,ADICIONAL ICMS - FEM - DA - COTA PARTE DO FUNDEB,100758.8
2026,4,9999,23,1114502402000,ADICIONAL ICMS - FEM - DA-MJM - COTA PARTE DO FUNDEB,472646.52
2026,4,9999,23,1711500102000,COTA-PARTE FPE - PRINC. - FUNDEB,159493309.39
2026,4,9999,23,1711530103000,COTA-PARTE IPI - ESTADOS EXPORT. PROD. INDUST. - PRINC. - FUNDEB,11648586.93
2026,4,9999,23,9112510103000,DEDUCAO REC. - IPVA - PRINC. - COTA PARTE DO ESTADO PARA O FUNDEB,-169261725.72
2026,4,9999,23,9112510203000,DEDUCAO REC. - IPVA - MJM - COTA PARTE DO ESTADO PARA O FUNDEB,-9088417.24
2026,4,9999,23,9112510303000,DEDUCAO REC. - IPVA - DA - COTA PARTE DO ESTADO PARA O FUNDEB,-2172797.19
2026,4,9999,23,9112520102000,DEDUCAO REC. - ITCD - PRINC. - COTA PARTE DO ESTADO PARA O FUNDEB,-28960280.88
2026,4,9999,23,9112520202000,DEDUCAO REC. - ITCD - MJM - COTA PARTE DO ESTADO PARA O FUNDEB,-3123539.17
2026,4,9999,23,9112520302000,DEDUCAO REC. - ITCD - DA - COTA PARTE DO ESTADO PARA O FUNDEB,-462119.92
2026,4,9999,23,9114501103000,DEDUCAO REC. - ICMS - PRINC. - COTA PARTE DO ESTADO PARA O FUNDEB,-1103290256.27
2026,4,9999,23,9114501203000,DEDUCAO REC. - ICMS - MJM - COTA PARTE DO ESTADO PARA O FUNDEB,-12427981.14
2026,4,9999,23,9114501303000,DEDUCAO REC. - ICMS - DA - COTA PARTE DO ESTADO PARA O FUNDEB,-10421248.35
2026,4,9999,23,9114502102000,DEDUCAO REC. - ADICIONAL ICMS - FEM - PRINC. - COTA PARTE DO FUNDEB,-18174265.33
2026,4,9999,23,9114502202000,DEDUCAO REC. - ADICIONAL ICMS - FEM - MJM - COTA PARTE DO FUNDEB,-101669.53
2026,4,9999,23,9114502302000,DEDUCAO REC. - ADICIONAL ICMS - FEM - DA - COTA PARTE DO FUNDEB,-100758.8
2026,4,9999,23,9114502402000,DEDUCAO REC. - ADICIONAL ICMS - FEM - DA-MJM - COTA PARTE DO FUNDEB,-472646.52
2026,4,9999,23,9711500102000,DEDUCAO REC. - COTA-PARTE FPE - PRINC. - FUNDEB,-159493309.39
2026,4,9999,23,9711530103000,DEDUCAO REC. - COTA-PARTE IPI - ESTADOS EXPORT. PROD. INDUST. - PRINC. - FUNDEB,-11648586.93
2026,4,9999,24,1321010101000,REMUNERACAO DEPOSITOS BANCARIOS - PRINC.,-42788.22
2026,4,9999,25,1321010101000,REMUNERACAO DEPOSITOS BANCARIOS - PRINC.,1647363.42
2026,4,9999,25,2119990102002,CAIXA ECONOMICA FEDERAL - PROGRAMA DE ACELERACAO DO CRESCIMENTO - PAC - CONTAGEM,193775.18
2026,4,9999,27,1121010101001,TX. INSP. CONTR. FISC. - PRINC. - TX. SEGURANCA PUBLICA - POLICIA CIVIL DO ESTADO DE MINAS GERAIS - PCMG E COORDENADORIA ESTADUAL DE GESTAO DO TRANSITO - CET,70997824.76
2026,4,9999,27,1121010101002,TX. INSP. CONTR. FISC. - PRINC. - TX. SEGURANCA PUBLICA - CORPO DE BOMBEIROS MILITAR DO ESTADO DE MINAS GERAIS - CBMMG,1006893.27
2026,4,9999,27,1121010101003,TX. INSP. CONTR. FISC. - PRINC. - TX. SEGURANCA PUBLICA - POLICIA MILITAR DO ESTADO DE MINAS GERAIS - PMMG,18359.24
2026,4,9999,27,1121010101004,TX. INSP. CONTR. FISC. - PRINC. - TX. SEGURANCA PUBLICA - TAXA DE RENOVACAO DE LICENCIAMENTO ANUAL DE VEICULO,22749889.9
2026,4,9999,27,1121010101006,TX. INSP. CONTR. FISC. - PRINC. - TX. SEGURANCA PUBLICA - DEPARTAMENTO DE EDIFICACOES E ESTRADAS DE RODAGEM DO ESTADO DE MINAS GERAIS - DERMG,602554.11
2026,4,9999,27,1121010201001,TX. INSP. CONTR. FISC. - MJM - TX. SEGURANCA PUBLICA - POLICIA CIVIL DO ESTADO DE MINAS GERAIS - PCMG E COORDENADORIA ESTADUAL DE GESTAO DO TRANSITO - CET,10.93
2026,4,9999,27,1121010201004,TX. INSP. CONTR. FISC. - MJM - TX. SEGURANCA PUBLICA - TAXA DE RENOVACAO DE LICENCIAMENTO ANUAL DE VEICULO,1632017.17
2026,4,9999,29,1122010101002,TX. PREST. SERV. G. - PRINC. - TX. EXP. - ATOS DA SECRETARIA DE ESTADO DA FAZENDA - SEF,1327358.39
2026,4,9999,29,1122010101004,TX. PREST. SERV. G. - PRINC. - TX. EXP. - ATOS DA SECRETARIA DE ESTADO DE SAUDE - SES,2783.76
2026,4,9999,29,1122010101011,TX. PREST. SERV. G. - PRINC. - TX. EXP. - ATOS DE AUTORIDADE ADMINISTRATIVA DO SISTEMA ESTADUAL DE MEIO AMBIENTE E RECURSOS HIDRICOS - SISEMA,279808.15
2026,4,9999,29,1122010201002,TX. PREST. SERV. G. - MJM - TX. EXP. - ATOS DA SECRETARIA DE ESTADO DA FAZENDA - SEF,2511.39
2026,4,9999,30,1219991110001,DEMAIS CONTRIB. SOC. - PRINC. - CONTRIB. MILITAR APOSENTADORIA - ATIVO,15610660.23
2026,4,9999,31,1321010101000,REMUNERACAO DEPOSITOS BANCARIOS - PRINC.,5183.97
2026,4,9999,31,1712500101000,COTA-PARTE COMPENSACAO FINANCEIRA RECURSOS HIDRICOS - PRINC.,1447741.8
2026,4,9999,31,1922011101000,RESTITUICAO CONVENIOS - PRIMARIAS - PRINC.,0
2026,4,9999,32,1321010101000,REMUNERACAO DEPOSITOS BANCARIOS - PRINC.,0
2026,4,9999,32,1712510101000,COTA-PARTE CFEM - PRINC.,27534676.87
2026,4,9999,33,1712521101000,COTA-PARTE COMPENSACAO FINANCEIRA PRODUCAO PETROLEO - LEI FEDERAL NO 7.990/89 - PRINC.,2893275.6
2026,4,9999,33,1922990199000,OUTRAS RESTITUICOES - PRINC. - DEMAIS,59594.81
2026,4,9999,36,1922990102000,OUTRAS RESTITUICOES - PRINC. - PNAE/FNDE - ALIMENTACAO ESCOLAR,0
2026,4,9999,46,1321010101000,REMUNERACAO DEPOSITOS BANCARIOS - PRINC.,690.53
2026,4,9999,48,2213010101000,ALIENACAO BENS MOVEIS E SEMOVENTES - PRINC.,2487646.76
2026,4,9999,51,1711540101000,COTA-PARTE CIDE - PRINC. - ESTADO,17193833.6
2026,4,9999,51,1711540102000,COTA-PARTE CIDE - PRINC. - MUNICIPIOS,5731277.87
2026,4,9999,51,9711540102000,DEDUCAO REC. - COTA-PARTE CIDE - PRINC. - MUNICIPIOS,-5731277.87
2026,4,9999,57,1719990115001,DESPORTO LAZER - MINISTERIO DO ESPORTE,0
2026,4,9999,57,1719990115002,DESPORTO LAZER - LOTERIA DE APOSTAS DE QUOTA FIXA - BETS,0
2026,4,9999,71,1114502101000,ADICIONAL ICMS - FEM - PRINC. - COTA PARTE DO ESTADO,50881988.72
2026,4,9999,71,1114502201000,ADICIONAL ICMS - FEM - MJM - COTA PARTE DO ESTADO,284674.8
2026,4,9999,71,1114502301000,ADICIONAL ICMS - FEM - DA - COTA PARTE DO ESTADO,282124.63
2026,4,9999,71,1114502401000,ADICIONAL ICMS - FEM - DA-MJM - COTA PARTE DO ESTADO,1323410.19
2026,4,9999,71,1321010101000,REMUNERACAO DEPOSITOS BANCARIOS - PRINC.,11327.13
2026,4,9999,72,1121040102000,TX. CONTR. FISC. AMBIENT. - PRINC. - TAXA DE FISCALIZACAO DE RECURSOS MINERARIOS,30183400.69
2026,4,9999,72,1121040202000,TX. CONTR. FISC. AMBIENT. - MJM - TAXA DE FISCALIZACAO DE RECURSOS MINERARIOS,69442.46
2026,4,9999,72,1121040302000,TX. CONTR. FISC. AMBIENT. - DA - TAXA DE FISCALIZACAO DE RECURSOS MINERARIOS,15792.82
2026,4,9999,72,1121040402000,TX. CONTR. FISC. AMBIENT. - DA-MJM - TAXA DE FISCALIZACAO DE RECURSOS MINERARIOS,25536.39
2026,4,9999,72,1321010101000,REMUNERACAO DEPOSITOS BANCARIOS - PRINC.,4154.06
2026,4,9999,72,1922011101000,RESTITUICAO CONVENIOS - PRIMARIAS - PRINC.,420158.51
2026,4,9999,72,1922990199000,OUTRAS RESTITUICOES - PRINC. - DEMAIS,255559.48
2026,4,9999,75,7219991110051,REC. INTRA. - DEMAIS CONTRIB. SOC. - PRINC. - CONTRIB. PATRONAL MILITAR APOSENTADORIA - ATIVO,22274876.6
2026,4,9999,75,7219991110052,REC. INTRA. - DEMAIS CONTRIB. SOC. - PRINC. - CONTRIB. PATRONAL MILITAR APOSENTADORIA - INATIVO,29730088.06
2026,4,9999,80,1321010101000,REMUNERACAO DEPOSITOS BANCARIOS - PRINC.,18942112.58
2026,4,9999,80,2999990104000,DEMAIS REC. CAPITAL - PRINC. - ROMPIMENTO DA BARRAGEM DE FUNDAO EM MARIANA - ACORDO JUDICIAL DE REPARACAO INTEGRAL E DEFINITIVA,1235142134.67
2026,4,9999,82,1911010103001,MULTAS LEGISL. ESPECIFICA - PRINC. - LEGISL. TRANSITO - COTA PARTE DO ESTADO,12828756.26
2026,4,9999,82,1911010103004,MULTAS LEGISL. ESPECIFICA - PRINC. - LEGISL. TRANSITO - COTA PARTE DO FUNDO NACIONAL DE SEGURANCA E EDUCACAO NO TRANSITO - FUNSET - ESTADO,965398.49
2026,4,9999,82,9911010103004,DEDUCAO REC. - MULTAS LEGISL. ESPECIFICA - PRINC. - LEGISL. TRANSITO - COTA PARTE DO FUNDO NACIONAL DE SEGURANCA E EDUCACAO NO TRANSITO - FUNSET - ESTADO,-965398.49
2026,4,9999,89,1321010101000,REMUNERACAO DEPOSITOS BANCARIOS - PRINC.,588421.61
2026,4,9999,94,1121040101000,TX. CONTR. FISC. AMBIENT. - PRINC. - TAXA FLORESTAL,2333146.35
2026,4,9999,95,1321010101000,REMUNERACAO DEPOSITOS BANCARIOS - PRINC.,111770810.63
2026,4,9999,95,1922990199000,OUTRAS RESTITUICOES - PRINC. - DEMAIS,27385.77
2026,4,9999,97,1321010101000,REMUNERACAO DEPOSITOS BANCARIOS - PRINC.,134955.76
2026,5,1011,60,1321010101000,REMUNERACAO DEPOSITOS BANCARIOS - PRINC.,7209775.81
2026,5,1011,60,1361011101000,CESSAO DIR. OPERAC. PAG. - PODERES EXECUTIVO LEGISLATIVO - PRINC. - FOLHA DE PESSOAL,78397.07
2026,5,1011,60,1922990199000,OUTRAS RESTITUICOES - PRINC. - DEMAIS,34275.87
2026,5,1011,60,1999992199000,OUTRAS REC. - PRIMARIAS - PRINC. - DEMAIS,53889.12
2026,5,1021,60,1321010101000,REMUNERACAO DEPOSITOS BANCARIOS - PRINC.,3248700.75
2026,5,1021,60,1922990199000,OUTRAS RESTITUICOES - PRINC. - DEMAIS,3900
2026,5,1031,60,1321010101000,REMUNERACAO DEPOSITOS BANCARIOS - PRINC.,18051209.53
2026,5,1031,60,1922990199000,OUTRAS RESTITUICOES - PRINC. - DEMAIS,22785.12
2026,5,1031,60,1999992199000,OUTRAS REC. - PRIMARIAS - PRINC. - DEMAIS,903.97
2026,5,1051,60,1321010101000,REMUNERACAO DEPOSITOS BANCARIOS - PRINC.,230002.39
2026,5,1051,60,1361012101000,CESSAO DIR. OPERAC. PAG. - PODER JUDICIARIO - PRINC. - FOLHA DE PESSOAL,164118.21
2026,5,1051,60,1611010113000,SERVICOS ADM. COMERC. GER. - PRINC. - FOTOCOPIAS E COPIAS HELIOGRAFICAS,0
2026,5,1051,60,1611010199001,SERVICOS ADM. COMERC. GER. - PRINC. - DEMAIS - SERVICOS ADMINISTRATIVOS,23.16
2026,5,1071,45,1321010101000,REMUNERACAO DEPOSITOS BANCARIOS - PRINC.,11706.98
2026,5,1071,45,1741990141999,DIR. HUMANOS CIDADANIA - OUTROS,50000
2026,5,1071,98,1321010101000,REMUNERACAO DEPOSITOS BANCARIOS - PRINC.,10648.78
2026,5,1081,9,1321010101000,REMUNERACAO DEPOSITOS BANCARIOS - PRINC.,22137.34
2026,5,1081,57,1321010101000,REMUNERACAO DEPOSITOS BANCARIOS - PRINC.,68.69
2026,5,1091,47,1321010101000,REMUNERACAO DEPOSITOS BANCARIOS - PRINC.,95988.5
2026,5,1091,60,1311011101000,ALUGUEIS ARRENDAMENTOS - PRINC. - ALUGUEIS,2267.82
2026,5,1091,60,1321010101000,REMUNERACAO DEPOSITOS BANCARIOS - PRINC.,4778305.97
2026,5,1091,60,1922990199000,OUTRAS RESTITUICOES - PRINC. - DEMAIS,2496.16
2026,5,1191,9,1321010101000,REMUNERACAO DEPOSITOS BANCARIOS - PRINC.,305637
2026,5,1191,9,1741990134999,ADM. ATIV. FISCAL - OUTROS,6844543.08
2026,5,1191,9,2441990134999,ADM. ATIV. FISCAL - OUTROS,873912.44
2026,5,1191,74,1321010101000,REMUNERACAO DEPOSITOS BANCARIOS - PRINC.,440442.28
2026,5,1221,24,1321010101000,REMUNERACAO DEPOSITOS BANCARIOS - PRINC.,61302.04
2026,5,1221,98,1321010101000,REMUNERACAO DEPOSITOS BANCARIOS - PRINC.,166.92
2026,5,1231,1,1321010101000,REMUNERACAO DEPOSITOS BANCARIOS - PRINC.,3131.8
2026,5,1231,59,1349010103000,COMPENSACOES AMBIENTAIS - PRINC. - SUPRESSAO DO PEQUI,223685.53
2026,5,1231,69,1321010101000,REMUNERACAO DEPOSITOS BANCARIOS - PRINC.,0
2026,5,1231,98,1321010101000,REMUNERACAO DEPOSITOS BANCARIOS - PRINC.,32762.52
2026,5,1251,1,1321010101000,REMUNERACAO DEPOSITOS BANCARIOS - PRINC.,34382.19
2026,5,1251,2,1321010101000,REMUNERACAO DEPOSITOS BANCARIOS - PRINC.,273732.99
2026,5,1251,9,1321010101000,REMUNERACAO DEPOSITOS BANCARIOS - PRINC.,-0.58
2026,5,1251,24,1321010101000,REMUNERACAO DEPOSITOS BANCARIOS - PRINC.,-5283.89
2026,5,1251,24,1717990120002,SEGURANCA PUBLICA - CENTRAIS DE ABASTECIMENTO DE MINAS GERAIS - CEASAMINAS,91892.65
2026,5,1251,24,2414990120001,SEGURANCA PUBLICA - CENTRAIS DE ABASTECIMENTO DE MINAS GERAIS - CEASAMINAS,18180.83
2026,5,1251,45,1321010101000,REMUNERACAO DEPOSITOS BANCARIOS - PRINC.,5829.52
2026,5,1251,45,2441990150999,SEGURANCA PUBLICA - OUTROS,387592.01
2026,5,1251,60,1311012101000,FOROS LAUDEMIOS TARIFAS OCUPACAO - PRINC. - TARIFA DE OCUPACAO DE IMOVEIS,25416.31
2026,5,1251,60,1311020101000,CONC. PERM. AUTOR. CESSAO DIR. USO BENS IMOV. PUB. - PRINC. - CONCESSAO DE DIREITO REAL DE USO DE AREA PUBLICA,181231.25
2026,5,1251,60,1611010199001,SERVICOS ADM. COMERC. GER. - PRINC. - DEMAIS - SERVICOS ADMINISTRATIVOS,6122.5
2026,5,1251,60,1611020101000,INSCRICAO CONCURSOS PROCESSOS SELETIVOS - PRINC.,209100
2026,5,1251,60,1922990199000,OUTRAS RESTITUICOES - PRINC. - DEMAIS,1510.69
2026,5,1251,60,1999992199000,OUTRAS REC. - PRIMARIAS - PRINC. - DEMAIS,2346.86
2026,5,1251,68,1321010101000,REMUNERACAO DEPOSITOS BANCARIOS - PRINC.,2497
2026,5,1251,69,1321010101000,REMUNERACAO DEPOSITOS BANCARIOS - PRINC.,-10039.76
2026,5,1251,69,2422990120002,SEGURANCA PUBLICA - COMPANHIA DE SANEAMENTO DE MINAS GERAIS - COPASA,0
2026,5,1251,70,1321010101000,REMUNERACAO DEPOSITOS BANCARIOS - PRINC.,29813.19
2026,5,1251,70,1732990123001,SEGURANCA PUBLICA - DIVERSOS MUNICIPIOS,1340397.23
2026,5,1251,70,2432990122001,SEGURANCA PUBLICA - DIVERSOS MUNICIPIOS,1128048.02
2026,5,1251,73,1321010101000,REMUNERACAO DEPOSITOS BANCARIOS - PRINC.,128563.88
2026,5,1251,73,1717990120003,SEGURANCA PUBLICA - DEPARTAMENTO DE POLICIA RODOVIARIA FEDERAL - PRF,5883612.18
2026,5,1251,73,1922990199000,OUTRAS RESTITUICOES - PRINC. - DEMAIS,9.4
2026,5,1261,3,1321010101000,REMUNERACAO DEPOSITOS BANCARIOS - PRINC.,54.47
2026,5,1261,21,1321010101000,REMUNERACAO DEPOSITOS BANCARIOS - PRINC.,2032524.84
2026,5,1261,21,1714500101000,TRANSFERENCIAS DO SALARIO-EDUCACAO - PRINC.,79111974.75
2026,5,1261,21,1922990104000,OUTRAS RESTITUICOES - PRINC. - CONTRIB. DO SALARIO-EDUCACAO,12996.42
2026,5,1261,23,1321010101000,REMUNERACAO DEPOSITOS BANCARIOS - PRINC.,11618127.28
2026,5,1261,23,1751500101000,TRANSF. RECURSOS FUNDEB - PRINC. - PARCELA FPM,247945357.86
2026,5,1261,23,1751500103001,TRANSF. RECURSOS FUNDEB - PRINC. - PARCELA ICMS - PRINC.,617792118.4
2026,5,1261,23,1751500104001,TRANSF. RECURSOS FUNDEB - PRINC. - PARCELA IPI - PRINC.,8104655.33
2026,5,1261,23,1751500105001,TRANSF. RECURSOS FUNDEB - PRINC. - PARCELA FPE - PRINC.,83731855.3
2026,5,1261,23,1751500106001,TRANSF. RECURSOS FUNDEB - PRINC. - PARCELA ITR - PRINC.,379971.1
2026,5,1261,23,1751500107001,TRANSF. RECURSOS FUNDEB - PRINC. - PARCELA IPVA - PRINC.,57152505.82
2026,5,1261,23,1751500108001,TRANSF. RECURSOS FUNDEB - PRINC. - PARCELA ITCD - PRINC.,14351046.9
2026,5,1261,23,1751500109001,TRANSF. RECURSOS FUNDEB - PRINC. - PARCELA ADICIONAL ICMS - FEM - PRINC.,7515488.44
2026,5,1261,23,1922990199000,OUTRAS RESTITUICOES - PRINC. - DEMAIS,11252215.94
2026,5,1261,24,1321010101000,REMUNERACAO DEPOSITOS BANCARIOS - PRINC.,209.84
2026,5,1261,24,1717510102000,EDUCACAO - INSTITUTO NACIONAL DE ESTUDOS E PESQUISAS EDUCACIONAIS ANISIO TEIXEIRA - INEP,610
2026,5,1261,24,1922990199000,OUTRAS RESTITUICOES - PRINC. - DEMAIS,1220
2026,5,1261,36,1321010101000,REMUNERACAO DEPOSITOS BANCARIOS - PRINC.,4406181.41
2026,5,1261,36,1714520101000,TRANSF. REF. PNAE - PRINC.,27460070.5
2026,5,1261,36,1922990102000,OUTRAS RESTITUICOES - PRINC. - PNAE/FNDE - ALIMENTACAO ESCOLAR,256.76
2026,5,1261,36,2412509102000,EDUCACAO - FNDE - CONSTRUCAO DE QUADRAS POLIESPORTIVAS,202226.7
2026,5,1261,70,1321010101000,REMUNERACAO DEPOSITOS BANCARIOS - PRINC.,1124.99
2026,5,1261,98,1321010101000,REMUNERACAO DEPOSITOS BANCARIOS - PRINC.,8708.95
2026,5,1301,24,1321010101000,REMUNERACAO DEPOSITOS BANCARIOS - PRINC.,-7764.64
2026,5,1301,59,1321010101000,REMUNERACAO DEPOSITOS BANCARIOS - PRINC.,313572.58
2026,5,1301,59,1332040101000,DELEG. EXPLORACAO INFRAEST. AEROPORTUARIA - PRINC.,1373925.76
2026,5,1301,70,1321010101000,REMUNERACAO DEPOSITOS BANCARIOS - PRINC.,159308.4
2026,5,1301,73,1321010101000,REMUNERACAO DEPOSITOS BANCARIOS - PRINC.,61990.41
2026,5,1301,73,1717990115002,TRANSPORTE - SECRETARIA NACIONAL DE AVIACAO CIVIL,189.93
2026,5,1301,74,1321010101000,REMUNERACAO DEPOSITOS BANCARIOS - PRINC.,160375.35
2026,5,1301,98,1321010101000,REMUNERACAO DEPOSITOS BANCARIOS - PRINC.,11199.64
2026,5,1371,9,1321010101000,REMUNERACAO DEPOSITOS BANCARIOS - PRINC.,107070.01
2026,5,1371,9,1741990146999,MEIO AMBIENTE - OUTROS,2400000
2026,5,1371,24,1321010101000,REMUNERACAO DEPOSITOS BANCARIOS - PRINC.,82853.05
2026,5,1371,79,1911061101000,MULTAS ADM. DANOS AMBIENTAIS - PRINC.,1709605.05
2026,5,1401,2,1321010101000,REMUNERACAO DEPOSITOS BANCARIOS - PRINC.,17921.46
2026,5,1401,9,1321010101000,REMUNERACAO DEPOSITOS BANCARIOS - PRINC.,6312.18
2026,5,1401,24,1321010101000,REMUNERACAO DEPOSITOS BANCARIOS - PRINC.,8009.59
2026,5,1401,60,1311011102000,ALUGUEIS ARRENDAMENTOS - PRINC. - ARRENDAMENTOS,700
2026,5,1401,60,1311011202000,ALUGUEIS ARRENDAMENTOS - MJM - ARRENDAMENTOS,7.46
2026,5,1401,60,1611010111000,SERVICOS ADM. COMERC. GER. - PRINC. - SEGURANCA PUBLICA,170.69
2026,5,1401,60,1611010127000,SERVICOS ADM. COMERC. GER. - PRINC. - RECREATIVOS E CULTURAIS,27479.71
2026,5,1401,60,1611020101000,INSCRICAO CONCURSOS PROCESSOS SELETIVOS - PRINC.,465476.01
2026,5,1401,60,1911010106000,MULTAS LEGISL. ESPECIFICA - PRINC. - INFRACAO A LEGISLACAO DE PREVENCAO DE INCENDIO E PANICO,78163.7
2026,5,1401,66,1321010101000,REMUNERACAO DEPOSITOS BANCARIOS - PRINC.,3032.71
2026,5,1401,70,1321010101000,REMUNERACAO DEPOSITOS BANCARIOS - PRINC.,9199.8
2026,5,1401,70,1732990123001,SEGURANCA PUBLICA - DIVERSOS MUNICIPIOS,5000
2026,5,1401,70,2432990122001,SEGURANCA PUBLICA - DIVERSOS MUNICIPIOS,85000
2026,5,1401,74,1321010101000,REMUNERACAO DEPOSITOS BANCARIOS - PRINC.,40.51
2026,5,1401,98,1321010101000,REMUNERACAO DEPOSITOS BANCARIOS - PRINC.,60768.48
2026,5,1441,60,1321010101000,REMUNERACAO DEPOSITOS BANCARIOS - PRINC.,0
2026,5,1441,60,1922990199000,OUTRAS RESTITUICOES - PRINC. - DEMAIS,174776.77
2026,5,1451,1,1321010101000,REMUNERACAO DEPOSITOS BANCARIOS - PRINC.,2450.68
2026,5,1451,2,1321010101000,REMUNERACAO DEPOSITOS BANCARIOS - PRINC.,15872.2
2026,5,1451,9,1321010101000,REMUNERACAO DEPOSITOS BANCARIOS - PRINC.,561.64
2026,5,1451,10,7729990125000,REC. INTRA. - OUTRAS TRANSF. ESTADOS DF - PRINC. - REPASSE DO FUNDO ESTADUAL DE SAUDE - FES - LC FEDERAL NO 141/12,31072134.8
2026,5,1451,24,1321010101000,REMUNERACAO DEPOSITOS BANCARIOS - PRINC.,76577.79
2026,5,1451,60,1922990199000,OUTRAS RESTITUICOES - PRINC. - DEMAIS,2381.57
2026,5,1451,60,1923990101000,OUTROS RESSARCIMENTOS - PRINC. - RETENCAO SOBRE PAGAMENTO FOLHA DE SENTENCIADO,986336.15
2026,5,1451,70,1321010101000,REMUNERACAO DEPOSITOS BANCARIOS - PRINC.,736
2026,5,1451,98,1321010101000,REMUNERACAO DEPOSITOS BANCARIOS - PRINC.,6059.99
2026,5,1481,24,1321010101000,REMUNERACAO DEPOSITOS BANCARIOS - PRINC.,716.52
2026,5,1481,57,1321010101000,REMUNERACAO DEPOSITOS BANCARIOS - PRINC.,52727.24
2026,5,1481,59,1741990140999,DESPORTO LAZER - OUTROS,178764.56
2026,5,1481,98,1321010101000,REMUNERACAO DEPOSITOS BANCARIOS - PRINC.,7314.95
2026,5,1511,1,1321010101000,REMUNERACAO DEPOSITOS BANCARIOS - PRINC.,0
2026,5,1511,2,1321010101000,REMUNERACAO DEPOSITOS BANCARIOS - PRINC.,0
2026,5,1511,9,1321010101000,REMUNERACAO DEPOSITOS BANCARIOS - PRINC.,0
2026,5,1511,9,1741990150999,SEGURANCA PUBLICA - OUTROS,810510.62
2026,5,1511,24,1321010101000,REMUNERACAO DEPOSITOS BANCARIOS - PRINC.,-900.74
2026,5,1511,70,1321010101000,REMUNERACAO DEPOSITOS BANCARIOS - PRINC.,-15.2
2026,5,1511,74,1321010101000,REMUNERACAO DEPOSITOS BANCARIOS - PRINC.,0
2026,5,1511,98,1321010101000,REMUNERACAO DEPOSITOS BANCARIOS - PRINC.,0
2026,5,1521,9,1321010101000,REMUNERACAO DEPOSITOS BANCARIOS - PRINC.,7513.2
2026,5,1541,10,7729990125000,REC. INTRA. - OUTRAS TRANSF. ESTADOS DF - PRINC. - REPASSE DO FUNDO ESTADUAL DE SAUDE - FES - LC FEDERAL NO 141/12,6407199.58
2026,5,1911,15,1321010101000,REMUNERACAO DEPOSITOS BANCARIOS - PRINC.,0
2026,5,1911,15,1611040105000,SERVICOS INFORMACAO TECNOLOGIA - PRINC. - PROCESSAMENTO DAS CONSIGNACOES DA FOLHA DE PESSOAL,0
2026,5,1911,15,1999992199000,OUTRAS REC. - PRIMARIAS - PRINC. - DEMAIS,0
2026,5,1911,20,1112510102000,IPVA - PRINC. - COTA PARTE DOS MUNICIPIOS,0
2026,5,1911,20,1112510202000,IPVA - MJM - COTA PARTE DOS MUNICIPIOS,0
2026,5,1911,20,1112510302000,IPVA - DA - COTA PARTE DOS MUNICIPIOS,0
2026,5,1911,20,1114501102000,ICMS - PRINC. - COTA PARTE DOS MUNICIPIOS,0
2026,5,1911,20,1114501202000,ICMS - MJM - COTA PARTE DOS MUNICIPIOS,0
2026,5,1911,20,1114501302000,ICMS - DA - COTA PARTE DOS MUNICIPIOS,0
2026,5,1911,20,9112510102000,DEDUCAO REC. - IPVA - PRINC. - COTA PARTE DOS MUNICIPIOS,0
2026,5,1911,20,9112510202000,DEDUCAO REC. - IPVA - MJM - COTA PARTE DOS MUNICIPIOS,0
2026,5,1911,20,9112510302000,DEDUCAO REC. - IPVA - DA - COTA PARTE DOS MUNICIPIOS,0
2026,5,1911,20,9114501102000,DEDUCAO REC. - ICMS - PRINC. - COTA PARTE DOS MUNICIPIOS,0
2026,5,1911,20,9114501202000,DEDUCAO REC. - ICMS - MJM - COTA PARTE DOS MUNICIPIOS,0
2026,5,1911,20,9114501302000,DEDUCAO REC. - ICMS - DA - COTA PARTE DOS MUNICIPIOS,0
2026,5,1911,23,1112510103000,IPVA - PRINC. - COTA PARTE DO ESTADO PARA O FUNDEB,0
2026,5,1911,23,1112510203000,IPVA - MJM - COTA PARTE DO ESTADO PARA O FUNDEB,0
2026,5,1911,23,1112510303000,IPVA - DA - COTA PARTE DO ESTADO PARA O FUNDEB,0
2026,5,1911,23,1112520102000,ITCD - PRINC. - COTA PARTE DO FUNDEB,0
2026,5,1911,23,1112520202000,ITCD - MJM - COTA PARTE DO FUNDEB,0
2026,5,1911,23,1112520302000,ITCD - DA - COTA PARTE DO FUNDEB,0
2026,5,1911,23,1114501103000,ICMS - PRINC. - COTA PARTE DO ESTADO PARA O FUNDEB,0
2026,5,1911,23,1114501203000,ICMS - MJM - COTA PARTE DO ESTADO PARA O FUNDEB,0
2026,5,1911,23,1114501303000,ICMS - DA - COTA PARTE DO ESTADO PARA O FUNDEB,0
2026,5,1911,23,1114502102000,ADICIONAL ICMS - FEM - PRINC. - COTA PARTE DO FUNDEB,0
2026,5,1911,23,1114502202000,ADICIONAL ICMS - FEM - MJM - COTA PARTE DO FUNDEB,0
2026,5,1911,23,1114502302000,ADICIONAL ICMS - FEM - DA - COTA PARTE DO FUNDEB,0
2026,5,1911,23,1114502402000,ADICIONAL ICMS - FEM - DA-MJM - COTA PARTE DO FUNDEB,0
2026,5,1911,23,9112510103000,DEDUCAO REC. - IPVA - PRINC. - COTA PARTE DO ESTADO PARA O FUNDEB,0
2026,5,1911,23,9112510203000,DEDUCAO REC. - IPVA - MJM - COTA PARTE DO ESTADO PARA O FUNDEB,0
2026,5,1911,23,9112510303000,DEDUCAO REC. - IPVA - DA - COTA PARTE DO ESTADO PARA O FUNDEB,0
2026,5,1911,23,9112520102000,DEDUCAO REC. - ITCD - PRINC. - COTA PARTE DO ESTADO PARA O FUNDEB,0
2026,5,1911,23,9112520202000,DEDUCAO REC. - ITCD - MJM - COTA PARTE DO ESTADO PARA O FUNDEB,0
2026,5,1911,23,9112520302000,DEDUCAO REC. - ITCD - DA - COTA PARTE DO ESTADO PARA O FUNDEB,0
2026,5,1911,23,9114501103000,DEDUCAO REC. - ICMS - PRINC. - COTA PARTE DO ESTADO PARA O FUNDEB,0
2026,5,1911,23,9114501203000,DEDUCAO REC. - ICMS - MJM - COTA PARTE DO ESTADO PARA O FUNDEB,0
2026,5,1911,23,9114501303000,DEDUCAO REC. - ICMS - DA - COTA PARTE DO ESTADO PARA O FUNDEB,0
2026,5,1911,23,9114502102000,DEDUCAO REC. - ADICIONAL ICMS - FEM - PRINC. - COTA PARTE DO FUNDEB,0
2026,5,1911,23,9114502202000,DEDUCAO REC. - ADICIONAL ICMS - FEM - MJM - COTA PARTE DO FUNDEB,0
2026,5,1911,23,9114502302000,DEDUCAO REC. - ADICIONAL ICMS - FEM - DA - COTA PARTE DO FUNDEB,0
2026,5,1911,23,9114502402000,DEDUCAO REC. - ADICIONAL ICMS - FEM - DA-MJM - COTA PARTE DO FUNDEB,0
2026,5,1911,25,1321010101000,REMUNERACAO DEPOSITOS BANCARIOS - PRINC.,0
2026,5,2011,49,1219991101008,DEMAIS CONTRIB. SOC. - PRINC. - CONTRIB. PATRON. CIVIL SAUDE - MUNICIPIOS,14438.97
2026,5,2011,49,1922990199000,OUTRAS RESTITUICOES - PRINC. - DEMAIS,427.69
2026,5,2011,49,7219991101001,REC. INTRA. - DEMAIS CONTRIB. SOC. - PRINC. - CONTRIB. PATRON. CIVIL SAUDE - SERVIDOR ATIVO,13920075.52
2026,5,2011,49,7219991101002,REC. INTRA. - DEMAIS CONTRIB. SOC. - PRINC. - CONTRIB. PATRON. CIVIL SAUDE - SERVIDOR INATIVO,14316628.08
2026,5,2011,49,7219991101003,REC. INTRA. - DEMAIS CONTRIB. SOC. - PRINC. - CONTRIB. PATRON. CIVIL SAUDE - PENSIONISTA,2344027.93
2026,5,2011,49,7219991101004,REC. INTRA. - DEMAIS CONTRIB. SOC. - PRINC. - CONTRIB. PATRON. CIVIL SAUDE - CONTRATO ADMINISTRATIVO,1231154.69
2026,5,2011,49,7219991101005,REC. INTRA. - DEMAIS CONTRIB. SOC. - PRINC. - CONTRIB. PATRON. CIVIL SAUDE - ESTADO - DEPENDENTES,10597035.86
2026,5,2011,49,7219991101006,REC. INTRA. - DEMAIS CONTRIB. SOC. - PRINC. - CONTRIB. PATRON. CIVIL SAUDE - ESTADO - DEPENDENTES - FILHOS,7347179.5
2026,5,2011,50,1219991102001,DEMAIS CONTRIB. SOC. - PRINC. - CONTRIB. CIVIL SAUDE - ATIVO,26681492.51
2026,5,2011,50,1219991102002,DEMAIS CONTRIB. SOC. - PRINC. - CONTRIB. CIVIL SAUDE - INATIVO,37417695.39
2026,5,2011,50,1219991102003,DEMAIS CONTRIB. SOC. - PRINC. - CONTRIB. CIVIL SAUDE - PENSIONISTA,5430659.22
2026,5,2011,50,1219991102004,DEMAIS CONTRIB. SOC. - PRINC. - CONTRIB. CIVIL SAUDE - CONTRATO ADMINISTRATIVO,2642111.28
2026,5,2011,50,1219991102005,DEMAIS CONTRIB. SOC. - PRINC. - CONTRIB. CIVIL SAUDE - ESTADO - DEPENDENTES,24428799.74
2026,5,2011,50,1219991102006,DEMAIS CONTRIB. SOC. - PRINC. - CONTRIB. CIVIL SAUDE - ESTADO - DEPENDENTES - FILHOS,14563877.72
2026,5,2011,50,1219991102007,DEMAIS CONTRIB. SOC. - PRINC. - CONTRIB. CIVIL SAUDE - USUARIO FACULTATIVO,33469.04
2026,5,2011,50,1219991102008,DEMAIS CONTRIB. SOC. - PRINC. - CONTRIB. CIVIL SAUDE - MUNICIPIOS,32796.85
2026,5,2011,50,1219991102009,DEMAIS CONTRIB. SOC. - PRINC. - CONTRIB. CIVIL SAUDE - DEMAIS - SERVIDOR,280349.87
2026,5,2011,50,1219991102010,DEMAIS CONTRIB. SOC. - PRINC. - CONTRIB. CIVIL SAUDE - DEMAIS - DEPENDENTES,64718.41
2026,5,2011,50,1219991102011,DEMAIS CONTRIB. SOC. - PRINC. - CONTRIB. CIVIL SAUDE - DEMAIS - DEPENDENTES - FILHOS,47687.4
2026,5,2011,50,1922063199000,RESTITUICAO DESPESAS PRIMARIAS EXERCICIOS ANTERIORES - PRINC. - DEMAIS,750
2026,5,2011,50,1922990199000,OUTRAS RESTITUICOES - PRINC. - DEMAIS,3350.74
2026,5,2011,60,1219991299000,DEMAIS CONTRIB. SOC. - MJM - DEMAIS,1617.37
2026,5,2011,60,1219991399000,DEMAIS CONTRIB. SOC. - DA - DEMAIS,109272.15
2026,5,2011,60,1219991499000,DEMAIS CONTRIB. SOC. - DA-MJM - DEMAIS,325216.16
2026,5,2011,60,1311020199000,CONC. PERM. AUTOR. CESSAO DIR. USO BENS IMOV. PUB. - PRINC. - DEMAIS,98919.11
2026,5,2011,60,1321010101000,REMUNERACAO DEPOSITOS BANCARIOS - PRINC.,4074846.4
2026,5,2011,60,1611010120000,SERVICOS ADM. COMERC. GER. - PRINC. - ADMINISTRACAO DE FUNDO DE PECULIO,150514.33
2026,5,2011,60,1611010199001,SERVICOS ADM. COMERC. GER. - PRINC. - DEMAIS - SERVICOS ADMINISTRATIVOS,5
2026,5,2011,60,1911090199000,MULTAS JUROS PREVISTOS CONTRATOS - PRINC. - DEMAIS,2388.04
2026,5,2011,60,1922990199000,OUTRAS RESTITUICOES - PRINC. - DEMAIS,107518.52
2026,5,2011,60,1999992199000,OUTRAS REC. - PRIMARIAS - PRINC. - DEMAIS,156106.03
2026,5,2011,60,7311011101000,REC. INTRA. - ALUGUEIS ARRENDAMENTOS - PRINC. - ALUGUEIS,34059.12
2026,5,2011,61,1631990105001,OUTROS SERV. ATEND. SAUDE - PRINC. - COPARTICIP. SEGURADOS - SERVICOS HOSPITALARES,4579863.01
2026,5,2011,61,1631990105002,OUTROS SERV. ATEND. SAUDE - PRINC. - COPARTICIP. SEGURADOS - SERVICOS ODONTOLOGICOS,264446.01
2026,5,2041,60,1321010101000,REMUNERACAO DEPOSITOS BANCARIOS - PRINC.,30542.03
2026,5,2041,60,1922990199000,OUTRAS RESTITUICOES - PRINC. - DEMAIS,914.96
2026,5,2041,60,1999992102000,OUTRAS REC. - PRIMARIAS - PRINC. - RENDAS DE LOTERIA INSTANTANEA,0
2026,5,2041,60,1999992103000,OUTRAS REC. - PRIMARIAS - PRINC. - RENDAS DE LOTERIA ONLINE,750476.72
2026,5,2041,60,1999992116000,OUTRAS REC. - PRIMARIAS - PRINC. - RENDAS DE LOTERIA CONVENCIONAL,31680.81
2026,5,2061,24,1321010101000,REMUNERACAO DEPOSITOS BANCARIOS - PRINC.,3094.02
2026,5,2061,60,1311011101000,ALUGUEIS ARRENDAMENTOS - PRINC. - ALUGUEIS,6495.25
2026,5,2061,60,1611010103000,"SERVICOS ADM. COMERC. GER. - PRINC. - COMERCIALIZACAO DE LIVROS, PERIODICOS, MATERIAIS ESCOLARES E PUBLICIDADE",75
2026,5,2061,60,1611010124000,SERVICOS ADM. COMERC. GER. - PRINC. - EDUCACIONAIS E CAPACITACAO,9468.13
2026,5,2061,60,1611010130000,SERVICOS ADM. COMERC. GER. - PRINC. - ESTUDOS E PESQUISA,119706.99
2026,5,2061,60,1611010199001,SERVICOS ADM. COMERC. GER. - PRINC. - DEMAIS - SERVICOS ADMINISTRATIVOS,45.8
2026,5,2061,60,1611030104000,SERVICOS REG. CERTIF. FISCALIZ. - PRINC. - EXPEDICAO DE CERTIFICADOS,68873.05
2026,5,2061,60,1922990199000,OUTRAS RESTITUICOES - PRINC. - DEMAIS,82139.13
2026,5,2061,60,7611010124000,REC. INTRA. - SERVICOS ADM. COMERC. GER. - PRINC. - EDUCACIONAIS E CAPACITACAO,10628.92
2026,5,2061,60,7611010130000,REC. INTRA. - SERVICOS ADM. COMERC. GER. - PRINC. - ESTUDOS E PESQUISA,30908.81
2026,5,2071,24,1321010101000,REMUNERACAO DEPOSITOS BANCARIOS - PRINC.,-10344.62
2026,5,2071,24,1922990199000,OUTRAS RESTITUICOES - PRINC. - DEMAIS,-0.01
2026,5,2071,60,1321010101000,REMUNERACAO DEPOSITOS BANCARIOS - PRINC.,3058.42
2026,5,2071,60,1922011101000,RESTITUICAO CONVENIOS - PRIMARIAS - PRINC.,2174275.75
2026,5,2071,68,1321010101000,REMUNERACAO DEPOSITOS BANCARIOS - PRINC.,137632.78
2026,5,2071,69,1321010101000,REMUNERACAO DEPOSITOS BANCARIOS - PRINC.,259512.29
2026,5,2091,9,1321010101000,REMUNERACAO DEPOSITOS BANCARIOS - PRINC.,50699.37
2026,5,2091,45,1321010101000,REMUNERACAO DEPOSITOS BANCARIOS - PRINC.,72797.56
2026,5,2091,52,1121040103000,TX. CONTR. FISC. AMBIENT. - PRINC. - TAXA DE CONTROLE E FISCALIZACAO AMBIENTAL,1222012.98
2026,5,2091,52,1121040203000,TX. CONTR. FISC. AMBIENT. - MJM - TAXA DE CONTROLE E FISCALIZACAO AMBIENTAL,419302.11
2026,5,2091,52,1922990199000,OUTRAS RESTITUICOES - PRINC. - DEMAIS,154.73
2026,5,2091,59,1921990101000,OUTRAS INDENIZACOES - PRINC. - IMPACTOS E DANOS AMBIENTAIS,156587.43
2026,5,2091,60,1699990301000,OUTROS SERVICOS - DA,335767.05
2026,5,2091,60,1911061101000,MULTAS ADM. DANOS AMBIENTAIS - PRINC.,491167.47
2026,5,2091,60,1922990199000,OUTRAS RESTITUICOES - PRINC. - DEMAIS,10120.88
2026,5,2091,79,1911061101000,MULTAS ADM. DANOS AMBIENTAIS - PRINC.,221938.22
2026,5,2091,91,1121040104000,TX. CONTR. FISC. AMBIENT. - PRINC. - TAXA DE REGULARIZACAO AMBIENTAL,4476.99
2026,5,2091,91,1121040109000,"TX. CONTR. FISC. AMBIENT. - PRINC. - TAXA DE REPROGRAFIA, CERTIDOES E JULGAMENTO DE CONTENCIOSO",110675.02
2026,5,2091,91,1122010101011,TX. PREST. SERV. G. - PRINC. - TX. EXP. - ATOS DE AUTORIDADE ADMINISTRATIVA DO SISTEMA ESTADUAL DE MEIO AMBIENTE E RECURSOS HIDRICOS - SISEMA,1053131.18
2026,5,2101,9,1321010101000,REMUNERACAO DEPOSITOS BANCARIOS - PRINC.,36023.71
2026,5,2101,26,1121040101000,TX. CONTR. FISC. AMBIENT. - PRINC. - TAXA FLORESTAL,9407966.07
2026,5,2101,26,1922990199000,OUTRAS RESTITUICOES - PRINC. - DEMAIS,15539.88
2026,5,2101,52,1121040103000,TX. CONTR. FISC. AMBIENT. - PRINC. - TAXA DE CONTROLE E FISCALIZACAO AMBIENTAL,222959.61
2026,5,2101,60,1611010116000,SERVICOS ADM. COMERC. GER. - PRINC. - MEIO AMBIENTE,2264.95
2026,5,2101,60,1611010121000,SERVICOS ADM. COMERC. GER. - PRINC. - GESTAO DE CRIADORES DE PASSEIFORMES SILVESTRES,83062.35
2026,5,2101,60,1699990301000,OUTROS SERVICOS - DA,466661.26
2026,5,2101,60,1911061101000,MULTAS ADM. DANOS AMBIENTAIS - PRINC.,599321.6
2026,5,2101,60,1922990199000,OUTRAS RESTITUICOES - PRINC. - DEMAIS,225.59
2026,5,2101,60,1999992199000,OUTRAS REC. - PRIMARIAS - PRINC. - DEMAIS,114424.05
2026,5,2101,61,1349010101000,COMPENSACOES AMBIENTAIS - PRINC. - REPOSICAO FLORESTAL,4666969.26
2026,5,2101,61,1349010102000,COMPENSACOES AMBIENTAIS - PRINC. - REPOSICAO DA PESCA,344.71
2026,5,2101,61,1349010199000,COMPENSACOES AMBIENTAIS - PRINC. - DEMAIS,1432906.75
2026,5,2101,61,1611010118000,SERVICOS ADM. COMERC. GER. - PRINC. - VISITACAO DAS UNIDADES DE CONSERVACAO DA NATUREZA,70830.05
2026,5,2101,68,1321010101000,REMUNERACAO DEPOSITOS BANCARIOS - PRINC.,10475.16
2026,5,2101,79,1911061101000,MULTAS ADM. DANOS AMBIENTAIS - PRINC.,192761.55
2026,5,2101,91,1121040105000,TX. CONTR. FISC. AMBIENT. - PRINC. - TAXA DA LEI DA PESCA,52996.77
2026,5,2101,91,1121040106000,TX. CONTR. FISC. AMBIENT. - PRINC. - TAXA DE LIBERACAO E MANEJO DA FAUNA E FLORA,35447.32
2026,5,2101,91,1121040107000,TX. CONTR. FISC. AMBIENT. - PRINC. - TAXA DA LEI DE POLITICA FLORESTAL,1060802.7
2026,5,2101,91,1121040109000,"TX. CONTR. FISC. AMBIENT. - PRINC. - TAXA DE REPROGRAFIA, CERTIDOES E JULGAMENTO DE CONTENCIOSO",12839.54
2026,5,2121,49,7219991103052,REC. INTRA. - DEMAIS CONTRIB. SOC. - PRINC. - IPSM - CONTRIB. PATRONAL - INATIVO CIVIL,470783.86
2026,5,2121,49,7219991103053,REC. INTRA. - DEMAIS CONTRIB. SOC. - PRINC. - IPSM - CONTRIB. PATRONAL MILITAR PARA A SAUDE - ATIVO,24591690.45
2026,5,2121,49,7219991103054,REC. INTRA. - DEMAIS CONTRIB. SOC. - PRINC. - IPSM - CONTRIB. PATRONAL MILITAR PARA A SAUDE - INATIVO,34394650.2
2026,5,2121,49,7219991103055,REC. INTRA. - DEMAIS CONTRIB. SOC. - PRINC. - IPSM - CONTRIB. PATRONAL MILITAR PARA A PREVIDENCIA - ATIVO,54736343.22
2026,5,2121,49,7219991103056,REC. INTRA. - DEMAIS CONTRIB. SOC. - PRINC. - IPSM - CONTRIB. PATRONAL MILITAR PARA A PREVIDENCIA - INATIVO,76575215.46
2026,5,2121,50,1219991103001,DEMAIS CONTRIB. SOC. - PRINC. - IPSM - CONTRIB. DO SERVIDOR CIVIL - ATIVO,2347.47
2026,5,2121,50,1219991103002,DEMAIS CONTRIB. SOC. - PRINC. - IPSM - CONTRIB. DO SERVIDOR CIVIL - INATIVO,252843.16
2026,5,2121,50,1219991103003,DEMAIS CONTRIB. SOC. - PRINC. - IPSM - CONTRIB. MILITAR PARA A SAUDE - ATIVO,11049983.15
2026,5,2121,50,1219991103004,DEMAIS CONTRIB. SOC. - PRINC. - IPSM - CONTRIB. MILITAR PARA A SAUDE - INATIVO,18552538.46
2026,5,2121,50,1219991103005,DEMAIS CONTRIB. SOC. - PRINC. - IPSM - CONTRIB. MILITAR PARA A PREVIDENCIA  - ATIVO,24595123.79
2026,5,2121,50,1219991103006,DEMAIS CONTRIB. SOC. - PRINC. - IPSM - CONTRIB. MILITAR PARA A PREVIDENCIA  - INATIVO,41563453.92
2026,5,2121,50,1219991103007,DEMAIS CONTRIB. SOC. - PRINC. - IPSM - CONTRIB. MILITAR PARA A PREVIDENCIA  - PENSIONISTA,789339.4
2026,5,2121,50,1922990199000,OUTRAS RESTITUICOES - PRINC. - DEMAIS,5380.72
2026,5,2121,60,1311011101000,ALUGUEIS ARRENDAMENTOS - PRINC. - ALUGUEIS,311443.32
2026,5,2121,60,1311011201000,ALUGUEIS ARRENDAMENTOS - MJM - ALUGUEIS,1965.06
2026,5,2121,60,1329990102000,OUTROS VALORES MOBILIARIOS - PRINC. - FUNDOS DE INVESTIMENTO,4646557.08
2026,5,2121,60,1611010199001,SERVICOS ADM. COMERC. GER. - PRINC. - DEMAIS - SERVICOS ADMINISTRATIVOS,214556.59
2026,5,2121,60,1611040105000,SERVICOS INFORMACAO TECNOLOGIA - PRINC. - PROCESSAMENTO DAS CONSIGNACOES DA FOLHA DE PESSOAL,125462.7
2026,5,2121,60,1631990105001,OUTROS SERV. ATEND. SAUDE - PRINC. - COPARTICIP. SEGURADOS - SERVICOS HOSPITALARES,9627735.4
2026,5,2121,60,1631990105002,OUTROS SERV. ATEND. SAUDE - PRINC. - COPARTICIP. SEGURADOS - SERVICOS ODONTOLOGICOS,1383449.86
2026,5,2121,60,1922990199000,OUTRAS RESTITUICOES - PRINC. - DEMAIS,8159.56
2026,5,2121,60,1999992199000,OUTRAS REC. - PRIMARIAS - PRINC. - DEMAIS,771373.18
2026,5,2151,60,1411010101000,REC. AGROPECUARIA - PRINC. - PRODUCAO VEGETAL,240
2026,5,2151,60,1611010199001,SERVICOS ADM. COMERC. GER. - PRINC. - DEMAIS - SERVICOS ADMINISTRATIVOS,42906
2026,5,2171,60,1699990101000,OUTROS SERVICOS - PRINC.,68289.29
2026,5,2181,60,1311011101000,ALUGUEIS ARRENDAMENTOS - PRINC. - ALUGUEIS,147000.2
2026,5,2181,60,1611010127000,SERVICOS ADM. COMERC. GER. - PRINC. - RECREATIVOS E CULTURAIS,11618.68
2026,5,2181,60,1921990199000,OUTRAS INDENIZACOES - PRINC. - DEMAIS,10119.09
2026,5,2201,9,1321010101000,REMUNERACAO DEPOSITOS BANCARIOS - PRINC.,1145.88
2026,5,2201,24,1321010101000,REMUNERACAO DEPOSITOS BANCARIOS - PRINC.,2192.69
2026,5,2201,45,1321010101000,REMUNERACAO DEPOSITOS BANCARIOS - PRINC.,73088.8
2026,5,2201,60,1699990101000,OUTROS SERVICOS - PRINC.,15
2026,5,2241,24,1321010101000,REMUNERACAO DEPOSITOS BANCARIOS - PRINC.,10361.15
2026,5,2241,60,1321010101000,REMUNERACAO DEPOSITOS BANCARIOS - PRINC.,1404.37
2026,5,2241,60,1699990301000,OUTROS SERVICOS - DA,28886.73
2026,5,2241,60,1911061101000,MULTAS ADM. DANOS AMBIENTAIS - PRINC.,4507.58
2026,5,2241,61,1345010101000,OUTORGA DIR. USO RECURSOS HIDRICOS - PRINC.,2356080.23
2026,5,2241,61,1345010301000,OUTORGA DIR. USO RECURSOS HIDRICOS - DA,21556.12
2026,5,2241,73,1321010101000,REMUNERACAO DEPOSITOS BANCARIOS - PRINC.,39567.11
2026,5,2241,79,1911061101000,MULTAS ADM. DANOS AMBIENTAIS - PRINC.,3222.42
2026,5,2241,91,1121040104000,TX. CONTR. FISC. AMBIENT. - PRINC. - TAXA DE REGULARIZACAO AMBIENTAL,936199.4
2026,5,2241,91,1121040109000,"TX. CONTR. FISC. AMBIENT. - PRINC. - TAXA DE REPROGRAFIA, CERTIDOES E JULGAMENTO DE CONTENCIOSO",48.64
2026,5,2251,60,1611030106000,SERVICOS REG. CERTIF. FISCALIZ. - PRINC. - REGISTRO DO COMERCIO,9100627.62
2026,5,2251,60,1922990199000,OUTRAS RESTITUICOES - PRINC. - DEMAIS,565.68
2026,5,2261,10,1922990101000,OUTRAS RESTITUICOES - PRINC. - RECURSOS ORIGINARIOS DO FUNDO ESTADUAL DE SAUDE - FES,88860.65
2026,5,2261,10,7729990125000,REC. INTRA. - OUTRAS TRANSF. ESTADOS DF - PRINC. - REPASSE DO FUNDO ESTADUAL DE SAUDE - FES - LC FEDERAL NO 141/12,49984721.31
2026,5,2261,24,1321010101000,REMUNERACAO DEPOSITOS BANCARIOS - PRINC.,2650.94
2026,5,2261,60,1311011101000,ALUGUEIS ARRENDAMENTOS - PRINC. - ALUGUEIS,1736.98
2026,5,2261,60,1511010101003,REC. INDUSTRIAL - PRINC. - INDUSTRIA TRANSFORMACAO - INDUSTRIA DE PRODUTOS FARMACEUTICOS E VETERINARIOS,55372407.6
2026,5,2261,60,1922990199000,OUTRAS RESTITUICOES - PRINC. - DEMAIS,116.14
2026,5,2261,60,7631520101000,REC. INTRA. - SERVICOS RADIOLOGICOS LABORATORIAIS - PRINC.,179797.65
2026,5,2271,10,1922990101000,OUTRAS RESTITUICOES - PRINC. - RECURSOS ORIGINARIOS DO FUNDO ESTADUAL DE SAUDE - FES,978241.87
2026,5,2271,10,7729990125000,REC. INTRA. - OUTRAS TRANSF. ESTADOS DF - PRINC. - REPASSE DO FUNDO ESTADUAL DE SAUDE - FES - LC FEDERAL NO 141/12,337665892.98
2026,5,2271,45,1321010101000,REMUNERACAO DEPOSITOS BANCARIOS - PRINC.,1115.45
2026,5,2271,47,2213010101000,ALIENACAO BENS MOVEIS E SEMOVENTES - PRINC.,100349.09
2026,5,2271,60,1311011101000,ALUGUEIS ARRENDAMENTOS - PRINC. - ALUGUEIS,6470.19
2026,5,2271,60,1321010101000,REMUNERACAO DEPOSITOS BANCARIOS - PRINC.,10.19
2026,5,2271,60,1631500101000,SERVICOS HOSPITALARES - PRINC.,30709116.01
2026,5,2271,60,1922990199000,OUTRAS RESTITUICOES - PRINC. - DEMAIS,7728.41
2026,5,2271,68,1321010101000,REMUNERACAO DEPOSITOS BANCARIOS - PRINC.,53783.74
2026,5,2271,68,1741500199000,SUS-SAUDE - OUTROS,347351.44
2026,5,2271,68,1922990199000,OUTRAS RESTITUICOES - PRINC. - DEMAIS,1877.1
2026,5,2271,68,2441990126001,SUS-SAUDE - INSTITUICOES DE ENSINO,348400
2026,5,2271,70,1321010101000,REMUNERACAO DEPOSITOS BANCARIOS - PRINC.,218712.11
2026,5,2271,70,1732500101000,SUS-SAUDE - DIVERSOS MUNICIPIOS,365665.58
2026,5,2281,36,1321010101000,REMUNERACAO DEPOSITOS BANCARIOS - PRINC.,48908.58
2026,5,2301,51,1321010101000,REMUNERACAO DEPOSITOS BANCARIOS - PRINC.,216150.58
2026,5,2301,60,1922990199000,OUTRAS RESTITUICOES - PRINC. - DEMAIS,3078.41
2026,5,2301,60,1999992199000,OUTRAS REC. - PRIMARIAS - PRINC. - DEMAIS,968315.31
2026,5,2301,60,1999992299000,OUTRAS REC. - PRIMARIAS - MJM - DEMAIS,469210.76
2026,5,2301,68,1321010101000,REMUNERACAO DEPOSITOS BANCARIOS - PRINC.,-158648.5
2026,5,2301,69,1321010101000,REMUNERACAO DEPOSITOS BANCARIOS - PRINC.,1291.28
2026,5,2301,70,1321010101000,REMUNERACAO DEPOSITOS BANCARIOS - PRINC.,162612.11
2026,5,2301,74,1321010101000,REMUNERACAO DEPOSITOS BANCARIOS - PRINC.,426979.67
2026,5,2301,74,2441990118002,TRANSPORTE - EMPRESAS DO SETOR SUCROENERGETICO,1374818.4
2026,5,2301,91,1122010101001,TX. PREST. SERV. G. - PRINC. - TX. EXP. - DEPARTAMENTO DE EDIFICACOES E ESTRADAS DE RODAGEM DO ESTADO DE MINAS GERAIS - DERMG,17326.44
2026,5,2301,91,1122010104000,TX. PREST. SERV. G. - PRINC. - TAXA DE GERENCIAMENTO DO SISTEMA TRANSPORTE RODOVIARIO INTERMUNICIPAL - DEPARTAMENTO DE EDIFICACOES E ESTRADAS DE RODAGEM DO ESTADO DE MINAS GERAIS - DERMG,0
2026,5,2301,91,1122010301006,TX. PREST. SERV. G. - DA - TX. EXP. - TRANSPORTE COLETIVO INTERMUNICIPAL - NOTIFICACAO,432.19
2026,5,2301,91,1122010401006,TX. PREST. SERV. G. - DA-MJM - TX. EXP. - TRANSPORTE COLETIVO INTERMUNICIPAL - NOTIFICACAO,1130.46
2026,5,2311,1,1321010101000,REMUNERACAO DEPOSITOS BANCARIOS - PRINC.,89.1
2026,5,2311,10,7729990125000,REC. INTRA. - OUTRAS TRANSF. ESTADOS DF - PRINC. - REPASSE DO FUNDO ESTADUAL DE SAUDE - FES - LC FEDERAL NO 141/12,12225731.57
2026,5,2311,24,1321010101000,REMUNERACAO DEPOSITOS BANCARIOS - PRINC.,27687.65
2026,5,2311,36,1321010101000,REMUNERACAO DEPOSITOS BANCARIOS - PRINC.,43657.8
2026,5,2311,60,1311011101000,ALUGUEIS ARRENDAMENTOS - PRINC. - ALUGUEIS,9356.54
2026,5,2311,60,1321010101000,REMUNERACAO DEPOSITOS BANCARIOS - PRINC.,5091.5
2026,5,2311,60,1611010124000,SERVICOS ADM. COMERC. GER. - PRINC. - EDUCACIONAIS E CAPACITACAO,165
2026,5,2311,60,1611020101000,INSCRICAO CONCURSOS PROCESSOS SELETIVOS - PRINC.,152605
2026,5,2311,60,1631500101000,SERVICOS HOSPITALARES - PRINC.,1142773.29
2026,5,2311,60,1922990199000,OUTRAS RESTITUICOES - PRINC. - DEMAIS,6442.64
2026,5,2311,70,1321010101000,REMUNERACAO DEPOSITOS BANCARIOS - PRINC.,159339.16
2026,5,2311,70,1732500101000,SUS-SAUDE - DIVERSOS MUNICIPIOS,2442133.1
2026,5,2321,1,1321010101000,REMUNERACAO DEPOSITOS BANCARIOS - PRINC.,11.39
2026,5,2321,10,1922990101000,OUTRAS RESTITUICOES - PRINC. - RECURSOS ORIGINARIOS DO FUNDO ESTADUAL DE SAUDE - FES,84619.37
2026,5,2321,24,1321010101000,REMUNERACAO DEPOSITOS BANCARIOS - PRINC.,-578679.59
2026,5,2321,24,1717500101000,SUS-SAUDE - MINISTERIO DA SAUDE,578886
2026,5,2321,24,2414500101000,SUS-SAUDE - MINISTERIO DA SAUDE,0
2026,5,2321,60,1631500101000,SERVICOS HOSPITALARES - PRINC.,86426.88
2026,5,2321,60,1631530101000,SERVICOS AMBULATORIAIS - PRINC.,162285.46
2026,5,2321,60,1631990102000,"OUTROS SERV. ATEND. SAUDE - PRINC. - SERVICOS DE COLETA, PROCESSAMENTO E ARMAZENAMENTO DE CELULAS E TECIDOS BIOLOGICOS",152410.45
2026,5,2321,60,1631990104000,OUTROS SERV. ATEND. SAUDE - PRINC. - SERVICOS DE SAUDE PRESTADOS A PARTICULARES,1959700.8
2026,5,2321,60,1631990204000,OUTROS SERV. ATEND. SAUDE - MJM - SERVICOS DE SAUDE PRESTADOS A PARTICULARES,3105.16
2026,5,2321,60,1911090199000,MULTAS JUROS PREVISTOS CONTRATOS - PRINC. - DEMAIS,38906.62
2026,5,2321,60,1922990199000,OUTRAS RESTITUICOES - PRINC. - DEMAIS,0
2026,5,2321,60,7631990103000,REC. INTRA. - OUTROS SERV. ATEND. SAUDE - PRINC. - SERVICOS DE SAUDE PRESTADOS AO SIA/SUS,9623687.7
2026,5,2331,73,1321010101000,REMUNERACAO DEPOSITOS BANCARIOS - PRINC.,23137.26
2026,5,2331,73,1717990106001,"CIENCIA TECNOLOGIA - INSTITUTO NACIONAL DE METROLOGIA, QUALIDADE E TECNOLOGIA - INMETRO",3712684.63
2026,5,2331,73,1922990199000,OUTRAS RESTITUICOES - PRINC. - DEMAIS,9486.06
2026,5,2351,60,1311011102000,ALUGUEIS ARRENDAMENTOS - PRINC. - ARRENDAMENTOS,13980.33
2026,5,2351,60,1611010124000,SERVICOS ADM. COMERC. GER. - PRINC. - EDUCACIONAIS E CAPACITACAO,6194.99
2026,5,2351,60,1922990199000,OUTRAS RESTITUICOES - PRINC. - DEMAIS,8477.66
2026,5,2361,60,1219991101001,DEMAIS CONTRIB. SOC. - PRINC. - CONTRIB. PATRON. CIVIL SAUDE - SERVIDOR ATIVO,188824.29
2026,5,2361,60,1219991104002,DEMAIS CONTRIB. SOC. - PRINC. - IPLEMG - CONTRIB. DO SEGURADO - INATIVO,522649.21
2026,5,2361,60,1219991104003,DEMAIS CONTRIB. SOC. - PRINC. - IPLEMG - CONTRIB. DO SEGURADO - PENSIONISTA,340579.9
2026,5,2361,60,1219991104052,DEMAIS CONTRIB. SOC. - PRINC. - IPLEMG - CONTRIB. PATRONAL - EXERCENTE DE MANDATO ELETIVO FEDERAL OU MUNICIPAL,133091.34
2026,5,2361,60,1321010101000,REMUNERACAO DEPOSITOS BANCARIOS - PRINC.,7915565.86
2026,5,2361,60,1641010101000,RETORNO OPER. JUROS ENCARG. FINANCEIROS - PRINC. - JUROS DE EMPRESTIMOS,103769.37
2026,5,2361,60,1999992199000,OUTRAS REC. - PRIMARIAS - PRINC. - DEMAIS,1216487.93
2026,5,2361,60,7219991104051,REC. INTRA. - DEMAIS CONTRIB. SOC. - PRINC. - IPLEMG - CONTRIB. PATRONAL - EXERCENTE DE MANDATO ESTADUAL,231042.68
2026,5,2361,60,7999992105000,REC. INTRA. - OUTRAS REC. - PRIMARIAS - PRINC. - RESERVA TECNICA OBRIGATORIA - EQUILIBRIO ATUARIAL,996083
2026,5,2371,24,1321010101000,REMUNERACAO DEPOSITOS BANCARIOS - PRINC.,2250.71
2026,5,2371,47,2213010101000,ALIENACAO BENS MOVEIS E SEMOVENTES - PRINC.,3020
2026,5,2371,60,1321010101000,REMUNERACAO DEPOSITOS BANCARIOS - PRINC.,45.93
2026,5,2371,60,1611010125000,SERVICOS ADM. COMERC. GER. - PRINC. - AGROPECUARIOS,61428.28
2026,5,2371,60,1611030104000,SERVICOS REG. CERTIF. FISCALIZ. - PRINC. - EXPEDICAO DE CERTIFICADOS,146151.09
2026,5,2371,60,1611030106000,SERVICOS REG. CERTIF. FISCALIZ. - PRINC. - REGISTRO DO COMERCIO,41370.81
2026,5,2371,60,1611030199000,SERVICOS REG. CERTIF. FISCALIZ. - PRINC. - DEMAIS,112177.78
2026,5,2371,60,1699990101000,OUTROS SERVICOS - PRINC.,49696.74
2026,5,2371,60,1922990199000,OUTRAS RESTITUICOES - PRINC. - DEMAIS,205.11
2026,5,2371,60,1999992299000,OUTRAS REC. - PRIMARIAS - MJM - DEMAIS,1076609.02
2026,5,2371,91,1122010101003,TX. PREST. SERV. G. - PRINC. - TX. EXP. - INSTITUTO MINEIRO DE AGROPECUARIA - IMA,6346666.65
2026,5,2371,91,1321010101000,REMUNERACAO DEPOSITOS BANCARIOS - PRINC.,183.81
2026,5,2421,1,1321010101000,REMUNERACAO DEPOSITOS BANCARIOS - PRINC.,2396.71
2026,5,2421,24,1321010101000,REMUNERACAO DEPOSITOS BANCARIOS - PRINC.,187403
2026,5,2421,24,1717530101000,COMBATE FOME - MINISTERIO DE DESENVOLVIMENTO SOCIAL E COMBATE A FOME,5000000
2026,5,2431,60,1611010199001,SERVICOS ADM. COMERC. GER. - PRINC. - DEMAIS - SERVICOS ADMINISTRATIVOS,51892.53
2026,5,2441,59,1121010104000,TX. INSP. CONTR. FISC. - PRINC. - TAXA DE FISCALIZACAO SOBRE SERVICOS PUBLICOS DE ABASTECIMENTO DE AGUA E SANEAMENTO,3391046.52
2026,5,2441,59,1922990199000,OUTRAS RESTITUICOES - PRINC. - DEMAIS,1064.04
2026,5,2461,24,1717990122001,URBANISMO - MINISTERIO DAS CIDADES,2804783.47
2026,5,3041,60,1611010128000,"SERVICOS ADM. COMERC. GER. - PRINC. - CONSULTORIA, ASSISTENCIA TECNICA E ANALISE DE PROJETOS",1892064.58
2026,5,3041,60,7699990101000,REC. INTRA. - OUTROS SERVICOS - PRINC.,2990928
2026,5,3041,67,1732990108001,AGROPECUARIA - DIVERSOS MUNICIPIOS,9165057.17
2026,5,3051,24,1717990105006,AGROPECUARIA - EMPRESA BRASILEIRA DE PESQUISA AGROPECUARIA - EMBRAPA,711186
2026,5,3051,47,2213010101000,ALIENACAO BENS MOVEIS E SEMOVENTES - PRINC.,707709
2026,5,3051,60,1411010101000,REC. AGROPECUARIA - PRINC. - PRODUCAO VEGETAL,771991.49
2026,5,3051,60,1411010102999,REC. AGROPECUARIA - PRINC. - PRODUCAO ANIMAL DERIVADOS - OUTROS,745735.64
2026,5,3051,60,1511010101004,REC. INDUSTRIAL - PRINC. - INDUSTRIA TRANSFORMACAO - INDUSTRIA DE PRODUTOS ALIMENTARES,81392.64
2026,5,3051,60,1611010130000,SERVICOS ADM. COMERC. GER. - PRINC. - ESTUDOS E PESQUISA,103125.4
2026,5,3051,60,1611040102000,SERVICOS INFORMACAO TECNOLOGIA - PRINC. - INFORMACOES CIENTIFICAS E TECNOLOGICAS,6476.92
2026,5,3051,60,1999992199000,OUTRAS REC. - PRIMARIAS - PRINC. - DEMAIS,5442.96
2026,5,3051,60,7411010101000,REC. INTRA. - REC. AGROPECUARIA - PRINC. - PRODUCAO VEGETAL,106950
2026,5,3151,60,1611010107000,SERVICOS ADM. COMERC. GER. - PRINC. - COMUNICACAO,781969.72
2026,5,4031,60,1311020101000,CONC. PERM. AUTOR. CESSAO DIR. USO BENS IMOV. PUB. - PRINC. - CONCESSAO DE DIREITO REAL DE USO DE AREA PUBLICA,103766.57
2026,5,4031,60,1321010101000,REMUNERACAO DEPOSITOS BANCARIOS - PRINC.,72813503.4
2026,5,4031,60,1611010101000,SERVICOS ADM. COMERC. GER. - PRINC. - ADMINISTRACAO DE DEPOSITOS JUDICIAIS,52262943.06
2026,5,4031,60,1611010123002,SERVICOS ADM. COMERC. GER. - PRINC. - PODER JUDIC. - DESPESAS PROCESSUAIS,4766648.49
2026,5,4031,60,1611010323002,SERVICOS ADM. COMERC. GER. - DA - PODER JUDIC. - DESPESAS PROCESSUAIS,122491.14
2026,5,4031,60,1611010423002,SERVICOS ADM. COMERC. GER. - DA-MJM - PODER JUDIC. - DESPESAS PROCESSUAIS,32794.73
2026,5,4031,60,1611020101000,INSCRICAO CONCURSOS PROCESSOS SELETIVOS - PRINC.,716
2026,5,4031,60,1611040105000,SERVICOS INFORMACAO TECNOLOGIA - PRINC. - PROCESSAMENTO DAS CONSIGNACOES DA FOLHA DE PESSOAL,194496.97
2026,5,4031,60,1911010308001,MULTAS LEGISL. ESPECIFICA - DA - MULTA ADM. DISCIPLINAR - NOTARIOS REGISTRADORES - PRINC.,3576.07
2026,5,4031,60,1911090199000,MULTAS JUROS PREVISTOS CONTRATOS - PRINC. - DEMAIS,23512.61
2026,5,4031,60,1911090399000,MULTAS JUROS PREVISTOS CONTRATOS - DA,6305
2026,5,4031,60,1911090499000,MULTAS JUROS PREVISTOS CONTRATOS - DA-MJM - DEMAIS,1816.03
2026,5,4031,60,1921990199000,OUTRAS INDENIZACOES - PRINC. - DEMAIS,138.01
2026,5,4031,60,1922990199000,OUTRAS RESTITUICOES - PRINC. - DEMAIS,5558.47
2026,5,4031,60,1999992109001,OUTRAS REC. - PRIMARIAS - PRINC. - EXCEDENTE TETO INTERINOS - PRINC.,24876742.33
2026,5,4031,60,1999992109002,OUTRAS REC. - PRIMARIAS - PRINC. - EXCEDENTE TETO INTERINOS - CORRECAO MONETARIA,17002.07
2026,5,4031,60,1999992199000,OUTRAS REC. - PRIMARIAS - PRINC. - DEMAIS,4223.19
2026,5,4031,60,1999992209001,OUTRAS REC. - PRIMARIAS - MJM - EXCEDENTE TETO INTERINOS - PRINC.,45965.51
2026,5,4031,60,7311020101000,REC. INTRA. - CONC. PERM. AUTOR. CESSAO DIR. USO BENS IMOV. PUB. - PRINC. - CONCESSAO DE DIREITO REAL DE USO DE AREA PUBLICA,210707.01
2026,5,4031,60,7611010101000,REC. INTRA. - SERVICOS ADM. COMERC. GER. - PRINC. - ADMINISTRACAO DE DEPOSITOS JUDICIAIS,6927208.85
2026,5,4031,61,1611010123003,SERVICOS ADM. COMERC. GER. - PRINC. - PODER JUDIC. - VERBA INDENIZATORIA DE TRANSPORTE CUSTEADA PELAS PARTES,7330036.31
2026,5,4031,70,1321010101000,REMUNERACAO DEPOSITOS BANCARIOS - PRINC.,1372.5
2026,5,4031,70,1732990105001,ACOES JUDICIARIAS - DIVERSOS MUNICIPIOS,20000
2026,5,4031,77,1121010102000,TX. INSP. CONTR. FISC. - PRINC. - TAXA DE FISCALIZACAO JUDICIARIA,151792723.58
2026,5,4031,77,1121010202000,TX. INSP. CONTR. FISC. - MJM - TAXA DE FISCALIZACAO JUDICIARIA,202853.82
2026,5,4031,77,1121010302000,TX. INSP. CONTR. FISC. - DA - TAXA DE FISCALIZACAO JUDICIARIA,21183.03
2026,5,4031,77,1121010402000,TX. INSP. CONTR. FISC. - DA-MJM - TAXA DE FISCALIZACAO JUDICIARIA,31917.02
2026,5,4031,77,1122020101000,EMOLUMENTOS CUSTAS JUDICIAIS - PRINC. - CUSTAS JUDICIAIS - JUSTICA COMUM,24821010.98
2026,5,4031,77,1122020102000,EMOLUMENTOS CUSTAS JUDICIAIS - PRINC. - CUSTAS JUDICIAIS - JUIZADO ESPECIAL,2014787.3
2026,5,4031,77,1122020103000,EMOLUMENTOS CUSTAS JUDICIAIS - PRINC. - TAXA JUDICIARIA,19111503.31
2026,5,4031,77,1122020301000,EMOLUMENTOS CUSTAS JUDICIAIS - DA - CUSTAS JUDICIAIS - JUSTICA COMUM,441189.16
2026,5,4031,77,1122020302000,EMOLUMENTOS CUSTAS JUDICIAIS - DA - CUSTAS JUDICIAIS - JUIZADO ESPECIAL,57083.14
2026,5,4031,77,1122020303000,EMOLUMENTOS CUSTAS JUDICIAIS - DA - TAXA JUDICIARIA,175854.6
2026,5,4031,77,1122020401000,EMOLUMENTOS CUSTAS JUDICIAIS - DA-MJM - CUSTAS JUDICIAIS - JUSTICA COMUM,116610.01
2026,5,4031,77,1122020402000,EMOLUMENTOS CUSTAS JUDICIAIS - DA-MJM - CUSTAS JUDICIAIS - JUIZADO ESPECIAL,14581.1
2026,5,4031,77,1122020403000,EMOLUMENTOS CUSTAS JUDICIAIS - DA-MJM - TAXA JUDICIARIA,52314.36
2026,5,4031,77,1911080101000,MULTAS SENTENCAS JUDICIAIS - PRINC. - MULTAS PECUNIARIAS E JUROS DE MORA,163347.06
2026,5,4031,77,1911080301000,MULTAS SENTENCAS JUDICIAIS - DA - MULTAS PECUNIARIAS E JUROS DE MORA,1453.79
2026,5,4031,77,1911080401000,MULTAS SENTENCAS JUDICIAIS - DA-MJM - MULTAS PECUNIARIAS E JUROS DE MORA,242.39
2026,5,4091,45,1741990141999,DIR. HUMANOS CIDADANIA - OUTROS,83.74
2026,5,4091,45,1791990114000,OUTRAS TRANSF. PESSOAS FISICAS - PRINC. - DIREITOS HUMANOS E DE CIDADANIA,100
2026,5,4091,60,1911010199000,MULTAS LEGISL. ESPECIFICA - PRINC. - DEMAIS,-9325.15
2026,5,4101,60,2311071199000,AMORTIZACAO FINANCIAMENTOS GERAL - PRINC. - DEMAIS,3021022.28
2026,5,4111,60,1641010101000,RETORNO OPER. JUROS ENCARG. FINANCEIROS - PRINC. - JUROS DE EMPRESTIMOS,259990.32
2026,5,4111,60,2311071199000,AMORTIZACAO FINANCIAMENTOS GERAL - PRINC. - DEMAIS,22493.64
2026,5,4111,61,1641010101000,RETORNO OPER. JUROS ENCARG. FINANCEIROS - PRINC. - JUROS DE EMPRESTIMOS,22607.85
2026,5,4111,61,2311071199000,AMORTIZACAO FINANCIAMENTOS GERAL - PRINC. - DEMAIS,1955.97
2026,5,4121,60,1321010101000,REMUNERACAO DEPOSITOS BANCARIOS - PRINC.,4784580.97
2026,5,4121,60,1641010101000,RETORNO OPER. JUROS ENCARG. FINANCEIROS - PRINC. - JUROS DE EMPRESTIMOS,58163.52
2026,5,4121,60,2311060101000,AMORTIZACAO EMPRESTIMOS CONTRATUAIS - PRINC.,474943.85
2026,5,4141,39,1911080101000,MULTAS SENTENCAS JUDICIAIS - PRINC. - MULTAS PECUNIARIAS E JUROS DE MORA,32602.54
2026,5,4141,39,1911080201000,MULTAS SENTENCAS JUDICIAIS - MJM - MULTAS PECUNIARIAS E JUROS DE MORA,0
2026,5,4141,39,1911080301000,MULTAS SENTENCAS JUDICIAIS - DA - MULTAS PECUNIARIAS E JUROS DE MORA,180175.1
2026,5,4141,39,1911080401000,MULTAS SENTENCAS JUDICIAIS - DA-MJM - MULTAS PECUNIARIAS E JUROS DE MORA,0
2026,5,4141,57,1321010101000,REMUNERACAO DEPOSITOS BANCARIOS - PRINC.,202843.96
2026,5,4251,5,1321010101000,REMUNERACAO DEPOSITOS BANCARIOS - PRINC.,0
2026,5,4251,56,1321010101000,REMUNERACAO DEPOSITOS BANCARIOS - PRINC.,19089.39
2026,5,4251,56,1716500199000,TRANSF. RECURSOS FNAS - PRINC. - DEMAIS,0
2026,5,4291,24,1321010101000,REMUNERACAO DEPOSITOS BANCARIOS - PRINC.,60954.54
2026,5,4291,37,1321010101000,REMUNERACAO DEPOSITOS BANCARIOS - PRINC.,159726.71
2026,5,4291,57,1321010101000,REMUNERACAO DEPOSITOS BANCARIOS - PRINC.,0
2026,5,4291,57,1713505104000,TRANSF. BLOCO MANUT. ASPS - GESTAO SUS - PRINC. - PISO DA ENFERMAGEM,4059248.76
2026,5,4291,60,1321010101000,REMUNERACAO DEPOSITOS BANCARIOS - PRINC.,1022557.57
2026,5,4291,60,1631990199000,OUTROS SERV. ATEND. SAUDE - PRINC. - DEMAIS,3533673.43
2026,5,4291,60,1922990199000,OUTRAS RESTITUICOES - PRINC. - DEMAIS,1365451
2026,5,4291,63,1321010101000,REMUNERACAO DEPOSITOS BANCARIOS - PRINC.,0
2026,5,4291,92,1713502101001,TRANSF. BLOCO MANUT. ASPS - ATENCAO ESPECIALIZADA - PRINC. - ATENCAO MAC - PRESTADORES AMBULATORIAIS E HOSPITALARES,6325984.32
2026,5,4291,92,1713502101002,TRANSF. BLOCO MANUT. ASPS - ATENCAO ESPECIALIZADA - PRINC. - ATENCAO MAC - SAMU,12595481.6
2026,5,4291,92,1713502101003,TRANSF. BLOCO MANUT. ASPS - ATENCAO ESPECIALIZADA - PRINC. - ATENCAO MAC - TRANSPLANTES,507349.86
2026,5,4291,92,1713503101000,TRANSF. BLOCO MANUT. ASPS - VIGILANCIA SAUDE - PRINC. - VIGILANCIA EPIDEMIOLOGICA,3402125.28
2026,5,4291,92,1713503102000,TRANSF. BLOCO MANUT. ASPS - VIGILANCIA SAUDE - PRINC. - HIV-AIDS,217775
2026,5,4291,92,1713503103000,TRANSF. BLOCO MANUT. ASPS - VIGILANCIA SAUDE - PRINC. - VIGILANCIA SANITARIA,685299
2026,5,4291,92,1922990199000,OUTRAS RESTITUICOES - PRINC. - DEMAIS,690.6
2026,5,4291,98,1321010101000,REMUNERACAO DEPOSITOS BANCARIOS - PRINC.,1.56
2026,5,4331,59,1999992299000,OUTRAS REC. - PRIMARIAS - MJM - DEMAIS,7816.51
2026,5,4381,54,1121010103000,TX. INSP. CONTR. FISC. - PRINC. - TAXA DE LICENCIAMENTO PARA USO OU OCUPACAO DA FAIXA DE DOMINIO DAS RODOVIAS,957016.75
2026,5,4381,54,1121010203000,TX. INSP. CONTR. FISC. - MJM - TAXA DE LICENCIAMENTO PARA USO OU OCUPACAO DA FAIXA DE DOMINIO DAS RODOVIAS,17056.49
2026,5,4381,60,1611030199000,SERVICOS REG. CERTIF. FISCALIZ. - PRINC. - DEMAIS,2162812.83
2026,5,4381,60,1911090199000,MULTAS JUROS PREVISTOS CONTRATOS - PRINC. - DEMAIS,248175.58
2026,5,4381,83,1911010103002,MULTAS LEGISL. ESPECIFICA - PRINC. - LEGISL. TRANSITO - COTA PARTE DO DEPARTAMENTO DE EDIFICACOES E ESTRADAS DE RODAGEM DO ESTADO DE MINAS GERAIS - DERMG,17477978.12
2026,5,4381,83,1911010103003,MULTAS LEGISL. ESPECIFICA - PRINC. - LEGISL. TRANSITO - COTA PARTE DO FUNDO NACIONAL DE SEGURANCA E EDUCACAO NO TRANSITO - FUNSET,1314566.34
2026,5,4381,83,9911010103003,DEDUCAO REC. - MULTAS LEGISL. ESPECIFICA - PRINC. - LEGISL. TRANSITO - COTA PARTE DO FUNDO NACIONAL DE SEGURANCA E EDUCACAO NO TRANSITO - FUNSET,-1314566.34
2026,5,4421,39,1911080101000,MULTAS SENTENCAS JUDICIAIS - PRINC. - MULTAS PECUNIARIAS E JUROS DE MORA,383100.53
2026,5,4441,60,1321010101000,REMUNERACAO DEPOSITOS BANCARIOS - PRINC.,1960512.84
2026,5,4441,60,1911040103000,MULTAS LEGISL. DEFESA DIR. DIFUSOS - PRINC. - TERMO DE AJUSTAMENTO DE CONDUTA - TAC,4117763.55
2026,5,4441,60,1922990199000,OUTRAS RESTITUICOES - PRINC. - DEMAIS,305
2026,5,4451,60,1321010101000,REMUNERACAO DEPOSITOS BANCARIOS - PRINC.,2045686.5
2026,5,4451,60,1911040102000,MULTAS LEGISL. DEFESA DIR. DIFUSOS - PRINC. - APLICADAS PELO PROCON-MG,3660899.31
2026,5,4491,59,1999992199000,OUTRAS REC. - PRIMARIAS - PRINC. - DEMAIS,4070883.79
2026,5,4541,60,1641010101000,RETORNO OPER. JUROS ENCARG. FINANCEIROS - PRINC. - JUROS DE EMPRESTIMOS,192982.48
2026,5,4541,60,2311060101000,AMORTIZACAO EMPRESTIMOS CONTRATUAIS - PRINC.,2098353.42
2026,5,4551,59,1219991106000,DEMAIS CONTRIB. SOC. - PRINC. - PECULIO,4543717.15
2026,5,4551,59,1219991107000,DEMAIS CONTRIB. SOC. - PRINC. - SEGURO COLETIVO,2191196.47
2026,5,4551,59,1219991108000,DEMAIS CONTRIB. SOC. - PRINC. - SEGURO DO CONJUGE,91299.85
2026,5,4611,60,1311020101000,CONC. PERM. AUTOR. CESSAO DIR. USO BENS IMOV. PUB. - PRINC. - CONCESSAO DE DIREITO REAL DE USO DE AREA PUBLICA,34782.71
2026,5,4611,60,1321010101000,REMUNERACAO DEPOSITOS BANCARIOS - PRINC.,364776
2026,5,4611,60,1922990199000,OUTRAS RESTITUICOES - PRINC. - DEMAIS,6925.91
2026,5,4611,60,1999992199000,OUTRAS REC. - PRIMARIAS - PRINC. - DEMAIS,320.9
2026,5,4611,60,1999992299000,OUTRAS REC. - PRIMARIAS - MJM - DEMAIS,88697.17
2026,5,4621,60,1641010101000,RETORNO OPER. JUROS ENCARG. FINANCEIROS - PRINC. - JUROS DE EMPRESTIMOS,12123.14
2026,5,4621,60,2311071199000,AMORTIZACAO FINANCIAMENTOS GERAL - PRINC. - DEMAIS,154785.16
2026,5,4631,60,1321010101000,REMUNERACAO DEPOSITOS BANCARIOS - PRINC.,1019100.32
2026,5,4631,60,1911090101003,MULTAS JUROS PREVISTOS CONTRATOS - PRINC. - PPP - DIREITOS DA CIDADANIA,242484.02
2026,5,4691,57,1321010101000,REMUNERACAO DEPOSITOS BANCARIOS - PRINC.,1184516.97
2026,5,4701,57,1321010101000,REMUNERACAO DEPOSITOS BANCARIOS - PRINC.,259992.77
2026,5,4701,57,1719990125003,TRABALHO - MINISTERIO DO TRABALHO E EMPREGO,1738374
2026,5,4711,42,7215021101001,REC. INTRA. - CONTRIB. PATRON. - SERV. CIVIL ATIVO - PRINC. - EXECUTIVO - CONTRIB. ORDINARIA,243477172.22
2026,5,4711,42,7215021101002,REC. INTRA. - CONTRIB. PATRON. - SERV. CIVIL ATIVO - PRINC. - EXECUTIVO - CONTRIB. SUPLEMENTAR,205103192.18
2026,5,4711,42,7215021102001,REC. INTRA. - CONTRIB. PATRON. - SERV. CIVIL ATIVO - PRINC. - ALMG - CONTRIB. ORDINARIA,10062665.5
2026,5,4711,42,7215021103001,REC. INTRA. - CONTRIB. PATRON. - SERV. CIVIL ATIVO - PRINC. - TCEMG - CONTRIB. ORDINARIA,8051970
2026,5,4711,42,7215021104001,REC. INTRA. - CONTRIB. PATRON. - SERV. CIVIL ATIVO - PRINC. - TJMG - CONTRIB. ORDINARIA,1610975.24
2026,5,4711,42,7215021105001,REC. INTRA. - CONTRIB. PATRON. - SERV. CIVIL ATIVO - PRINC. - TJMMG - CONTRIB. ORDINARIA,977833.3
2026,5,4711,42,7215021106001,REC. INTRA. - CONTRIB. PATRON. - SERV. CIVIL ATIVO - PRINC. - MPMG - CONTRIB. ORDINARIA,55675564.4
2026,5,4711,42,7215021107001,REC. INTRA. - CONTRIB. PATRON. - SERV. CIVIL ATIVO - PRINC. - DEFPUB - CONTRIB. ORDINARIA,7460379.56
2026,5,4711,43,1215011101000,CONTRIB. SERV. CIVIL ATIVO - PRINC. - PODER EXECUTIVO,121921544.62
2026,5,4711,43,1215011102000,CONTRIB. SERV. CIVIL ATIVO - PRINC. - ASSEMBLEIA LEGISLATIVA DO ESTADO DE MINAS GERAIS - ALMG,5031258.67
2026,5,4711,43,1215011103000,CONTRIB. SERV. CIVIL ATIVO - PRINC. - TRIBUNAL DE CONTAS DO ESTADO DE MINAS GERAIS - TCEMG,4065352.42
2026,5,4711,43,1215011104000,CONTRIB. SERV. CIVIL ATIVO - PRINC. - TRIBUNAL DE JUSTICA DO ESTADO DE MINAS GERAIS - TJMG,41906492.86
2026,5,4711,43,1215011105000,CONTRIB. SERV. CIVIL ATIVO - PRINC. - TRIBUNAL DE JUSTICA MILITAR DO ESTADO DE MINAS GERAIS - TJMMG,510591.87
2026,5,4711,43,1215011106000,CONTRIB. SERV. CIVIL ATIVO - PRINC. - MINISTERIO PUBLICO DO ESTADO DE MINAS GERAIS - MPMG,27837782.2
2026,5,4711,43,1215011107000,CONTRIB. SERV. CIVIL ATIVO - PRINC. - DEFENSORIA PUBLICA DO ESTADO DE MINAS GERAIS - DEFPUB,3714350.53
2026,5,4711,43,1215011199001,CONTRIB. SERV. CIVIL ATIVO - PRINC. - DEMAIS - PESSOAL LICENCIADO/A DISPOSICAO,2412386.66
2026,5,4711,43,1215012101000,CONTRIB. SERV. CIVIL INATIVO - PRINC. - PODER EXECUTIVO,61899436.15
2026,5,4711,43,1215012102000,CONTRIB. SERV. CIVIL INATIVO - PRINC. - ASSEMBLEIA LEGISLATIVA DO ESTADO DE MINAS GERAIS - ALMG,5370594.77
2026,5,4711,43,1215012103000,CONTRIB. SERV. CIVIL INATIVO - PRINC. - TRIBUNAL DE CONTAS DO ESTADO DE MINAS GERAIS - TCEMG,5146835.71
2026,5,4711,43,1215012104000,CONTRIB. SERV. CIVIL INATIVO - PRINC. - TRIBUNAL DE JUSTICA DO ESTADO DE MINAS GERAIS - TJMG,19319873.49
2026,5,4711,43,1215012105000,CONTRIB. SERV. CIVIL INATIVO - PRINC. - TRIBUNAL DE JUSTICA MILITAR DO ESTADO DE MINAS GERAIS - TJMMG,226980.16
2026,5,4711,43,1215012106000,CONTRIB. SERV. CIVIL INATIVO - PRINC. - MINISTERIO PUBLICO DO ESTADO DE MINAS GERAIS - MPMG,7192654.38
2026,5,4711,43,1215012107000,CONTRIB. SERV. CIVIL INATIVO - PRINC. - DEFENSORIA PUBLICA DO ESTADO DE MINAS GERAIS - DEFPUB,1415634.13
2026,5,4711,43,1215013101000,CONTRIB. SERV. CIVIL - PENSIONISTAS - PRINC. - PODER EXECUTIVO,15725530.67
2026,5,4711,43,1215013102000,CONTRIB. SERV. CIVIL - PENSIONISTAS - PRINC. - ASSEMBLEIA LEGISLATIVA DO ESTADO DE MINAS GERAIS - ALMG,17306.63
2026,5,4711,43,1215013104000,CONTRIB. SERV. CIVIL - PENSIONISTAS - PRINC. - TRIBUNAL DE JUSTICA DO ESTADO DE MINAS GERAIS - TJMG,5861345.03
2026,5,4711,43,1215013105000,CONTRIB. SERV. CIVIL - PENSIONISTAS - PRINC. - TRIBUNAL DE JUSTICA MILITAR DO ESTADO DE MINAS GERAIS - TJMMG,13848.73
2026,5,4711,43,1215013106000,CONTRIB. SERV. CIVIL - PENSIONISTAS - PRINC. - MINISTERIO PUBLICO DO ESTADO DE MINAS GERAIS - MPMG,2243105.48
2026,5,4711,43,1215014101000,CONTRIB. ORIUNDA SENT. JUDIC. - SERV. CIVIL ATIVO - PRINC.,1654901.47
2026,5,4711,43,1215015101000,CONTRIB. ORIUNDA SENT. JUDIC. - SERV. CIVIL INATIVO - PRINC.,1654366.55
2026,5,4711,44,1999030101000,COMPENSACOES FINANCEIRAS REGIMES DE PREVIDENCIA - PRINC.,22308402.23
2026,5,4711,60,1922990199000,OUTRAS RESTITUICOES - PRINC. - DEMAIS,4494.67
2026,5,4711,61,1219991399000,DEMAIS CONTRIB. SOC. - DA - DEMAIS,203944.56
2026,5,4711,61,1219991499000,DEMAIS CONTRIB. SOC. - DA-MJM - DEMAIS,433727.36
2026,5,4711,61,1321040101000,REMUNERACAO RECURSOS RPPS - PRINC. - RENDA FIXA,3033645.66
2026,5,4711,61,1321040102000,REMUNERACAO RECURSOS RPPS - PRINC. - RENDA VARIAVEL,39375
2026,5,4711,61,1922990199000,OUTRAS RESTITUICOES - PRINC. - DEMAIS,41879.2
2026,5,4731,59,1122020104000,EMOLUMENTOS CUSTAS JUDICIAIS - PRINC. - EMOLUMENTOS,7982864.06
2026,5,4731,59,1122020204000,EMOLUMENTOS CUSTAS JUDICIAIS - MJM - EMOLUMENTOS,268287.56
2026,5,4731,59,1321010101000,REMUNERACAO DEPOSITOS BANCARIOS - PRINC.,886616.44
2026,5,4731,59,7729990127000,REC. INTRA. - OUTRAS TRANSF. ESTADOS DF - PRINC. - REPASSE DO FUNDO ESPECIAL DO MINISTERIO PUBLICO DO ESTADO DE MINAS GERAIS - FUNEMP,8968997.2
2026,5,4741,59,1122020104000,EMOLUMENTOS CUSTAS JUDICIAIS - PRINC. - EMOLUMENTOS,7982864.06
2026,5,4741,59,1122020204000,EMOLUMENTOS CUSTAS JUDICIAIS - MJM - EMOLUMENTOS,268287.56
2026,5,4741,59,1321010101000,REMUNERACAO DEPOSITOS BANCARIOS - PRINC.,0
2026,5,4741,60,1321010101000,REMUNERACAO DEPOSITOS BANCARIOS - PRINC.,0
2026,5,4741,60,1999122101000,ONUS SUCUMBENCIA - PRINC. - HONORARIOS,444121.36
2026,5,4751,59,1122020104000,EMOLUMENTOS CUSTAS JUDICIAIS - PRINC. - EMOLUMENTOS,1019089.06
2026,5,4751,59,1122020204000,EMOLUMENTOS CUSTAS JUDICIAIS - MJM - EMOLUMENTOS,34249.41
2026,5,9999,1,1321010101000,REMUNERACAO DEPOSITOS BANCARIOS - PRINC.,24.21
2026,5,9999,9,1741990146999,MEIO AMBIENTE - OUTROS,0
2026,5,9999,9,2441990146999,MEIO AMBIENTE - OUTROS,0
2026,5,9999,10,1112510101000,IPVA - PRINC. - COTA PARTE DO ESTADO,209823493.95
2026,5,9999,10,1112510201000,IPVA - MJM - COTA PARTE DO ESTADO,38157157.65
2026,5,9999,10,1112510301000,IPVA - DA - COTA PARTE DO ESTADO,7773852.12
2026,5,9999,10,1112520101000,ITCD - PRINC. - COTA PARTE DO ESTADO,116314163.95
2026,5,9999,10,1112520201000,ITCD - MJM - COTA PARTE DO ESTADO,10927049.01
2026,5,9999,10,1112520301000,ITCD - DA - COTA PARTE DO ESTADO,1754062.24
2026,5,9999,10,1113031101000,IR - RETIDO FONTE - TRABALHO - PRINC.,710629741.83
2026,5,9999,10,1113034101000,IR - RETIDO FONTE - OUTROS RENDIMENTOS - PRINC.,-12931690.81
2026,5,9999,10,1114501101001,ICMS - PRINC. - COTA PARTE ESTADO,4213043829.51
2026,5,9999,10,1114501201001,ICMS - MJM - COTA PARTE ESTADO,46100058.06
2026,5,9999,10,1114501301001,ICMS - DA - COTA PARTE ESTADO,42476503.41
2026,5,9999,10,1114501301002,ICMS - DA - COTA PARTE ESTADO - CESSAO DE DIREITOS CREDITORIOS - LEI ESTADUAL NO 19.266/10,528530.58
2026,5,9999,10,1321010101000,REMUNERACAO DEPOSITOS BANCARIOS - PRINC.,462135.42
2026,5,9999,10,1711500101000,COTA-PARTE FPE - PRINC. - ESTADO,771288570.5
2026,5,9999,10,1711530101000,COTA-PARTE IPI - ESTADOS EXPORT. PROD. INDUST. - PRINC. - ESTADO,55992639.48
2026,5,9999,10,1911090199000,MULTAS JUROS PREVISTOS CONTRATOS - PRINC. - DEMAIS,138585.08
2026,5,9999,10,1922011101000,RESTITUICAO CONVENIOS - PRIMARIAS - PRINC.,697272.17
2026,5,9999,10,1922063199000,RESTITUICAO DESPESAS PRIMARIAS EXERCICIOS ANTERIORES - PRINC. - DEMAIS,7.13
2026,5,9999,10,1922520101000,RESTITUICAO REMUNERACAO FOLHA PAGAMENTO - PESSOAL ATIVO - PRINC.,659978.75
2026,5,9999,10,1922990199000,OUTRAS RESTITUICOES - PRINC. - DEMAIS,16705709.86
2026,5,9999,10,7922990199000,REC. INTRA. - OUTRAS RESTITUICOES - PRINC. - DEMAIS,16674.99
2026,5,9999,10,9114501301002,DEDUCAO REC. - ICMS - DA - COTA PARTE DO ESTADO - CESSAO DE DIREITOS CREDITORIOS - LEI ESTADUAL NO 19.266/10,-528530.58
2026,5,9999,11,1114502101000,ADICIONAL ICMS - FEM - PRINC. - COTA PARTE DO ESTADO,20205982.69
2026,5,9999,11,1114502201000,ADICIONAL ICMS - FEM - MJM - COTA PARTE DO ESTADO,232991.56
2026,5,9999,11,1114502301000,ADICIONAL ICMS - FEM - DA - COTA PARTE DO ESTADO,106228.3
2026,5,9999,11,1114502401000,ADICIONAL ICMS - FEM - DA-MJM - COTA PARTE DO ESTADO,75316.48
2026,5,9999,11,1121010101001,TX. INSP. CONTR. FISC. - PRINC. - TX. SEGURANCA PUBLICA - POLICIA CIVIL DO ESTADO DE MINAS GERAIS - PCMG E COORDENADORIA ESTADUAL DE GESTAO DO TRANSITO - CET,29961766.54
2026,5,9999,11,1121010101002,TX. INSP. CONTR. FISC. - PRINC. - TX. SEGURANCA PUBLICA - CORPO DE BOMBEIROS MILITAR DO ESTADO DE MINAS GERAIS - CBMMG,403482.36
2026,5,9999,11,1121010101003,TX. INSP. CONTR. FISC. - PRINC. - TX. SEGURANCA PUBLICA - POLICIA MILITAR DO ESTADO DE MINAS GERAIS - PMMG,5854.65
2026,5,9999,11,1121010101004,TX. INSP. CONTR. FISC. - PRINC. - TX. SEGURANCA PUBLICA - TAXA DE RENOVACAO DE LICENCIAMENTO ANUAL DE VEICULO,5493541.13
2026,5,9999,11,1121010101006,TX. INSP. CONTR. FISC. - PRINC. - TX. SEGURANCA PUBLICA - DEPARTAMENTO DE EDIFICACOES E ESTRADAS DE RODAGEM DO ESTADO DE MINAS GERAIS - DERMG,282283.68
2026,5,9999,11,1121010103000,TX. INSP. CONTR. FISC. - PRINC. - TAXA DE LICENCIAMENTO PARA USO OU OCUPACAO DA FAIXA DE DOMINIO DAS RODOVIAS,410150.02
2026,5,9999,11,1121010104000,TX. INSP. CONTR. FISC. - PRINC. - TAXA DE FISCALIZACAO SOBRE SERVICOS PUBLICOS DE ABASTECIMENTO DE AGUA E SANEAMENTO,1453305.65
2026,5,9999,11,1121010201001,TX. INSP. CONTR. FISC. - MJM - TX. SEGURANCA PUBLICA - POLICIA CIVIL DO ESTADO DE MINAS GERAIS - PCMG E COORDENADORIA ESTADUAL DE GESTAO DO TRANSITO - CET,27.2
2026,5,9999,11,1121010201004,TX. INSP. CONTR. FISC. - MJM - TX. SEGURANCA PUBLICA - TAXA DE RENOVACAO DE LICENCIAMENTO ANUAL DE VEICULO,944608.83
2026,5,9999,11,1121010203000,TX. INSP. CONTR. FISC. - MJM - TAXA DE LICENCIAMENTO PARA USO OU OCUPACAO DA FAIXA DE DOMINIO DAS RODOVIAS,6930.62
2026,5,9999,11,1121040101000,TX. CONTR. FISC. AMBIENT. - PRINC. - TAXA FLORESTAL,4404142.14
2026,5,9999,11,1121040102000,TX. CONTR. FISC. AMBIENT. - PRINC. - TAXA DE FISCALIZACAO DE RECURSOS MINERARIOS,15383730.97
2026,5,9999,11,1121040103000,TX. CONTR. FISC. AMBIENT. - PRINC. - TAXA DE CONTROLE E FISCALIZACAO AMBIENTAL,621802.41
2026,5,9999,11,1121040104000,TX. CONTR. FISC. AMBIENT. - PRINC. - TAXA DE REGULARIZACAO AMBIENTAL,409538.22
2026,5,9999,11,1121040105000,TX. CONTR. FISC. AMBIENT. - PRINC. - TAXA DA LEI DA PESCA,22712.8
2026,5,9999,11,1121040106000,TX. CONTR. FISC. AMBIENT. - PRINC. - TAXA DE LIBERACAO E MANEJO DA FAUNA E FLORA,15191.7
2026,5,9999,11,1121040107000,TX. CONTR. FISC. AMBIENT. - PRINC. - TAXA DA LEI DE POLITICA FLORESTAL,473649.17
2026,5,9999,11,1121040109000,"TX. CONTR. FISC. AMBIENT. - PRINC. - TAXA DE REPROGRAFIA, CERTIDOES E JULGAMENTO DE CONTENCIOSO",52955.66
2026,5,9999,11,1121040202000,TX. CONTR. FISC. AMBIENT. - MJM - TAXA DE FISCALIZACAO DE RECURSOS MINERARIOS,53959.97
2026,5,9999,11,1121040203000,TX. CONTR. FISC. AMBIENT. - MJM - TAXA DE CONTROLE E FISCALIZACAO AMBIENTAL,179700.79
2026,5,9999,11,1121040302000,TX. CONTR. FISC. AMBIENT. - DA - TAXA DE FISCALIZACAO DE RECURSOS MINERARIOS,93017.57
2026,5,9999,11,1121040402000,TX. CONTR. FISC. AMBIENT. - DA-MJM - TAXA DE FISCALIZACAO DE RECURSOS MINERARIOS,240375.01
2026,5,9999,11,1122010101001,TX. PREST. SERV. G. - PRINC. - TX. EXP. - DEPARTAMENTO DE EDIFICACOES E ESTRADAS DE RODAGEM DO ESTADO DE MINAS GERAIS - DERMG,7425.6
2026,5,9999,11,1122010101002,TX. PREST. SERV. G. - PRINC. - TX. EXP. - ATOS DA SECRETARIA DE ESTADO DA FAZENDA - SEF,587530.53
2026,5,9999,11,1122010101003,TX. PREST. SERV. G. - PRINC. - TX. EXP. - INSTITUTO MINEIRO DE AGROPECUARIA - IMA,2722252.28
2026,5,9999,11,1122010101004,TX. PREST. SERV. G. - PRINC. - TX. EXP. - ATOS DA SECRETARIA DE ESTADO DE SAUDE - SES,249.48
2026,5,9999,11,1122010101011,TX. PREST. SERV. G. - PRINC. - TX. EXP. - ATOS DE AUTORIDADE ADMINISTRATIVA DO SISTEMA ESTADUAL DE MEIO AMBIENTE E RECURSOS HIDRICOS - SISEMA,506298.02
2026,5,9999,11,1122010104000,TX. PREST. SERV. G. - PRINC. - TAXA DE GERENCIAMENTO DO SISTEMA TRANSPORTE RODOVIARIO INTERMUNICIPAL - DEPARTAMENTO DE EDIFICACOES E ESTRADAS DE RODAGEM DO ESTADO DE MINAS GERAIS - DERMG,0
2026,5,9999,11,1122010201002,TX. PREST. SERV. G. - MJM - TX. EXP. - ATOS DA SECRETARIA DE ESTADO DA FAZENDA - SEF,1410.87
2026,5,9999,11,1349010101000,COMPENSACOES AMBIENTAIS - PRINC. - REPOSICAO FLORESTAL,2000129.66
2026,5,9999,11,1349010102000,COMPENSACOES AMBIENTAIS - PRINC. - REPOSICAO DA PESCA,147.73
2026,5,9999,11,1349010103000,COMPENSACOES AMBIENTAIS - PRINC. - SUPRESSAO DO PEQUI,95865.23
2026,5,9999,11,1349010199000,COMPENSACOES AMBIENTAIS - PRINC. - DEMAIS,614102.91
2026,5,9999,11,1611010118000,SERVICOS ADM. COMERC. GER. - PRINC. - VISITACAO DAS UNIDADES DE CONSERVACAO DA NATUREZA,30355.73
2026,5,9999,11,1712500101000,COTA-PARTE COMPENSACAO FINANCEIRA RECURSOS HIDRICOS - PRINC.,3216587.14
2026,5,9999,11,1712510101000,COTA-PARTE CFEM - PRINC.,11161449.32
2026,5,9999,11,1712521101000,COTA-PARTE COMPENSACAO FINANCEIRA PRODUCAO PETROLEO - LEI FEDERAL NO 7.990/89 - PRINC.,2089811.28
2026,5,9999,11,1741990140999,DESPORTO LAZER - OUTROS,76613.38
2026,5,9999,11,1911010103001,MULTAS LEGISL. ESPECIFICA - PRINC. - LEGISL. TRANSITO - COTA PARTE DO ESTADO,5389513.14
2026,5,9999,11,1911010103002,MULTAS LEGISL. ESPECIFICA - PRINC. - LEGISL. TRANSITO - COTA PARTE DO DEPARTAMENTO DE EDIFICACOES E ESTRADAS DE RODAGEM DO ESTADO DE MINAS GERAIS - DERMG,8426092.72
2026,5,9999,11,1921990101000,OUTRAS INDENIZACOES - PRINC. - IMPACTOS E DANOS AMBIENTAIS,67108.89
2026,5,9999,11,1999992199000,OUTRAS REC. - PRIMARIAS - PRINC. - DEMAIS,1744664.45
2026,5,9999,15,1122010101999,TX. PREST. SERV. G. - PRINC. - TX. EXP. - OUTROS,2738.67
2026,5,9999,15,1122010301999,TX. PREST. SERV. G. - DA - TX. EXP. - OUTROS,3512.49
2026,5,9999,15,1122010401999,TX. PREST. SERV. G. - DA-MJM - TX. EXP. - OUTROS,30791.69
2026,5,9999,15,1311011101000,ALUGUEIS ARRENDAMENTOS - PRINC. - ALUGUEIS,14760.02
2026,5,9999,15,1311020199000,CONC. PERM. AUTOR. CESSAO DIR. USO BENS IMOV. PUB. - PRINC. - DEMAIS,125709.86
2026,5,9999,15,1321010101000,REMUNERACAO DEPOSITOS BANCARIOS - PRINC.,106330396.94
2026,5,9999,15,1321020101000,REMUNERACAO DEPOSITOS ESPECIAIS - PRINC.,6860526.82
2026,5,9999,15,1321060101000,JUROS CAPITAL PROPRIO - PRINC. - EMPRESAS ESTATAIS,163859583.39
2026,5,9999,15,1322010101000,DIVIDENDOS - PRINC. - EMPRESAS ESTATAIS,846490645.89
2026,5,9999,15,1511010102001,REC. INDUSTRIAL - PRINC. - INDUSTRIA EDITORIAL GRAFICA - RECEITA DE PUBLICACOES,1284725.86
2026,5,9999,15,1611010106000,SERVICOS ADM. COMERC. GER. - PRINC. - RESERVA DE PLACA ESPECIAL,885309.86
2026,5,9999,15,1611010119000,SERVICOS ADM. COMERC. GER. - PRINC. - REGULARIZACAO FUNDIARIA,404083.74
2026,5,9999,15,1611020101000,INSCRICAO CONCURSOS PROCESSOS SELETIVOS - PRINC.,1008215.09
2026,5,9999,15,1611040103000,SERVICOS INFORMACAO TECNOLOGIA - PRINC. - FORNECIMENTO DE DADOS FISCAIS,23073.74
2026,5,9999,15,1611040105000,SERVICOS INFORMACAO TECNOLOGIA - PRINC. - PROCESSAMENTO DAS CONSIGNACOES DA FOLHA DE PESSOAL,1032628.76
2026,5,9999,15,1699990301000,OUTROS SERVICOS - DA,11958102.02
2026,5,9999,15,1719580101000,TRANSF. OBRIGATORIA DECORRENTE LC FEDERAL NO 176/20 - PRINC.,37724064.65
2026,5,9999,15,1911010101000,MULTAS LEGISL. ESPECIFICA - PRINC. - LEGISLACAO SANITARIA,30590.89
2026,5,9999,15,1911010104999,MULTAS LEGISL. ESPECIFICA - PRINC. - MULTA ISOLADA OBRIG. ACESSORIA - OUTROS,2516947.13
2026,5,9999,15,1911010204999,MULTAS LEGISL. ESPECIFICA - MJM - MULTA ISOLADA OBRIG. ACESSORIA - OUTROS,58.92
2026,5,9999,15,1911010304999,MULTAS LEGISL. ESPECIFICA - DA - MULTA ISOLADA OBRIG. ACESSORIA - OUTROS,2128564.05
2026,5,9999,15,1911010404999,MULTAS LEGISL. ESPECIFICA - DA-MJM - MULTA ISOLADA OBRIG. ACESSORIA - OUTROS,63.9
2026,5,9999,15,1911040104000,MULTAS LEGISL. DEFESA DIR. DIFUSOS - PRINC. - USO DE PIPAS COM LINHA CORTANTE,0.02
2026,5,9999,15,1911061101000,MULTAS ADM. DANOS AMBIENTAIS - PRINC.,6200129.6
2026,5,9999,15,1911090199000,MULTAS JUROS PREVISTOS CONTRATOS - PRINC. - DEMAIS,1852.7
2026,5,9999,15,1911132101000,MULTAS LEGISLACAO ANTICORRUPCAO ACORDOS LENIENCIA - PRINC.,2100396.73
2026,5,9999,15,1921990199000,OUTRAS INDENIZACOES - PRINC. - DEMAIS,228320.11
2026,5,9999,15,1922990199000,OUTRAS RESTITUICOES - PRINC. - DEMAIS,480368.04
2026,5,9999,15,1931060101000,BENS DIREITOS VALORES RENUNCIA VOLUNTARIA ACORDO NAO PERSECUCAO PENAL - PRINC.,27325.19
2026,5,9999,15,1999992115000,OUTRAS REC. - PRIMARIAS - PRINC. - GESTAO DE VEICULOS APREENDIDOS E REMOVIDOS,12597395.27
2026,5,9999,15,1999992117000,"OUTRAS REC. - PRIMARIAS - PRINC. - BENS, DIREITOS E VALORES OBJETO DE RENUNCIA VOLUNTARIA EM ACORDO DE NAO PERSECUCAO CIVEL",16732.66
2026,5,9999,15,1999992199000,OUTRAS REC. - PRIMARIAS - PRINC. - DEMAIS,3253888.24
2026,5,9999,15,1999992299000,OUTRAS REC. - PRIMARIAS - MJM - DEMAIS,72526.26
2026,5,9999,15,1999992399000,OUTRAS REC. - PRIMARIAS - DA - DEMAIS,0
2026,5,9999,15,1999992499000,OUTRAS REC. - PRIMARIAS - DA-MJM - DEMAIS,0
2026,5,9999,20,1112510102000,IPVA - PRINC. - COTA PARTE DOS MUNICIPIOS,262278732.38
2026,5,9999,20,1112510202000,IPVA - MJM - COTA PARTE DOS MUNICIPIOS,47696393.41
2026,5,9999,20,1112510302000,IPVA - DA - COTA PARTE DOS MUNICIPIOS,9717315.53
2026,5,9999,20,1114501102000,ICMS - PRINC. - COTA PARTE DOS MUNICIPIOS,1755434931.51
2026,5,9999,20,1114501202000,ICMS - MJM - COTA PARTE DOS MUNICIPIOS,19208358.05
2026,5,9999,20,1114501302000,ICMS - DA - COTA PARTE DOS MUNICIPIOS,17918764.86
2026,5,9999,20,1711530102000,COTA-PARTE IPI - ESTADOS EXPORT. PROD. INDUST. - PRINC. - MUNICIPIOS,23330266.37
2026,5,9999,20,9112510102000,DEDUCAO REC. - IPVA - PRINC. - COTA PARTE DOS MUNICIPIOS,-262278732.38
2026,5,9999,20,9112510202000,DEDUCAO REC. - IPVA - MJM - COTA PARTE DOS MUNICIPIOS,-47696393.41
2026,5,9999,20,9112510302000,DEDUCAO REC. - IPVA - DA - COTA PARTE DOS MUNICIPIOS,-9717315.53
2026,5,9999,20,9114501102000,DEDUCAO REC. - ICMS - PRINC. - COTA PARTE DOS MUNICIPIOS,-1755434931.51
2026,5,9999,20,9114501202000,DEDUCAO REC. - ICMS - MJM - COTA PARTE DOS MUNICIPIOS,-19208358.05
2026,5,9999,20,9114501302000,DEDUCAO REC. - ICMS - DA - COTA PARTE DOS MUNICIPIOS,-17918764.86
2026,5,9999,20,9711530102000,DEDUCAO REC. - COTA-PARTE IPI - ESTADOS EXPORT. PROD. INDUST. - PRINC. - MUNICIPIOS,-23330266.37
2026,5,9999,23,1112510103000,IPVA - PRINC. - COTA PARTE DO ESTADO PARA O FUNDEB,52455850.04
2026,5,9999,23,1112510203000,IPVA - MJM - COTA PARTE DO ESTADO PARA O FUNDEB,9539343.74
2026,5,9999,23,1112510303000,IPVA - DA - COTA PARTE DO ESTADO PARA O FUNDEB,1943462.97
2026,5,9999,23,1112520102000,ITCD - PRINC. - COTA PARTE DO FUNDEB,29078540.99
2026,5,9999,23,1112520202000,ITCD - MJM - COTA PARTE DO FUNDEB,2731762.34
2026,5,9999,23,1112520302000,ITCD - DA - COTA PARTE DO FUNDEB,438515.6
2026,5,9999,23,1114501103000,ICMS - PRINC. - COTA PARTE DO ESTADO PARA O FUNDEB,1053260958.55
2026,5,9999,23,1114501203000,ICMS - MJM - COTA PARTE DO ESTADO PARA O FUNDEB,11525014.68
2026,5,9999,23,1114501303000,ICMS - DA - COTA PARTE DO ESTADO PARA O FUNDEB,10751258.71
2026,5,9999,23,1114502102000,ADICIONAL ICMS - FEM - PRINC. - COTA PARTE DO FUNDEB,16838318.82
2026,5,9999,23,1114502202000,ADICIONAL ICMS - FEM - MJM - COTA PARTE DO FUNDEB,194159.68
2026,5,9999,23,1114502302000,ADICIONAL ICMS - FEM - DA - COTA PARTE DO FUNDEB,88523.57
2026,5,9999,23,1114502402000,ADICIONAL ICMS - FEM - DA-MJM - COTA PARTE DO FUNDEB,62763.69
2026,5,9999,23,1711500102000,COTA-PARTE FPE - PRINC. - FUNDEB,192822142.59
2026,5,9999,23,1711530103000,COTA-PARTE IPI - ESTADOS EXPORT. PROD. INDUST. - PRINC. - FUNDEB,13998159.85
2026,5,9999,23,9112510103000,DEDUCAO REC. - IPVA - PRINC. - COTA PARTE DO ESTADO PARA O FUNDEB,-52455647.58
2026,5,9999,23,9112510203000,DEDUCAO REC. - IPVA - MJM - COTA PARTE DO ESTADO PARA O FUNDEB,-9539343.74
2026,5,9999,23,9112510303000,DEDUCAO REC. - IPVA - DA - COTA PARTE DO ESTADO PARA O FUNDEB,-1943462.97
2026,5,9999,23,9112520102000,DEDUCAO REC. - ITCD - PRINC. - COTA PARTE DO ESTADO PARA O FUNDEB,-29078540.99
2026,5,9999,23,9112520202000,DEDUCAO REC. - ITCD - MJM - COTA PARTE DO ESTADO PARA O FUNDEB,-2731762.34
2026,5,9999,23,9112520302000,DEDUCAO REC. - ITCD - DA - COTA PARTE DO ESTADO PARA O FUNDEB,-438515.6
2026,5,9999,23,9114501103000,DEDUCAO REC. - ICMS - PRINC. - COTA PARTE DO ESTADO PARA O FUNDEB,-1053260958.55
2026,5,9999,23,9114501203000,DEDUCAO REC. - ICMS - MJM - COTA PARTE DO ESTADO PARA O FUNDEB,-11525014.68
2026,5,9999,23,9114501303000,DEDUCAO REC. - ICMS - DA - COTA PARTE DO ESTADO PARA O FUNDEB,-10751258.71
2026,5,9999,23,9114502102000,DEDUCAO REC. - ADICIONAL ICMS - FEM - PRINC. - COTA PARTE DO FUNDEB,-16838318.82
2026,5,9999,23,9114502202000,DEDUCAO REC. - ADICIONAL ICMS - FEM - MJM - COTA PARTE DO FUNDEB,-194159.68
2026,5,9999,23,9114502302000,DEDUCAO REC. - ADICIONAL ICMS - FEM - DA - COTA PARTE DO FUNDEB,-88523.57
2026,5,9999,23,9114502402000,DEDUCAO REC. - ADICIONAL ICMS - FEM - DA-MJM - COTA PARTE DO FUNDEB,-62763.69
2026,5,9999,23,9711500102000,DEDUCAO REC. - COTA-PARTE FPE - PRINC. - FUNDEB,-192822142.59
2026,5,9999,23,9711530103000,DEDUCAO REC. - COTA-PARTE IPI - ESTADOS EXPORT. PROD. INDUST. - PRINC. - FUNDEB,-13998159.85
2026,5,9999,24,1717510102000,EDUCACAO - INSTITUTO NACIONAL DE ESTUDOS E PESQUISAS EDUCACIONAIS ANISIO TEIXEIRA - INEP,0
2026,5,9999,25,1321010101000,REMUNERACAO DEPOSITOS BANCARIOS - PRINC.,1485536.9
2026,5,9999,25,2119990102002,CAIXA ECONOMICA FEDERAL - PROGRAMA DE ACELERACAO DO CRESCIMENTO - PAC - CONTAGEM,104947.61
2026,5,9999,27,1121010101001,TX. INSP. CONTR. FISC. - PRINC. - TX. SEGURANCA PUBLICA - POLICIA CIVIL DO ESTADO DE MINAS GERAIS - PCMG E COORDENADORIA ESTADUAL DE GESTAO DO TRANSITO - CET,69688544.01
2026,5,9999,27,1121010101002,TX. INSP. CONTR. FISC. - PRINC. - TX. SEGURANCA PUBLICA - CORPO DE BOMBEIROS MILITAR DO ESTADO DE MINAS GERAIS - CBMMG,941156.38
2026,5,9999,27,1121010101003,TX. INSP. CONTR. FISC. - PRINC. - TX. SEGURANCA PUBLICA - POLICIA MILITAR DO ESTADO DE MINAS GERAIS - PMMG,13660.92
2026,5,9999,27,1121010101004,TX. INSP. CONTR. FISC. - PRINC. - TX. SEGURANCA PUBLICA - TAXA DE RENOVACAO DE LICENCIAMENTO ANUAL DE VEICULO,12812697.91
2026,5,9999,27,1121010101006,TX. INSP. CONTR. FISC. - PRINC. - TX. SEGURANCA PUBLICA - DEPARTAMENTO DE EDIFICACOES E ESTRADAS DE RODAGEM DO ESTADO DE MINAS GERAIS - DERMG,658661.95
2026,5,9999,27,1121010201001,TX. INSP. CONTR. FISC. - MJM - TX. SEGURANCA PUBLICA - POLICIA CIVIL DO ESTADO DE MINAS GERAIS - PCMG E COORDENADORIA ESTADUAL DE GESTAO DO TRANSITO - CET,63.49
2026,5,9999,27,1121010201004,TX. INSP. CONTR. FISC. - MJM - TX. SEGURANCA PUBLICA - TAXA DE RENOVACAO DE LICENCIAMENTO ANUAL DE VEICULO,2203698.23
2026,5,9999,27,1922990199000,OUTRAS RESTITUICOES - PRINC. - DEMAIS,644.01
2026,5,9999,29,1122010101002,TX. PREST. SERV. G. - PRINC. - TX. EXP. - ATOS DA SECRETARIA DE ESTADO DA FAZENDA - SEF,1353931.61
2026,5,9999,29,1122010101004,TX. PREST. SERV. G. - PRINC. - TX. EXP. - ATOS DA SECRETARIA DE ESTADO DE SAUDE - SES,582.15
2026,5,9999,29,1122010101011,TX. PREST. SERV. G. - PRINC. - TX. EXP. - ATOS DE AUTORIDADE ADMINISTRATIVA DO SISTEMA ESTADUAL DE MEIO AMBIENTE E RECURSOS HIDRICOS - SISEMA,93962.33
2026,5,9999,29,1122010201002,TX. PREST. SERV. G. - MJM - TX. EXP. - ATOS DA SECRETARIA DE ESTADO DA FAZENDA - SEF,3292.07
2026,5,9999,30,1219991110001,DEMAIS CONTRIB. SOC. - PRINC. - CONTRIB. MILITAR APOSENTADORIA - ATIVO,15594598.22
2026,5,9999,31,1321010101000,REMUNERACAO DEPOSITOS BANCARIOS - PRINC.,4681.13
2026,5,9999,31,1712500101000,COTA-PARTE COMPENSACAO FINANCEIRA RECURSOS HIDRICOS - PRINC.,7505370.05
2026,5,9999,31,1922011101000,RESTITUICAO CONVENIOS - PRIMARIAS - PRINC.,6208.64
2026,5,9999,31,1922990199000,OUTRAS RESTITUICOES - PRINC. - DEMAIS,577.48
2026,5,9999,32,1321010101000,REMUNERACAO DEPOSITOS BANCARIOS - PRINC.,1537.72
2026,5,9999,32,1712510101000,COTA-PARTE CFEM - PRINC.,26043381.75
2026,5,9999,33,1712521101000,COTA-PARTE COMPENSACAO FINANCEIRA PRODUCAO PETROLEO - LEI FEDERAL NO 7.990/89 - PRINC.,4876226.36
2026,5,9999,33,1922990199000,OUTRAS RESTITUICOES - PRINC. - DEMAIS,0
2026,5,9999,46,1321010101000,REMUNERACAO DEPOSITOS BANCARIOS - PRINC.,327.19
2026,5,9999,48,2213010101000,ALIENACAO BENS MOVEIS E SEMOVENTES - PRINC.,1366252.75
2026,5,9999,48,2221010101000,ALIENACAO BENS IMOVEIS - PRINC.,7378147.4
2026,5,9999,71,1114502101000,ADICIONAL ICMS - FEM - PRINC. - COTA PARTE DO ESTADO,47147292.59
2026,5,9999,71,1114502201000,ADICIONAL ICMS - FEM - MJM - COTA PARTE DO ESTADO,543646.9
2026,5,9999,71,1114502301000,ADICIONAL ICMS - FEM - DA - COTA PARTE DO ESTADO,247865.95
2026,5,9999,71,1114502401000,ADICIONAL ICMS - FEM - DA-MJM - COTA PARTE DO ESTADO,175738.48
2026,5,9999,71,1321010101000,REMUNERACAO DEPOSITOS BANCARIOS - PRINC.,11324.96
2026,5,9999,71,1922990199000,OUTRAS RESTITUICOES - PRINC. - DEMAIS,17040
2026,5,9999,72,1121040102000,TX. CONTR. FISC. AMBIENT. - PRINC. - TAXA DE FISCALIZACAO DE RECURSOS MINERARIOS,35895372.27
2026,5,9999,72,1121040202000,TX. CONTR. FISC. AMBIENT. - MJM - TAXA DE FISCALIZACAO DE RECURSOS MINERARIOS,125906.65
2026,5,9999,72,1121040302000,TX. CONTR. FISC. AMBIENT. - DA - TAXA DE FISCALIZACAO DE RECURSOS MINERARIOS,217040.99
2026,5,9999,72,1121040402000,TX. CONTR. FISC. AMBIENT. - DA-MJM - TAXA DE FISCALIZACAO DE RECURSOS MINERARIOS,560875.03
2026,5,9999,72,1321010101000,REMUNERACAO DEPOSITOS BANCARIOS - PRINC.,3471.91
2026,5,9999,72,1922990199000,OUTRAS RESTITUICOES - PRINC. - DEMAIS,5038.21
2026,5,9999,75,7219991110051,REC. INTRA. - DEMAIS CONTRIB. SOC. - PRINC. - CONTRIB. PATRONAL MILITAR APOSENTADORIA - ATIVO,39645679.47
2026,5,9999,75,7219991110052,REC. INTRA. - DEMAIS CONTRIB. SOC. - PRINC. - CONTRIB. PATRONAL MILITAR APOSENTADORIA - INATIVO,55757995.99
2026,5,9999,80,1321010101000,REMUNERACAO DEPOSITOS BANCARIOS - PRINC.,31794430.57
2026,5,9999,82,1911010103001,MULTAS LEGISL. ESPECIFICA - PRINC. - LEGISL. TRANSITO - COTA PARTE DO ESTADO,12552354.92
2026,5,9999,82,1911010103004,MULTAS LEGISL. ESPECIFICA - PRINC. - LEGISL. TRANSITO - COTA PARTE DO FUNDO NACIONAL DE SEGURANCA E EDUCACAO NO TRANSITO - FUNSET - ESTADO,945528.6
2026,5,9999,82,9911010103004,DEDUCAO REC. - MULTAS LEGISL. ESPECIFICA - PRINC. - LEGISL. TRANSITO - COTA PARTE DO FUNDO NACIONAL DE SEGURANCA E EDUCACAO NO TRANSITO - FUNSET - ESTADO,-945528.6
2026,5,9999,89,1321010101000,REMUNERACAO DEPOSITOS BANCARIOS - PRINC.,585094.5
2026,5,9999,94,1121040101000,TX. CONTR. FISC. AMBIENT. - PRINC. - TAXA FLORESTAL,868365.76
2026,5,9999,95,1321010101000,REMUNERACAO DEPOSITOS BANCARIOS - PRINC.,111296770.81
2026,5,9999,95,1922990199000,OUTRAS RESTITUICOES - PRINC. - DEMAIS,42190.73
2026,5,9999,97,1321010101000,REMUNERACAO DEPOSITOS BANCARIOS - PRINC.,580248
2026,6,1011,60,1321010101000,REMUNERACAO DEPOSITOS BANCARIOS - PRINC.,7637958.75
2026,6,1011,60,1361011101000,CESSAO DIR. OPERAC. PAG. - PODERES EXECUTIVO LEGISLATIVO - PRINC. - FOLHA DE PESSOAL,83072.6
2026,6,1011,60,1922990199000,OUTRAS RESTITUICOES - PRINC. - DEMAIS,63797.79
2026,6,1011,60,1999992199000,OUTRAS REC. - PRIMARIAS - PRINC. - DEMAIS,49485.92
2026,6,1021,60,1321010101000,REMUNERACAO DEPOSITOS BANCARIOS - PRINC.,3524387.98
2026,6,1031,60,1321010101000,REMUNERACAO DEPOSITOS BANCARIOS - PRINC.,19688730.83
2026,6,1031,60,1922990199000,OUTRAS RESTITUICOES - PRINC. - DEMAIS,500
2026,6,1031,60,1922990399000,OUTRAS RESTITUICOES - DA - DEMAIS,54086.55
2026,6,1031,60,1922990499000,OUTRAS RESTITUICOES - DA-MJM - DEMAIS,9540.3
2026,6,1051,60,1321010101000,REMUNERACAO DEPOSITOS BANCARIOS - PRINC.,281338.2
2026,6,1051,60,1611010199001,SERVICOS ADM. COMERC. GER. - PRINC. - DEMAIS - SERVICOS ADMINISTRATIVOS,69.48
2026,6,1071,45,1321010101000,REMUNERACAO DEPOSITOS BANCARIOS - PRINC.,12281.93
2026,6,1071,45,1741990141999,DIR. HUMANOS CIDADANIA - OUTROS,70000
2026,6,1071,98,1321010101000,REMUNERACAO DEPOSITOS BANCARIOS - PRINC.,12450.75
2026,6,1071,98,2419510101000,TRANSF. ESPECIAL UNIAO - PRINC. - EMENDAS PARLAMENTARES INDIVIDUAIS,200990
2026,6,1081,9,1321010101000,REMUNERACAO DEPOSITOS BANCARIOS - PRINC.,20814.11
2026,6,1081,57,1321010101000,REMUNERACAO DEPOSITOS BANCARIOS - PRINC.,68.52
2026,6,1091,47,1321010101000,REMUNERACAO DEPOSITOS BANCARIOS - PRINC.,47193.44
2026,6,1091,60,1311011101000,ALUGUEIS ARRENDAMENTOS - PRINC. - ALUGUEIS,2267.82
2026,6,1091,60,1321010101000,REMUNERACAO DEPOSITOS BANCARIOS - PRINC.,3162678.59
2026,6,1091,60,1922990199000,OUTRAS RESTITUICOES - PRINC. - DEMAIS,2534.41
2026,6,1191,9,1321010101000,REMUNERACAO DEPOSITOS BANCARIOS - PRINC.,330976.81
2026,6,1191,9,1741990134999,ADM. ATIV. FISCAL - OUTROS,191668.44
2026,6,1191,74,1321010101000,REMUNERACAO DEPOSITOS BANCARIOS - PRINC.,450710.72
2026,6,1221,24,1321010101000,REMUNERACAO DEPOSITOS BANCARIOS - PRINC.,143437.38
2026,6,1221,98,1321010101000,REMUNERACAO DEPOSITOS BANCARIOS - PRINC.,87.2
2026,6,1231,1,1321010101000,REMUNERACAO DEPOSITOS BANCARIOS - PRINC.,3144.33
2026,6,1231,59,1349010103000,COMPENSACOES AMBIENTAIS - PRINC. - SUPRESSAO DO PEQUI,744725.96
2026,6,1231,69,1321010101000,REMUNERACAO DEPOSITOS BANCARIOS - PRINC.,16768.27
2026,6,1231,98,1321010101000,REMUNERACAO DEPOSITOS BANCARIOS - PRINC.,32253.9
2026,6,1251,1,1321010101000,REMUNERACAO DEPOSITOS BANCARIOS - PRINC.,110745.99
2026,6,1251,2,1321010101000,REMUNERACAO DEPOSITOS BANCARIOS - PRINC.,26321
2026,6,1251,9,1321010101000,REMUNERACAO DEPOSITOS BANCARIOS - PRINC.,29432.63
2026,6,1251,24,1321010101000,REMUNERACAO DEPOSITOS BANCARIOS - PRINC.,275509.8
2026,6,1251,24,1717990120002,SEGURANCA PUBLICA - CENTRAIS DE ABASTECIMENTO DE MINAS GERAIS - CEASAMINAS,204582.51
2026,6,1251,24,2414990120001,SEGURANCA PUBLICA - CENTRAIS DE ABASTECIMENTO DE MINAS GERAIS - CEASAMINAS,5100
2026,6,1251,45,1321010101000,REMUNERACAO DEPOSITOS BANCARIOS - PRINC.,1119.39
2026,6,1251,60,1311012101000,FOROS LAUDEMIOS TARIFAS OCUPACAO - PRINC. - TARIFA DE OCUPACAO DE IMOVEIS,26409.59
2026,6,1251,60,1311020101000,CONC. PERM. AUTOR. CESSAO DIR. USO BENS IMOV. PUB. - PRINC. - CONCESSAO DE DIREITO REAL DE USO DE AREA PUBLICA,183679.99
2026,6,1251,60,1611010199001,SERVICOS ADM. COMERC. GER. - PRINC. - DEMAIS - SERVICOS ADMINISTRATIVOS,1159.05
2026,6,1251,60,1922990199000,OUTRAS RESTITUICOES - PRINC. - DEMAIS,2359.41
2026,6,1251,60,1999992199000,OUTRAS REC. - PRIMARIAS - PRINC. - DEMAIS,10595.39
2026,6,1251,68,1321010101000,REMUNERACAO DEPOSITOS BANCARIOS - PRINC.,4120.31
2026,6,1251,68,1922990199000,OUTRAS RESTITUICOES - PRINC. - DEMAIS,697.48
2026,6,1251,69,1321010101000,REMUNERACAO DEPOSITOS BANCARIOS - PRINC.,542790.41
2026,6,1251,70,1321010101000,REMUNERACAO DEPOSITOS BANCARIOS - PRINC.,556461.39
2026,6,1251,70,1732990123001,SEGURANCA PUBLICA - DIVERSOS MUNICIPIOS,157024.51
2026,6,1251,70,2432990122001,SEGURANCA PUBLICA - DIVERSOS MUNICIPIOS,550782.03
2026,6,1251,73,1321010101000,REMUNERACAO DEPOSITOS BANCARIOS - PRINC.,127947.61
2026,6,1251,73,1717990120003,SEGURANCA PUBLICA - DEPARTAMENTO DE POLICIA RODOVIARIA FEDERAL - PRF,0
2026,6,1251,98,1321010101000,REMUNERACAO DEPOSITOS BANCARIOS - PRINC.,721047.78
2026,6,1251,98,1719570101000,TRANSF. ESPECIAL UNIAO - PRINC. - EMENDAS PARLAMENTARES INDIVIDUAIS,199000
2026,6,1251,98,1922990199000,OUTRAS RESTITUICOES - PRINC. - DEMAIS,1195.68
2026,6,1251,98,2419510101000,TRANSF. ESPECIAL UNIAO - PRINC. - EMENDAS PARLAMENTARES INDIVIDUAIS,9647022.5
2026,6,1261,3,1321010101000,REMUNERACAO DEPOSITOS BANCARIOS - PRINC.,57.24
2026,6,1261,21,1321010101000,REMUNERACAO DEPOSITOS BANCARIOS - PRINC.,2376598.36
2026,6,1261,21,1714500101000,TRANSFERENCIAS DO SALARIO-EDUCACAO - PRINC.,78916649.84
2026,6,1261,21,1922990104000,OUTRAS RESTITUICOES - PRINC. - CONTRIB. DO SALARIO-EDUCACAO,7156.83
2026,6,1261,23,1321010101000,REMUNERACAO DEPOSITOS BANCARIOS - PRINC.,9969244.76
2026,6,1261,23,1751500101000,TRANSF. RECURSOS FUNDEB - PRINC. - PARCELA FPM,261716433.92
2026,6,1261,23,1751500103001,TRANSF. RECURSOS FUNDEB - PRINC. - PARCELA ICMS - PRINC.,690187728.74
2026,6,1261,23,1751500104001,TRANSF. RECURSOS FUNDEB - PRINC. - PARCELA IPI - PRINC.,10843582.21
2026,6,1261,23,1751500105001,TRANSF. RECURSOS FUNDEB - PRINC. - PARCELA FPE - PRINC.,89667520.82
2026,6,1261,23,1751500106001,TRANSF. RECURSOS FUNDEB - PRINC. - PARCELA ITR - PRINC.,361534.31
2026,6,1261,23,1751500107001,TRANSF. RECURSOS FUNDEB - PRINC. - PARCELA IPVA - PRINC.,53008615.77
2026,6,1261,23,1751500108001,TRANSF. RECURSOS FUNDEB - PRINC. - PARCELA ITCD - PRINC.,16077314.29
2026,6,1261,23,1751500109001,TRANSF. RECURSOS FUNDEB - PRINC. - PARCELA ADICIONAL ICMS - FEM - PRINC.,8416007.59
2026,6,1261,23,1922510101000,RESTITUICOES RECURSOS FUNDEB - PRINC.,-2343.27
2026,6,1261,23,1922510102000,RESTITUICOES RECURSOS FUNDEB - PRINC. - REMUNERACAO FOLHA PAGAMENTO - PESSOAL ATIVO,178339.75
2026,6,1261,23,1922510199000,RESTITUICOES RECURSOS FUNDEB - PRINC. - DEMAIS,24641.57
2026,6,1261,23,1922990199000,OUTRAS RESTITUICOES - PRINC. - DEMAIS,11717171.01
2026,6,1261,24,1321010101000,REMUNERACAO DEPOSITOS BANCARIOS - PRINC.,364.34
2026,6,1261,36,1321010101000,REMUNERACAO DEPOSITOS BANCARIOS - PRINC.,4607914.43
2026,6,1261,36,1714520101000,TRANSF. REF. PNAE - PRINC.,27460070.5
2026,6,1261,36,1922990102000,OUTRAS RESTITUICOES - PRINC. - PNAE/FNDE - ALIMENTACAO ESCOLAR,129.9
2026,6,1261,70,1321010101000,REMUNERACAO DEPOSITOS BANCARIOS - PRINC.,1187.19
2026,6,1261,98,1321010101000,REMUNERACAO DEPOSITOS BANCARIOS - PRINC.,5681.57
2026,6,1301,24,1321010101000,REMUNERACAO DEPOSITOS BANCARIOS - PRINC.,1149579.65
2026,6,1301,24,2414540102000,TRANSPORTE - MINISTERIO DAS CIDADES,1751847.47
2026,6,1301,59,1321010101000,REMUNERACAO DEPOSITOS BANCARIOS - PRINC.,308846.23
2026,6,1301,59,1332040101000,DELEG. EXPLORACAO INFRAEST. AEROPORTUARIA - PRINC.,-100263.83
2026,6,1301,70,1321010101000,REMUNERACAO DEPOSITOS BANCARIOS - PRINC.,158344.18
2026,6,1301,73,1321010101000,REMUNERACAO DEPOSITOS BANCARIOS - PRINC.,56997.16
2026,6,1301,73,1717990115002,TRANSPORTE - SECRETARIA NACIONAL DE AVIACAO CIVIL,2.85
2026,6,1301,74,1321010101000,REMUNERACAO DEPOSITOS BANCARIOS - PRINC.,156980.72
2026,6,1301,98,1321010101000,REMUNERACAO DEPOSITOS BANCARIOS - PRINC.,11075.77
2026,6,1371,9,1321010101000,REMUNERACAO DEPOSITOS BANCARIOS - PRINC.,88528.11
2026,6,1371,24,1321010101000,REMUNERACAO DEPOSITOS BANCARIOS - PRINC.,82324.13
2026,6,1371,79,1911061101000,MULTAS ADM. DANOS AMBIENTAIS - PRINC.,2455049.36
2026,6,1401,2,1321010101000,REMUNERACAO DEPOSITOS BANCARIOS - PRINC.,6758.81
2026,6,1401,9,1321010101000,REMUNERACAO DEPOSITOS BANCARIOS - PRINC.,6216.63
2026,6,1401,24,1321010101000,REMUNERACAO DEPOSITOS BANCARIOS - PRINC.,6876.99
2026,6,1401,60,1611010111000,SERVICOS ADM. COMERC. GER. - PRINC. - SEGURANCA PUBLICA,133.95
2026,6,1401,60,1611010127000,SERVICOS ADM. COMERC. GER. - PRINC. - RECREATIVOS E CULTURAIS,23787.71
2026,6,1401,60,1611020101000,INSCRICAO CONCURSOS PROCESSOS SELETIVOS - PRINC.,1547810
2026,6,1401,60,1911010106000,MULTAS LEGISL. ESPECIFICA - PRINC. - INFRACAO A LEGISLACAO DE PREVENCAO DE INCENDIO E PANICO,174482.11
2026,6,1401,60,1911010111000,MULTAS LEGISL. ESPECIFICA - PRINC. - INFRACAO A LEGISLACAO SOBRE PRATICAS DE COMPETENCIA DO CBMMG POR INSTITUICOES CIVIS,5789.9
2026,6,1401,66,1321010101000,REMUNERACAO DEPOSITOS BANCARIOS - PRINC.,2991.5
2026,6,1401,70,1321010101000,REMUNERACAO DEPOSITOS BANCARIOS - PRINC.,11884.33
2026,6,1401,70,1732990123001,SEGURANCA PUBLICA - DIVERSOS MUNICIPIOS,85000
2026,6,1401,70,2432990122001,SEGURANCA PUBLICA - DIVERSOS MUNICIPIOS,179000
2026,6,1401,74,1321010101000,REMUNERACAO DEPOSITOS BANCARIOS - PRINC.,41.92
2026,6,1401,98,1321010101000,REMUNERACAO DEPOSITOS BANCARIOS - PRINC.,76834.05
2026,6,1401,98,2419510101000,TRANSF. ESPECIAL UNIAO - PRINC. - EMENDAS PARLAMENTARES INDIVIDUAIS,2889480
2026,6,1441,60,1321010101000,REMUNERACAO DEPOSITOS BANCARIOS - PRINC.,1316988.49
2026,6,1441,60,1922990199000,OUTRAS RESTITUICOES - PRINC. - DEMAIS,102147.3
2026,6,1451,1,1321010101000,REMUNERACAO DEPOSITOS BANCARIOS - PRINC.,1599.45
2026,6,1451,2,1321010101000,REMUNERACAO DEPOSITOS BANCARIOS - PRINC.,17338.55
2026,6,1451,2,2414990120004,SEGURANCA PUBLICA - MINISTERIO DA JUSTICA E SEGURANCA PUBLICA,6693065
2026,6,1451,9,1321010101000,REMUNERACAO DEPOSITOS BANCARIOS - PRINC.,560.91
2026,6,1451,10,7729990125000,REC. INTRA. - OUTRAS TRANSF. ESTADOS DF - PRINC. - REPASSE DO FUNDO ESTADUAL DE SAUDE - FES - LC FEDERAL NO 141/12,26968792.38
2026,6,1451,24,1321010101000,REMUNERACAO DEPOSITOS BANCARIOS - PRINC.,66849.78
2026,6,1451,60,1911090199000,MULTAS JUROS PREVISTOS CONTRATOS - PRINC. - DEMAIS,73447.49
2026,6,1451,60,1922990199000,OUTRAS RESTITUICOES - PRINC. - DEMAIS,10904.34
2026,6,1451,60,1923990101000,OUTROS RESSARCIMENTOS - PRINC. - RETENCAO SOBRE PAGAMENTO FOLHA DE SENTENCIADO,896043.65
2026,6,1451,70,1321010101000,REMUNERACAO DEPOSITOS BANCARIOS - PRINC.,727.87
2026,6,1451,98,1321010101000,REMUNERACAO DEPOSITOS BANCARIOS - PRINC.,2996.3
2026,6,1481,24,1321010101000,REMUNERACAO DEPOSITOS BANCARIOS - PRINC.,14218.57
2026,6,1481,57,1321010101000,REMUNERACAO DEPOSITOS BANCARIOS - PRINC.,111467.06
2026,6,1481,57,1719990115001,DESPORTO LAZER - MINISTERIO DO ESPORTE,1726111.85
2026,6,1481,59,1741990140999,DESPORTO LAZER - OUTROS,52143.05
2026,6,1481,98,1321010101000,REMUNERACAO DEPOSITOS BANCARIOS - PRINC.,6896.87
2026,6,1501,74,1321010101000,REMUNERACAO DEPOSITOS BANCARIOS - PRINC.,1442.82
2026,6,1511,1,1321010101000,REMUNERACAO DEPOSITOS BANCARIOS - PRINC.,16851.4
2026,6,1511,2,1321010101000,REMUNERACAO DEPOSITOS BANCARIOS - PRINC.,57950.56
2026,6,1511,9,1321010101000,REMUNERACAO DEPOSITOS BANCARIOS - PRINC.,13974.85
2026,6,1511,24,1321010101000,REMUNERACAO DEPOSITOS BANCARIOS - PRINC.,6025.09
2026,6,1511,70,1321010101000,REMUNERACAO DEPOSITOS BANCARIOS - PRINC.,4411.11
2026,6,1511,70,2432990122001,SEGURANCA PUBLICA - DIVERSOS MUNICIPIOS,370000
2026,6,1511,74,1321010101000,REMUNERACAO DEPOSITOS BANCARIOS - PRINC.,811.96
2026,6,1511,98,1321010101000,REMUNERACAO DEPOSITOS BANCARIOS - PRINC.,63863.46
2026,6,1511,98,2419510101000,TRANSF. ESPECIAL UNIAO - PRINC. - EMENDAS PARLAMENTARES INDIVIDUAIS,199000
2026,6,1541,10,7729990125000,REC. INTRA. - OUTRAS TRANSF. ESTADOS DF - PRINC. - REPASSE DO FUNDO ESTADUAL DE SAUDE - FES - LC FEDERAL NO 141/12,730792.62
2026,6,1911,15,1321010101000,REMUNERACAO DEPOSITOS BANCARIOS - PRINC.,0
2026,6,1911,15,1611040105000,SERVICOS INFORMACAO TECNOLOGIA - PRINC. - PROCESSAMENTO DAS CONSIGNACOES DA FOLHA DE PESSOAL,0
2026,6,1911,15,1999992199000,OUTRAS REC. - PRIMARIAS - PRINC. - DEMAIS,0
2026,6,1911,20,1112510102000,IPVA - PRINC. - COTA PARTE DOS MUNICIPIOS,0
2026,6,1911,20,1112510202000,IPVA - MJM - COTA PARTE DOS MUNICIPIOS,0
2026,6,1911,20,1112510302000,IPVA - DA - COTA PARTE DOS MUNICIPIOS,0
2026,6,1911,20,1114501102000,ICMS - PRINC. - COTA PARTE DOS MUNICIPIOS,0
2026,6,1911,20,1114501202000,ICMS - MJM - COTA PARTE DOS MUNICIPIOS,0
2026,6,1911,20,1114501302000,ICMS - DA - COTA PARTE DOS MUNICIPIOS,0
2026,6,1911,20,9112510102000,DEDUCAO REC. - IPVA - PRINC. - COTA PARTE DOS MUNICIPIOS,0
2026,6,1911,20,9112510202000,DEDUCAO REC. - IPVA - MJM - COTA PARTE DOS MUNICIPIOS,0
2026,6,1911,20,9112510302000,DEDUCAO REC. - IPVA - DA - COTA PARTE DOS MUNICIPIOS,0
2026,6,1911,20,9114501102000,DEDUCAO REC. - ICMS - PRINC. - COTA PARTE DOS MUNICIPIOS,0
2026,6,1911,20,9114501202000,DEDUCAO REC. - ICMS - MJM - COTA PARTE DOS MUNICIPIOS,0
2026,6,1911,20,9114501302000,DEDUCAO REC. - ICMS - DA - COTA PARTE DOS MUNICIPIOS,0
2026,6,1911,23,1112510103000,IPVA - PRINC. - COTA PARTE DO ESTADO PARA O FUNDEB,0
2026,6,1911,23,1112510203000,IPVA - MJM - COTA PARTE DO ESTADO PARA O FUNDEB,0
2026,6,1911,23,1112510303000,IPVA - DA - COTA PARTE DO ESTADO PARA O FUNDEB,0
2026,6,1911,23,1112520102000,ITCD - PRINC. - COTA PARTE DO FUNDEB,0
2026,6,1911,23,1112520202000,ITCD - MJM - COTA PARTE DO FUNDEB,0
2026,6,1911,23,1112520302000,ITCD - DA - COTA PARTE DO FUNDEB,0
2026,6,1911,23,1114501103000,ICMS - PRINC. - COTA PARTE DO ESTADO PARA O FUNDEB,0
2026,6,1911,23,1114501203000,ICMS - MJM - COTA PARTE DO ESTADO PARA O FUNDEB,0
2026,6,1911,23,1114501303000,ICMS - DA - COTA PARTE DO ESTADO PARA O FUNDEB,0
2026,6,1911,23,1114502102000,ADICIONAL ICMS - FEM - PRINC. - COTA PARTE DO FUNDEB,0
2026,6,1911,23,1114502202000,ADICIONAL ICMS - FEM - MJM - COTA PARTE DO FUNDEB,0
2026,6,1911,23,1114502302000,ADICIONAL ICMS - FEM - DA - COTA PARTE DO FUNDEB,0
2026,6,1911,23,1114502402000,ADICIONAL ICMS - FEM - DA-MJM - COTA PARTE DO FUNDEB,0
2026,6,1911,23,1711500102000,COTA-PARTE FPE - PRINC. - FUNDEB,0
2026,6,1911,23,9112510103000,DEDUCAO REC. - IPVA - PRINC. - COTA PARTE DO ESTADO PARA O FUNDEB,0
2026,6,1911,23,9112510203000,DEDUCAO REC. - IPVA - MJM - COTA PARTE DO ESTADO PARA O FUNDEB,0
2026,6,1911,23,9112510303000,DEDUCAO REC. - IPVA - DA - COTA PARTE DO ESTADO PARA O FUNDEB,0
2026,6,1911,23,9112520102000,DEDUCAO REC. - ITCD - PRINC. - COTA PARTE DO ESTADO PARA O FUNDEB,0
2026,6,1911,23,9112520202000,DEDUCAO REC. - ITCD - MJM - COTA PARTE DO ESTADO PARA O FUNDEB,0
2026,6,1911,23,9112520302000,DEDUCAO REC. - ITCD - DA - COTA PARTE DO ESTADO PARA O FUNDEB,0
2026,6,1911,23,9114501103000,DEDUCAO REC. - ICMS - PRINC. - COTA PARTE DO ESTADO PARA O FUNDEB,0
2026,6,1911,23,9114501203000,DEDUCAO REC. - ICMS - MJM - COTA PARTE DO ESTADO PARA O FUNDEB,0
2026,6,1911,23,9114501303000,DEDUCAO REC. - ICMS - DA - COTA PARTE DO ESTADO PARA O FUNDEB,0
2026,6,1911,23,9114502102000,DEDUCAO REC. - ADICIONAL ICMS - FEM - PRINC. - COTA PARTE DO FUNDEB,0
2026,6,1911,23,9114502202000,DEDUCAO REC. - ADICIONAL ICMS - FEM - MJM - COTA PARTE DO FUNDEB,0
2026,6,1911,23,9114502302000,DEDUCAO REC. - ADICIONAL ICMS - FEM - DA - COTA PARTE DO FUNDEB,0
2026,6,1911,23,9114502402000,DEDUCAO REC. - ADICIONAL ICMS - FEM - DA-MJM - COTA PARTE DO FUNDEB,0
2026,6,1911,23,9711500102000,DEDUCAO REC. - COTA-PARTE FPE - PRINC. - FUNDEB,0
2026,6,1911,25,1321010101000,REMUNERACAO DEPOSITOS BANCARIOS - PRINC.,0
2026,6,2011,49,1219991101008,DEMAIS CONTRIB. SOC. - PRINC. - CONTRIB. PATRON. CIVIL SAUDE - MUNICIPIOS,14275.81
2026,6,2011,49,1922990199000,OUTRAS RESTITUICOES - PRINC. - DEMAIS,356.25
2026,6,2011,49,7219991101001,REC. INTRA. - DEMAIS CONTRIB. SOC. - PRINC. - CONTRIB. PATRON. CIVIL SAUDE - SERVIDOR ATIVO,13182433.46
2026,6,2011,49,7219991101002,REC. INTRA. - DEMAIS CONTRIB. SOC. - PRINC. - CONTRIB. PATRON. CIVIL SAUDE - SERVIDOR INATIVO,14673620.53
2026,6,2011,49,7219991101003,REC. INTRA. - DEMAIS CONTRIB. SOC. - PRINC. - CONTRIB. PATRON. CIVIL SAUDE - PENSIONISTA,2056880.19
2026,6,2011,49,7219991101004,REC. INTRA. - DEMAIS CONTRIB. SOC. - PRINC. - CONTRIB. PATRON. CIVIL SAUDE - CONTRATO ADMINISTRATIVO,1180046
2026,6,2011,49,7219991101005,REC. INTRA. - DEMAIS CONTRIB. SOC. - PRINC. - CONTRIB. PATRON. CIVIL SAUDE - ESTADO - DEPENDENTES,10523215.27
2026,6,2011,49,7219991101006,REC. INTRA. - DEMAIS CONTRIB. SOC. - PRINC. - CONTRIB. PATRON. CIVIL SAUDE - ESTADO - DEPENDENTES - FILHOS,7329995.19
2026,6,2011,50,1219991102001,DEMAIS CONTRIB. SOC. - PRINC. - CONTRIB. CIVIL SAUDE - ATIVO,26525937.29
2026,6,2011,50,1219991102002,DEMAIS CONTRIB. SOC. - PRINC. - CONTRIB. CIVIL SAUDE - INATIVO,37277630.02
2026,6,2011,50,1219991102003,DEMAIS CONTRIB. SOC. - PRINC. - CONTRIB. CIVIL SAUDE - PENSIONISTA,5454029.16
2026,6,2011,50,1219991102004,DEMAIS CONTRIB. SOC. - PRINC. - CONTRIB. CIVIL SAUDE - CONTRATO ADMINISTRATIVO,2635393.14
2026,6,2011,50,1219991102005,DEMAIS CONTRIB. SOC. - PRINC. - CONTRIB. CIVIL SAUDE - ESTADO - DEPENDENTES,24264800.46
2026,6,2011,50,1219991102006,DEMAIS CONTRIB. SOC. - PRINC. - CONTRIB. CIVIL SAUDE - ESTADO - DEPENDENTES - FILHOS,14580317.8
2026,6,2011,50,1219991102007,DEMAIS CONTRIB. SOC. - PRINC. - CONTRIB. CIVIL SAUDE - USUARIO FACULTATIVO,33213.73
2026,6,2011,50,1219991102008,DEMAIS CONTRIB. SOC. - PRINC. - CONTRIB. CIVIL SAUDE - MUNICIPIOS,32523.76
2026,6,2011,50,1219991102009,DEMAIS CONTRIB. SOC. - PRINC. - CONTRIB. CIVIL SAUDE - DEMAIS - SERVIDOR,276546.13
2026,6,2011,50,1219991102010,DEMAIS CONTRIB. SOC. - PRINC. - CONTRIB. CIVIL SAUDE - DEMAIS - DEPENDENTES,163964.35
2026,6,2011,50,1219991102011,DEMAIS CONTRIB. SOC. - PRINC. - CONTRIB. CIVIL SAUDE - DEMAIS - DEPENDENTES - FILHOS,109815.9
2026,6,2011,50,1922063199000,RESTITUICAO DESPESAS PRIMARIAS EXERCICIOS ANTERIORES - PRINC. - DEMAIS,500
2026,6,2011,50,1922990199000,OUTRAS RESTITUICOES - PRINC. - DEMAIS,4582.08
2026,6,2011,60,1219991299000,DEMAIS CONTRIB. SOC. - MJM - DEMAIS,2545.27
2026,6,2011,60,1219991399000,DEMAIS CONTRIB. SOC. - DA - DEMAIS,111207.59
2026,6,2011,60,1219991499000,DEMAIS CONTRIB. SOC. - DA-MJM - DEMAIS,306705.7
2026,6,2011,60,1311020199000,CONC. PERM. AUTOR. CESSAO DIR. USO BENS IMOV. PUB. - PRINC. - DEMAIS,99061.28
2026,6,2011,60,1321010101000,REMUNERACAO DEPOSITOS BANCARIOS - PRINC.,4106682.42
2026,6,2011,60,1611010120000,SERVICOS ADM. COMERC. GER. - PRINC. - ADMINISTRACAO DE FUNDO DE PECULIO,70442.3
2026,6,2011,60,1611010199001,SERVICOS ADM. COMERC. GER. - PRINC. - DEMAIS - SERVICOS ADMINISTRATIVOS,10
2026,6,2011,60,1911090199000,MULTAS JUROS PREVISTOS CONTRATOS - PRINC. - DEMAIS,585.69
2026,6,2011,60,1922063199000,RESTITUICAO DESPESAS PRIMARIAS EXERCICIOS ANTERIORES - PRINC. - DEMAIS,30.24
2026,6,2011,60,1922990199000,OUTRAS RESTITUICOES - PRINC. - DEMAIS,67196.5
2026,6,2011,60,1999992199000,OUTRAS REC. - PRIMARIAS - PRINC. - DEMAIS,76692.86
2026,6,2011,60,7311011101000,REC. INTRA. - ALUGUEIS ARRENDAMENTOS - PRINC. - ALUGUEIS,68118.24
2026,6,2011,61,1631990105001,OUTROS SERV. ATEND. SAUDE - PRINC. - COPARTICIP. SEGURADOS - SERVICOS HOSPITALARES,8264196.4
2026,6,2011,61,1631990105002,OUTROS SERV. ATEND. SAUDE - PRINC. - COPARTICIP. SEGURADOS - SERVICOS ODONTOLOGICOS,752784.34
2026,6,2041,60,1321010101000,REMUNERACAO DEPOSITOS BANCARIOS - PRINC.,31336.02
2026,6,2041,60,1922990199000,OUTRAS RESTITUICOES - PRINC. - DEMAIS,775.84
2026,6,2041,60,1999992102000,OUTRAS REC. - PRIMARIAS - PRINC. - RENDAS DE LOTERIA INSTANTANEA,107374.37
2026,6,2041,60,1999992103000,OUTRAS REC. - PRIMARIAS - PRINC. - RENDAS DE LOTERIA ONLINE,0
2026,6,2041,60,1999992116000,OUTRAS REC. - PRIMARIAS - PRINC. - RENDAS DE LOTERIA CONVENCIONAL,48442.5
2026,6,2061,24,1321010101000,REMUNERACAO DEPOSITOS BANCARIOS - PRINC.,8542.64
2026,6,2061,60,1311011101000,ALUGUEIS ARRENDAMENTOS - PRINC. - ALUGUEIS,6798.01
2026,6,2061,60,1611010103000,"SERVICOS ADM. COMERC. GER. - PRINC. - COMERCIALIZACAO DE LIVROS, PERIODICOS, MATERIAIS ESCOLARES E PUBLICIDADE",100
2026,6,2061,60,1611010124000,SERVICOS ADM. COMERC. GER. - PRINC. - EDUCACIONAIS E CAPACITACAO,229489.47
2026,6,2061,60,1611010130000,SERVICOS ADM. COMERC. GER. - PRINC. - ESTUDOS E PESQUISA,179715.21
2026,6,2061,60,1611010199001,SERVICOS ADM. COMERC. GER. - PRINC. - DEMAIS - SERVICOS ADMINISTRATIVOS,8.25
2026,6,2061,60,1611030104000,SERVICOS REG. CERTIF. FISCALIZ. - PRINC. - EXPEDICAO DE CERTIFICADOS,99163.78
2026,6,2061,60,1922990199000,OUTRAS RESTITUICOES - PRINC. - DEMAIS,424722.45
2026,6,2071,60,1321010101000,REMUNERACAO DEPOSITOS BANCARIOS - PRINC.,0
2026,6,2071,60,1922011101000,RESTITUICAO CONVENIOS - PRIMARIAS - PRINC.,1045061.63
2026,6,2071,68,1321010101000,REMUNERACAO DEPOSITOS BANCARIOS - PRINC.,0
2026,6,2071,69,1321010101000,REMUNERACAO DEPOSITOS BANCARIOS - PRINC.,0
2026,6,2091,9,1741990146999,MEIO AMBIENTE - OUTROS,0
2026,6,2091,52,1121040103000,TX. CONTR. FISC. AMBIENT. - PRINC. - TAXA DE CONTROLE E FISCALIZACAO AMBIENTAL,31101997.45
2026,6,2091,52,1121040203000,TX. CONTR. FISC. AMBIENT. - MJM - TAXA DE CONTROLE E FISCALIZACAO AMBIENTAL,215716.86
2026,6,2091,52,1121040303000,TX. CONTR. FISC. AMBIENT. - DA - TAXA DE CONTROLE E FISCALIZACAO AMBIENTAL,486645.54
2026,6,2091,52,1922990199000,OUTRAS RESTITUICOES - PRINC. - DEMAIS,154.73
2026,6,2091,59,1921990101000,OUTRAS INDENIZACOES - PRINC. - IMPACTOS E DANOS AMBIENTAIS,157637.46
2026,6,2091,60,1611010199001,SERVICOS ADM. COMERC. GER. - PRINC. - DEMAIS - SERVICOS ADMINISTRATIVOS,200
2026,6,2091,60,1699990301000,OUTROS SERVICOS - DA,964556.92
2026,6,2091,60,1911061101000,MULTAS ADM. DANOS AMBIENTAIS - PRINC.,1218067.57
2026,6,2091,60,1922990199000,OUTRAS RESTITUICOES - PRINC. - DEMAIS,11874.33
2026,6,2091,79,1911061101000,MULTAS ADM. DANOS AMBIENTAIS - PRINC.,227820.21
2026,6,2091,91,1121040104000,TX. CONTR. FISC. AMBIENT. - PRINC. - TAXA DE REGULARIZACAO AMBIENTAL,5247.53
2026,6,2091,91,1121040109000,"TX. CONTR. FISC. AMBIENT. - PRINC. - TAXA DE REPROGRAFIA, CERTIDOES E JULGAMENTO DE CONTENCIOSO",108871.4
2026,6,2091,91,1122010101011,TX. PREST. SERV. G. - PRINC. - TX. EXP. - ATOS DE AUTORIDADE ADMINISTRATIVA DO SISTEMA ESTADUAL DE MEIO AMBIENTE E RECURSOS HIDRICOS - SISEMA,894885.58
2026,6,2101,26,1121040101000,TX. CONTR. FISC. AMBIENT. - PRINC. - TAXA FLORESTAL,9133232.33
2026,6,2101,26,1922990199000,OUTRAS RESTITUICOES - PRINC. - DEMAIS,17013.79
2026,6,2101,52,1121040103000,TX. CONTR. FISC. AMBIENT. - PRINC. - TAXA DE CONTROLE E FISCALIZACAO AMBIENTAL,112081.05
2026,6,2101,60,1611010116000,SERVICOS ADM. COMERC. GER. - PRINC. - MEIO AMBIENTE,0
2026,6,2101,60,1611010121000,SERVICOS ADM. COMERC. GER. - PRINC. - GESTAO DE CRIADORES DE PASSEIFORMES SILVESTRES,664475.1
2026,6,2101,60,1911061101000,MULTAS ADM. DANOS AMBIENTAIS - PRINC.,868933.09
2026,6,2101,60,1922990199000,OUTRAS RESTITUICOES - PRINC. - DEMAIS,300
2026,6,2101,60,1999992199000,OUTRAS REC. - PRIMARIAS - PRINC. - DEMAIS,104027.64
2026,6,2101,61,1349010101000,COMPENSACOES AMBIENTAIS - PRINC. - REPOSICAO FLORESTAL,6510775.61
2026,6,2101,61,1349010199000,COMPENSACOES AMBIENTAIS - PRINC. - DEMAIS,3347782.89
2026,6,2101,61,1611010118000,SERVICOS ADM. COMERC. GER. - PRINC. - VISITACAO DAS UNIDADES DE CONSERVACAO DA NATUREZA,58923.69
2026,6,2101,79,1911061101000,MULTAS ADM. DANOS AMBIENTAIS - PRINC.,375978.87
2026,6,2101,91,1121040105000,TX. CONTR. FISC. AMBIENT. - PRINC. - TAXA DA LEI DA PESCA,80896.1
2026,6,2101,91,1121040106000,TX. CONTR. FISC. AMBIENT. - PRINC. - TAXA DE LIBERACAO E MANEJO DA FAUNA E FLORA,50528.91
2026,6,2101,91,1121040107000,TX. CONTR. FISC. AMBIENT. - PRINC. - TAXA DA LEI DE POLITICA FLORESTAL,1113769.56
2026,6,2101,91,1121040109000,"TX. CONTR. FISC. AMBIENT. - PRINC. - TAXA DE REPROGRAFIA, CERTIDOES E JULGAMENTO DE CONTENCIOSO",10944.04
2026,6,2121,47,2213010101000,ALIENACAO BENS MOVEIS E SEMOVENTES - PRINC.,17700
2026,6,2121,49,7219991103052,REC. INTRA. - DEMAIS CONTRIB. SOC. - PRINC. - IPSM - CONTRIB. PATRONAL - INATIVO CIVIL,470274.32
2026,6,2121,49,7219991103053,REC. INTRA. - DEMAIS CONTRIB. SOC. - PRINC. - IPSM - CONTRIB. PATRONAL MILITAR PARA A SAUDE - ATIVO,24424970.31
2026,6,2121,49,7219991103054,REC. INTRA. - DEMAIS CONTRIB. SOC. - PRINC. - IPSM - CONTRIB. PATRONAL MILITAR PARA A SAUDE - INATIVO,34628557.31
2026,6,2121,49,7219991103055,REC. INTRA. - DEMAIS CONTRIB. SOC. - PRINC. - IPSM - CONTRIB. PATRONAL MILITAR PARA A PREVIDENCIA - ATIVO,54365256.49
2026,6,2121,49,7219991103056,REC. INTRA. - DEMAIS CONTRIB. SOC. - PRINC. - IPSM - CONTRIB. PATRONAL MILITAR PARA A PREVIDENCIA - INATIVO,77090633.34
2026,6,2121,50,1219991103002,DEMAIS CONTRIB. SOC. - PRINC. - IPSM - CONTRIB. DO SERVIDOR CIVIL - INATIVO,235418.24
2026,6,2121,50,1219991103003,DEMAIS CONTRIB. SOC. - PRINC. - IPSM - CONTRIB. MILITAR PARA A SAUDE - ATIVO,11030464.25
2026,6,2121,50,1219991103004,DEMAIS CONTRIB. SOC. - PRINC. - IPSM - CONTRIB. MILITAR PARA A SAUDE - INATIVO,18513011.85
2026,6,2121,50,1219991103005,DEMAIS CONTRIB. SOC. - PRINC. - IPSM - CONTRIB. MILITAR PARA A PREVIDENCIA  - ATIVO,24552400.52
2026,6,2121,50,1219991103006,DEMAIS CONTRIB. SOC. - PRINC. - IPSM - CONTRIB. MILITAR PARA A PREVIDENCIA  - INATIVO,41240325.25
2026,6,2121,50,1219991103007,DEMAIS CONTRIB. SOC. - PRINC. - IPSM - CONTRIB. MILITAR PARA A PREVIDENCIA  - PENSIONISTA,721263.77
2026,6,2121,50,1922990199000,OUTRAS RESTITUICOES - PRINC. - DEMAIS,5095.55
2026,6,2121,60,1311011101000,ALUGUEIS ARRENDAMENTOS - PRINC. - ALUGUEIS,328299.33
2026,6,2121,60,1311011201000,ALUGUEIS ARRENDAMENTOS - MJM - ALUGUEIS,4655.96
2026,6,2121,60,1322010102000,DIVIDENDOS - PRINC. - EMPRESAS NAO ESTATAIS,829.44
2026,6,2121,60,1329990102000,OUTROS VALORES MOBILIARIOS - PRINC. - FUNDOS DE INVESTIMENTO,4910158.69
2026,6,2121,60,1611010199001,SERVICOS ADM. COMERC. GER. - PRINC. - DEMAIS - SERVICOS ADMINISTRATIVOS,211619
2026,6,2121,60,1611040105000,SERVICOS INFORMACAO TECNOLOGIA - PRINC. - PROCESSAMENTO DAS CONSIGNACOES DA FOLHA DE PESSOAL,124729.1
2026,6,2121,60,1631990105001,OUTROS SERV. ATEND. SAUDE - PRINC. - COPARTICIP. SEGURADOS - SERVICOS HOSPITALARES,9697788.03
2026,6,2121,60,1631990105002,OUTROS SERV. ATEND. SAUDE - PRINC. - COPARTICIP. SEGURADOS - SERVICOS ODONTOLOGICOS,1495481.52
2026,6,2121,60,1922990199000,OUTRAS RESTITUICOES - PRINC. - DEMAIS,41171.44
2026,6,2121,60,1999992199000,OUTRAS REC. - PRIMARIAS - PRINC. - DEMAIS,1581456.38
2026,6,2151,60,1411010101000,REC. AGROPECUARIA - PRINC. - PRODUCAO VEGETAL,600
2026,6,2151,60,1611010199001,SERVICOS ADM. COMERC. GER. - PRINC. - DEMAIS - SERVICOS ADMINISTRATIVOS,28610
2026,6,2171,60,1699990101000,OUTROS SERVICOS - PRINC.,0
2026,6,2181,60,1311011101000,ALUGUEIS ARRENDAMENTOS - PRINC. - ALUGUEIS,223.3
2026,6,2201,9,1321010101000,REMUNERACAO DEPOSITOS BANCARIOS - PRINC.,864.07
2026,6,2201,24,1321010101000,REMUNERACAO DEPOSITOS BANCARIOS - PRINC.,8173.35
2026,6,2201,24,2414990111004,CULTURA - INSTITUTO DO PATRIMONIO HISTORICO E ARTISTICO NACIONAL - IPHAN,1000000
2026,6,2201,45,1321010101000,REMUNERACAO DEPOSITOS BANCARIOS - PRINC.,77089.92
2026,6,2201,60,1699990101000,OUTROS SERVICOS - PRINC.,218.1
2026,6,2241,24,1321010101000,REMUNERACAO DEPOSITOS BANCARIOS - PRINC.,13022.63
2026,6,2241,60,1321010101000,REMUNERACAO DEPOSITOS BANCARIOS - PRINC.,1765.1
2026,6,2241,60,1699990301000,OUTROS SERVICOS - DA,675328.84
2026,6,2241,60,1911061101000,MULTAS ADM. DANOS AMBIENTAIS - PRINC.,14762.97
2026,6,2241,61,1345010101000,OUTORGA DIR. USO RECURSOS HIDRICOS - PRINC.,2898065.79
2026,6,2241,61,1345010301000,OUTORGA DIR. USO RECURSOS HIDRICOS - DA,19383.85
2026,6,2241,73,1321010101000,REMUNERACAO DEPOSITOS BANCARIOS - PRINC.,55101.29
2026,6,2241,79,1911061101000,MULTAS ADM. DANOS AMBIENTAIS - PRINC.,3579.38
2026,6,2241,91,1121040104000,TX. CONTR. FISC. AMBIENT. - PRINC. - TAXA DE REGULARIZACAO AMBIENTAL,954987.28
2026,6,2241,91,1121040109000,"TX. CONTR. FISC. AMBIENT. - PRINC. - TAXA DE REPROGRAFIA, CERTIDOES E JULGAMENTO DE CONTENCIOSO",1742.76
2026,6,2251,60,1321060101000,JUROS CAPITAL PROPRIO - PRINC. - EMPRESAS ESTATAIS,1867.63
2026,6,2251,60,1322010101000,DIVIDENDOS - PRINC. - EMPRESAS ESTATAIS,1493.99
2026,6,2251,60,1611030106000,SERVICOS REG. CERTIF. FISCALIZ. - PRINC. - REGISTRO DO COMERCIO,10342424.8
2026,6,2251,60,1922990199000,OUTRAS RESTITUICOES - PRINC. - DEMAIS,294.8
2026,6,2261,10,1922990101000,OUTRAS RESTITUICOES - PRINC. - RECURSOS ORIGINARIOS DO FUNDO ESTADUAL DE SAUDE - FES,100582.5
2026,6,2261,10,7729990125000,REC. INTRA. - OUTRAS TRANSF. ESTADOS DF - PRINC. - REPASSE DO FUNDO ESTADUAL DE SAUDE - FES - LC FEDERAL NO 141/12,40854505.82
2026,6,2261,24,1321010101000,REMUNERACAO DEPOSITOS BANCARIOS - PRINC.,2621.62
2026,6,2261,60,1311011101000,ALUGUEIS ARRENDAMENTOS - PRINC. - ALUGUEIS,1736.98
2026,6,2261,60,1511010101003,REC. INDUSTRIAL - PRINC. - INDUSTRIA TRANSFORMACAO - INDUSTRIA DE PRODUTOS FARMACEUTICOS E VETERINARIOS,32580303.85
2026,6,2261,60,1922990199000,OUTRAS RESTITUICOES - PRINC. - DEMAIS,58.07
2026,6,2261,60,7631520101000,REC. INTRA. - SERVICOS RADIOLOGICOS LABORATORIAIS - PRINC.,179797.65
2026,6,2271,10,1922990101000,OUTRAS RESTITUICOES - PRINC. - RECURSOS ORIGINARIOS DO FUNDO ESTADUAL DE SAUDE - FES,1100677.66
2026,6,2271,10,7729990125000,REC. INTRA. - OUTRAS TRANSF. ESTADOS DF - PRINC. - REPASSE DO FUNDO ESTADUAL DE SAUDE - FES - LC FEDERAL NO 141/12,295350312.86
2026,6,2271,45,1321010101000,REMUNERACAO DEPOSITOS BANCARIOS - PRINC.,773.2
2026,6,2271,60,1321010101000,REMUNERACAO DEPOSITOS BANCARIOS - PRINC.,5.19
2026,6,2271,60,1631500101000,SERVICOS HOSPITALARES - PRINC.,22854329.27
2026,6,2271,60,1999992199000,OUTRAS REC. - PRIMARIAS - PRINC. - DEMAIS,55.85
2026,6,2271,68,1321010101000,REMUNERACAO DEPOSITOS BANCARIOS - PRINC.,17544.89
2026,6,2271,70,1321010101000,REMUNERACAO DEPOSITOS BANCARIOS - PRINC.,235733.54
2026,6,2271,70,1732500101000,SUS-SAUDE - DIVERSOS MUNICIPIOS,1148065.89
2026,6,2281,36,1321010101000,REMUNERACAO DEPOSITOS BANCARIOS - PRINC.,47398.75
2026,6,2301,60,1611010128000,"SERVICOS ADM. COMERC. GER. - PRINC. - CONSULTORIA, ASSISTENCIA TECNICA E ANALISE DE PROJETOS",0
2026,6,2301,60,1921990199000,OUTRAS INDENIZACOES - PRINC. - DEMAIS,4134.84
2026,6,2301,60,1922990199000,OUTRAS RESTITUICOES - PRINC. - DEMAIS,5930.53
2026,6,2301,60,1999992199000,OUTRAS REC. - PRIMARIAS - PRINC. - DEMAIS,17639.7
2026,6,2301,60,1999992299000,OUTRAS REC. - PRIMARIAS - MJM - DEMAIS,460599.54
2026,6,2301,68,1321010101000,REMUNERACAO DEPOSITOS BANCARIOS - PRINC.,43999.2
2026,6,2301,69,1321010101000,REMUNERACAO DEPOSITOS BANCARIOS - PRINC.,1293.98
2026,6,2301,70,1321010101000,REMUNERACAO DEPOSITOS BANCARIOS - PRINC.,241524.55
2026,6,2301,74,1321010101000,REMUNERACAO DEPOSITOS BANCARIOS - PRINC.,427329.15
2026,6,2301,74,2441990118002,TRANSPORTE - EMPRESAS DO SETOR SUCROENERGETICO,0
2026,6,2301,91,1122010101001,TX. PREST. SERV. G. - PRINC. - TX. EXP. - DEPARTAMENTO DE EDIFICACOES E ESTRADAS DE RODAGEM DO ESTADO DE MINAS GERAIS - DERMG,573990.74
2026,6,2301,91,1122010104000,TX. PREST. SERV. G. - PRINC. - TAXA DE GERENCIAMENTO DO SISTEMA TRANSPORTE RODOVIARIO INTERMUNICIPAL - DEPARTAMENTO DE EDIFICACOES E ESTRADAS DE RODAGEM DO ESTADO DE MINAS GERAIS - DERMG,9694.62
2026,6,2301,91,1921990199000,OUTRAS INDENIZACOES - PRINC. - DEMAIS,0
2026,6,2301,91,1922990199000,OUTRAS RESTITUICOES - PRINC. - DEMAIS,14.77
2026,6,2311,1,1321010101000,REMUNERACAO DEPOSITOS BANCARIOS - PRINC.,714.77
2026,6,2311,1,2414500101000,SUS-SAUDE - MINISTERIO DA SAUDE,126823.34
2026,6,2311,10,7729990125000,REC. INTRA. - OUTRAS TRANSF. ESTADOS DF - PRINC. - REPASSE DO FUNDO ESTADUAL DE SAUDE - FES - LC FEDERAL NO 141/12,8492017.06
2026,6,2311,24,1321010101000,REMUNERACAO DEPOSITOS BANCARIOS - PRINC.,26818.95
2026,6,2311,36,1321010101000,REMUNERACAO DEPOSITOS BANCARIOS - PRINC.,80553.66
2026,6,2311,60,1311011101000,ALUGUEIS ARRENDAMENTOS - PRINC. - ALUGUEIS,9356.54
2026,6,2311,60,1321010101000,REMUNERACAO DEPOSITOS BANCARIOS - PRINC.,3762.23
2026,6,2311,60,1611010124000,SERVICOS ADM. COMERC. GER. - PRINC. - EDUCACIONAIS E CAPACITACAO,587
2026,6,2311,60,1611020101000,INSCRICAO CONCURSOS PROCESSOS SELETIVOS - PRINC.,333565
2026,6,2311,60,1631500101000,SERVICOS HOSPITALARES - PRINC.,1164249.19
2026,6,2311,60,1922990199000,OUTRAS RESTITUICOES - PRINC. - DEMAIS,487.47
2026,6,2311,70,1321010101000,REMUNERACAO DEPOSITOS BANCARIOS - PRINC.,155777.89
2026,6,2311,70,1732500101000,SUS-SAUDE - DIVERSOS MUNICIPIOS,253456.22
2026,6,2321,1,1321010101000,REMUNERACAO DEPOSITOS BANCARIOS - PRINC.,11.96
2026,6,2321,10,1922990101000,OUTRAS RESTITUICOES - PRINC. - RECURSOS ORIGINARIOS DO FUNDO ESTADUAL DE SAUDE - FES,90292.25
2026,6,2321,24,1321010101000,REMUNERACAO DEPOSITOS BANCARIOS - PRINC.,157.91
2026,6,2321,24,2414500101000,SUS-SAUDE - MINISTERIO DA SAUDE,115862
2026,6,2321,60,1631500101000,SERVICOS HOSPITALARES - PRINC.,101660.64
2026,6,2321,60,1631530101000,SERVICOS AMBULATORIAIS - PRINC.,176469.49
2026,6,2321,60,1631990102000,"OUTROS SERV. ATEND. SAUDE - PRINC. - SERVICOS DE COLETA, PROCESSAMENTO E ARMAZENAMENTO DE CELULAS E TECIDOS BIOLOGICOS",267362.97
2026,6,2321,60,1631990104000,OUTROS SERV. ATEND. SAUDE - PRINC. - SERVICOS DE SAUDE PRESTADOS A PARTICULARES,3175775.98
2026,6,2321,60,1631990202000,"OUTROS SERV. ATEND. SAUDE - MJM - SERVICOS DE COLETA, PROCESSAMENTO E ARMAZENAMENTO DE CELULAS E TECIDOS BIOLOGICOS",980.73
2026,6,2321,60,1631990204000,OUTROS SERV. ATEND. SAUDE - MJM - SERVICOS DE SAUDE PRESTADOS A PARTICULARES,11952.62
2026,6,2321,60,1911090199000,MULTAS JUROS PREVISTOS CONTRATOS - PRINC. - DEMAIS,143670.48
2026,6,2321,60,1922990199000,OUTRAS RESTITUICOES - PRINC. - DEMAIS,751.13
2026,6,2321,60,7631990103000,REC. INTRA. - OUTROS SERV. ATEND. SAUDE - PRINC. - SERVICOS DE SAUDE PRESTADOS AO SIA/SUS,5060831.02
2026,6,2331,73,1321010101000,REMUNERACAO DEPOSITOS BANCARIOS - PRINC.,31087.97
2026,6,2331,73,1717990106001,"CIENCIA TECNOLOGIA - INSTITUTO NACIONAL DE METROLOGIA, QUALIDADE E TECNOLOGIA - INMETRO",2984259
2026,6,2331,73,1922990199000,OUTRAS RESTITUICOES - PRINC. - DEMAIS,9430.18
2026,6,2351,1,1321010101000,REMUNERACAO DEPOSITOS BANCARIOS - PRINC.,3293.65
2026,6,2351,1,1717510108000,EDUCACAO - MINISTERIO DA EDUCACAO,10283.23
2026,6,2351,1,2412509103000,EDUCACAO - FNDE - AQUISICAO DE EQUIPAMENTOS DE MATERIAL PERMANENTE,51122.18
2026,6,2351,24,1321010101000,REMUNERACAO DEPOSITOS BANCARIOS - PRINC.,33174.93
2026,6,2351,60,1311011102000,ALUGUEIS ARRENDAMENTOS - PRINC. - ARRENDAMENTOS,9482.24
2026,6,2351,60,1611010124000,SERVICOS ADM. COMERC. GER. - PRINC. - EDUCACIONAIS E CAPACITACAO,7322.54
2026,6,2351,60,1922990199000,OUTRAS RESTITUICOES - PRINC. - DEMAIS,9676.48
2026,6,2351,70,1321010101000,REMUNERACAO DEPOSITOS BANCARIOS - PRINC.,5966.39
2026,6,2361,60,1219991101001,DEMAIS CONTRIB. SOC. - PRINC. - CONTRIB. PATRON. CIVIL SAUDE - SERVIDOR ATIVO,194307.1
2026,6,2361,60,1219991104002,DEMAIS CONTRIB. SOC. - PRINC. - IPLEMG - CONTRIB. DO SEGURADO - INATIVO,279403.21
2026,6,2361,60,1219991104003,DEMAIS CONTRIB. SOC. - PRINC. - IPLEMG - CONTRIB. DO SEGURADO - PENSIONISTA,219365.34
2026,6,2361,60,1219991104052,DEMAIS CONTRIB. SOC. - PRINC. - IPLEMG - CONTRIB. PATRONAL - EXERCENTE DE MANDATO ELETIVO FEDERAL OU MUNICIPAL,147356.95
2026,6,2361,60,1321010101000,REMUNERACAO DEPOSITOS BANCARIOS - PRINC.,8150699.66
2026,6,2361,60,1322010102000,DIVIDENDOS - PRINC. - EMPRESAS NAO ESTATAIS,5.93
2026,6,2361,60,1641010101000,RETORNO OPER. JUROS ENCARG. FINANCEIROS - PRINC. - JUROS DE EMPRESTIMOS,98963.55
2026,6,2361,60,1999992199000,OUTRAS REC. - PRIMARIAS - PRINC. - DEMAIS,704446.25
2026,6,2361,60,7219991104051,REC. INTRA. - DEMAIS CONTRIB. SOC. - PRINC. - IPLEMG - CONTRIB. PATRONAL - EXERCENTE DE MANDATO ESTADUAL,229512.6
2026,6,2361,60,7999992105000,REC. INTRA. - OUTRAS REC. - PRIMARIAS - PRINC. - RESERVA TECNICA OBRIGATORIA - EQUILIBRIO ATUARIAL,996083
2026,6,2371,24,1321010101000,REMUNERACAO DEPOSITOS BANCARIOS - PRINC.,1585.49
2026,6,2371,60,1321010101000,REMUNERACAO DEPOSITOS BANCARIOS - PRINC.,32.36
2026,6,2371,60,1611010125000,SERVICOS ADM. COMERC. GER. - PRINC. - AGROPECUARIOS,39797.19
2026,6,2371,60,1611030104000,SERVICOS REG. CERTIF. FISCALIZ. - PRINC. - EXPEDICAO DE CERTIFICADOS,18592
2026,6,2371,60,1611030106000,SERVICOS REG. CERTIF. FISCALIZ. - PRINC. - REGISTRO DO COMERCIO,51579.7
2026,6,2371,60,1611030199000,SERVICOS REG. CERTIF. FISCALIZ. - PRINC. - DEMAIS,109506.9
2026,6,2371,60,1699990101000,OUTROS SERVICOS - PRINC.,53825.87
2026,6,2371,60,1922990199000,OUTRAS RESTITUICOES - PRINC. - DEMAIS,5782.91
2026,6,2371,60,1999992299000,OUTRAS REC. - PRIMARIAS - MJM - DEMAIS,1318761.93
2026,6,2371,91,1122010101003,TX. PREST. SERV. G. - PRINC. - TX. EXP. - INSTITUTO MINEIRO DE AGROPECUARIA - IMA,6660427.52
2026,6,2371,91,1321010101000,REMUNERACAO DEPOSITOS BANCARIOS - PRINC.,193.11
2026,6,2371,91,1922990199000,OUTRAS RESTITUICOES - PRINC. - DEMAIS,26504.59
2026,6,2421,1,1321010101000,REMUNERACAO DEPOSITOS BANCARIOS - PRINC.,2146.33
2026,6,2421,24,1321010101000,REMUNERACAO DEPOSITOS BANCARIOS - PRINC.,127447.78
2026,6,2431,60,1611010199001,SERVICOS ADM. COMERC. GER. - PRINC. - DEMAIS - SERVICOS ADMINISTRATIVOS,105881.75
2026,6,2441,59,1121010104000,TX. INSP. CONTR. FISC. - PRINC. - TAXA DE FISCALIZACAO SOBRE SERVICOS PUBLICOS DE ABASTECIMENTO DE AGUA E SANEAMENTO,3890194.73
2026,6,2441,59,1922990199000,OUTRAS RESTITUICOES - PRINC. - DEMAIS,499.02
2026,6,2461,60,1611010199001,SERVICOS ADM. COMERC. GER. - PRINC. - DEMAIS - SERVICOS ADMINISTRATIVOS,3497.2
2026,6,3041,2,1717990105007,AGROPECUARIA - MINISTERIO DO DESENVOLVIMENTO AGRARIO E AGRICULTURA FAMILIAR,2371859
2026,6,3041,2,2414990107007,AGROPECUARIA - MINISTERIO DO DESENVOLVIMENTO AGRARIO E AGRICULTURA FAMILIAR,971563.82
2026,6,3041,60,1611010128000,"SERVICOS ADM. COMERC. GER. - PRINC. - CONSULTORIA, ASSISTENCIA TECNICA E ANALISE DE PROJETOS",3527768.65
2026,6,3041,60,7699990101000,REC. INTRA. - OUTROS SERVICOS - PRINC.,1868064
2026,6,3041,67,1732990108001,AGROPECUARIA - DIVERSOS MUNICIPIOS,9240152.67
2026,6,3051,60,1411010101000,REC. AGROPECUARIA - PRINC. - PRODUCAO VEGETAL,222869.69
2026,6,3051,60,1411010102999,REC. AGROPECUARIA - PRINC. - PRODUCAO ANIMAL DERIVADOS - OUTROS,466896.4
2026,6,3051,60,1511010101004,REC. INDUSTRIAL - PRINC. - INDUSTRIA TRANSFORMACAO - INDUSTRIA DE PRODUTOS ALIMENTARES,72559.11
2026,6,3051,60,1611010130000,SERVICOS ADM. COMERC. GER. - PRINC. - ESTUDOS E PESQUISA,87137.38
2026,6,3051,60,1611040102000,SERVICOS INFORMACAO TECNOLOGIA - PRINC. - INFORMACOES CIENTIFICAS E TECNOLOGICAS,2077.93
2026,6,3051,60,1999992199000,OUTRAS REC. - PRIMARIAS - PRINC. - DEMAIS,79151.96
2026,6,3051,60,7411010101000,REC. INTRA. - REC. AGROPECUARIA - PRINC. - PRODUCAO VEGETAL,46819.5
2026,6,3151,60,1611010107000,SERVICOS ADM. COMERC. GER. - PRINC. - COMUNICACAO,180203.85
2026,6,4031,60,1311020101000,CONC. PERM. AUTOR. CESSAO DIR. USO BENS IMOV. PUB. - PRINC. - CONCESSAO DE DIREITO REAL DE USO DE AREA PUBLICA,291933.21
2026,6,4031,60,1321010101000,REMUNERACAO DEPOSITOS BANCARIOS - PRINC.,72442821.7
2026,6,4031,60,1611010101000,SERVICOS ADM. COMERC. GER. - PRINC. - ADMINISTRACAO DE DEPOSITOS JUDICIAIS,52947846.91
2026,6,4031,60,1611010123002,SERVICOS ADM. COMERC. GER. - PRINC. - PODER JUDIC. - DESPESAS PROCESSUAIS,4859672.8
2026,6,4031,60,1611010323002,SERVICOS ADM. COMERC. GER. - DA - PODER JUDIC. - DESPESAS PROCESSUAIS,228410.45
2026,6,4031,60,1611010423002,SERVICOS ADM. COMERC. GER. - DA-MJM - PODER JUDIC. - DESPESAS PROCESSUAIS,53442.57
2026,6,4031,60,1611020101000,INSCRICAO CONCURSOS PROCESSOS SELETIVOS - PRINC.,14678
2026,6,4031,60,1611040105000,SERVICOS INFORMACAO TECNOLOGIA - PRINC. - PROCESSAMENTO DAS CONSIGNACOES DA FOLHA DE PESSOAL,193640.04
2026,6,4031,60,1911010108001,MULTAS LEGISL. ESPECIFICA - PRINC. - MULTA ADM. DISCIPLINAR - NOTARIOS REGISTRADORES - PRINC.,66658.02
2026,6,4031,60,1911010308001,MULTAS LEGISL. ESPECIFICA - DA - MULTA ADM. DISCIPLINAR - NOTARIOS REGISTRADORES - PRINC.,3611.83
2026,6,4031,60,1911090199000,MULTAS JUROS PREVISTOS CONTRATOS - PRINC. - DEMAIS,36627.61
2026,6,4031,60,1911090399000,MULTAS JUROS PREVISTOS CONTRATOS - DA,6584.98
2026,6,4031,60,1921990199000,OUTRAS INDENIZACOES - PRINC. - DEMAIS,806.66
2026,6,4031,60,1922990199000,OUTRAS RESTITUICOES - PRINC. - DEMAIS,8288156.97
2026,6,4031,60,1999992109001,OUTRAS REC. - PRIMARIAS - PRINC. - EXCEDENTE TETO INTERINOS - PRINC.,25496639.18
2026,6,4031,60,1999992109002,OUTRAS REC. - PRIMARIAS - PRINC. - EXCEDENTE TETO INTERINOS - CORRECAO MONETARIA,6925.77
2026,6,4031,60,1999992199000,OUTRAS REC. - PRIMARIAS - PRINC. - DEMAIS,3504.53
2026,6,4031,60,1999992209001,OUTRAS REC. - PRIMARIAS - MJM - EXCEDENTE TETO INTERINOS - PRINC.,21038.14
2026,6,4031,60,1999992309001,OUTRAS REC. - PRIMARIAS - DA - EXCEDENTE TETO INTERINOS - PRINC.,11355.63
2026,6,4031,60,1999992309002,OUTRAS REC. - PRIMARIAS - DA - EXCEDENTE TETO INTERINOS - CORRECAO MONETARIA,423.29
2026,6,4031,60,7311020101000,REC. INTRA. - CONC. PERM. AUTOR. CESSAO DIR. USO BENS IMOV. PUB. - PRINC. - CONCESSAO DE DIREITO REAL DE USO DE AREA PUBLICA,89993.11
2026,6,4031,60,7611010101000,REC. INTRA. - SERVICOS ADM. COMERC. GER. - PRINC. - ADMINISTRACAO DE DEPOSITOS JUDICIAIS,6927208.85
2026,6,4031,61,1611010123003,SERVICOS ADM. COMERC. GER. - PRINC. - PODER JUDIC. - VERBA INDENIZATORIA DE TRANSPORTE CUSTEADA PELAS PARTES,7496236.8
2026,6,4031,70,1321010101000,REMUNERACAO DEPOSITOS BANCARIOS - PRINC.,833
2026,6,4031,70,1732990105001,ACOES JUDICIARIAS - DIVERSOS MUNICIPIOS,62294.72
2026,6,4031,77,1121010102000,TX. INSP. CONTR. FISC. - PRINC. - TAXA DE FISCALIZACAO JUDICIARIA,144674051.48
2026,6,4031,77,1121010202000,TX. INSP. CONTR. FISC. - MJM - TAXA DE FISCALIZACAO JUDICIARIA,128188.9
2026,6,4031,77,1121010302000,TX. INSP. CONTR. FISC. - DA - TAXA DE FISCALIZACAO JUDICIARIA,21179.68
2026,6,4031,77,1121010402000,TX. INSP. CONTR. FISC. - DA-MJM - TAXA DE FISCALIZACAO JUDICIARIA,32309.89
2026,6,4031,77,1122020101000,EMOLUMENTOS CUSTAS JUDICIAIS - PRINC. - CUSTAS JUDICIAIS - JUSTICA COMUM,25589255.65
2026,6,4031,77,1122020102000,EMOLUMENTOS CUSTAS JUDICIAIS - PRINC. - CUSTAS JUDICIAIS - JUIZADO ESPECIAL,2285694.2
2026,6,4031,77,1122020103000,EMOLUMENTOS CUSTAS JUDICIAIS - PRINC. - TAXA JUDICIARIA,20750875.16
2026,6,4031,77,1122020301000,EMOLUMENTOS CUSTAS JUDICIAIS - DA - CUSTAS JUDICIAIS - JUSTICA COMUM,741283.76
2026,6,4031,77,1122020302000,EMOLUMENTOS CUSTAS JUDICIAIS - DA - CUSTAS JUDICIAIS - JUIZADO ESPECIAL,96800.04
2026,6,4031,77,1122020303000,EMOLUMENTOS CUSTAS JUDICIAIS - DA - TAXA JUDICIARIA,337041.54
2026,6,4031,77,1122020401000,EMOLUMENTOS CUSTAS JUDICIAIS - DA-MJM - CUSTAS JUDICIAIS - JUSTICA COMUM,157754.79
2026,6,4031,77,1122020402000,EMOLUMENTOS CUSTAS JUDICIAIS - DA-MJM - CUSTAS JUDICIAIS - JUIZADO ESPECIAL,21819.74
2026,6,4031,77,1122020403000,EMOLUMENTOS CUSTAS JUDICIAIS - DA-MJM - TAXA JUDICIARIA,76310.28
2026,6,4031,77,1911080101000,MULTAS SENTENCAS JUDICIAIS - PRINC. - MULTAS PECUNIARIAS E JUROS DE MORA,160318.15
2026,6,4031,77,1911080301000,MULTAS SENTENCAS JUDICIAIS - DA - MULTAS PECUNIARIAS E JUROS DE MORA,7606.57
2026,6,4031,77,1911080401000,MULTAS SENTENCAS JUDICIAIS - DA-MJM - MULTAS PECUNIARIAS E JUROS DE MORA,644.36
2026,6,4031,77,1922990199000,OUTRAS RESTITUICOES - PRINC. - DEMAIS,1082.65
2026,6,4091,45,1741990141999,DIR. HUMANOS CIDADANIA - OUTROS,83.74
2026,6,4091,45,1791990114000,OUTRAS TRANSF. PESSOAS FISICAS - PRINC. - DIREITOS HUMANOS E DE CIDADANIA,400
2026,6,4091,60,1911010199000,MULTAS LEGISL. ESPECIFICA - PRINC. - DEMAIS,9025.15
2026,6,4101,60,2311071199000,AMORTIZACAO FINANCIAMENTOS GERAL - PRINC. - DEMAIS,3654264.75
2026,6,4111,60,1641010101000,RETORNO OPER. JUROS ENCARG. FINANCEIROS - PRINC. - JUROS DE EMPRESTIMOS,344.46
2026,6,4111,60,2311071199000,AMORTIZACAO FINANCIAMENTOS GERAL - PRINC. - DEMAIS,22468.47
2026,6,4111,61,1641010101000,RETORNO OPER. JUROS ENCARG. FINANCEIROS - PRINC. - JUROS DE EMPRESTIMOS,29.95
2026,6,4111,61,2311071199000,AMORTIZACAO FINANCIAMENTOS GERAL - PRINC. - DEMAIS,1953.78
2026,6,4121,60,1321010101000,REMUNERACAO DEPOSITOS BANCARIOS - PRINC.,5050844.97
2026,6,4121,60,1641010101000,RETORNO OPER. JUROS ENCARG. FINANCEIROS - PRINC. - JUROS DE EMPRESTIMOS,109709.67
2026,6,4121,60,1999992107000,OUTRAS REC. - PRIMARIAS - PRINC. - ASSISTENCIA COMPLEMENTAR - SERVIDOR,4915528.4
2026,6,4121,60,2311060101000,AMORTIZACAO EMPRESTIMOS CONTRATUAIS - PRINC.,663337.34
2026,6,4141,39,1911080101000,MULTAS SENTENCAS JUDICIAIS - PRINC. - MULTAS PECUNIARIAS E JUROS DE MORA,281705.45
2026,6,4141,39,1911080301000,MULTAS SENTENCAS JUDICIAIS - DA - MULTAS PECUNIARIAS E JUROS DE MORA,442160.36
2026,6,4141,57,1321010101000,REMUNERACAO DEPOSITOS BANCARIOS - PRINC.,200587.23
2026,6,4251,5,1321010101000,REMUNERACAO DEPOSITOS BANCARIOS - PRINC.,19405.64
2026,6,4251,56,1321010101000,REMUNERACAO DEPOSITOS BANCARIOS - PRINC.,95701.78
2026,6,4251,56,1716500199000,TRANSF. RECURSOS FNAS - PRINC. - DEMAIS,450389.95
2026,6,4291,24,1321010101000,REMUNERACAO DEPOSITOS BANCARIOS - PRINC.,33900.51
2026,6,4291,24,1922990199000,OUTRAS RESTITUICOES - PRINC. - DEMAIS,0
2026,6,4291,37,1321010101000,REMUNERACAO DEPOSITOS BANCARIOS - PRINC.,110505.1
2026,6,4291,57,1321010101000,REMUNERACAO DEPOSITOS BANCARIOS - PRINC.,115122.98
2026,6,4291,57,1713505104000,TRANSF. BLOCO MANUT. ASPS - GESTAO SUS - PRINC. - PISO DA ENFERMAGEM,2633183.17
2026,6,4291,60,1321010101000,REMUNERACAO DEPOSITOS BANCARIOS - PRINC.,1016880.81
2026,6,4291,60,1631990199000,OUTROS SERV. ATEND. SAUDE - PRINC. - DEMAIS,4864909.63
2026,6,4291,60,1922990199000,OUTRAS RESTITUICOES - PRINC. - DEMAIS,9397.5
2026,6,4291,62,1713502101999,TRANSF. BLOCO MANUT. ASPS - ATENCAO ESPECIALIZADA - PRINC. - ATENCAO MAC - OUTROS PROGRAMAS,200000
2026,6,4291,92,1321010101000,REMUNERACAO DEPOSITOS BANCARIOS - PRINC.,20609614.12
2026,6,4291,92,1713502101001,TRANSF. BLOCO MANUT. ASPS - ATENCAO ESPECIALIZADA - PRINC. - ATENCAO MAC - PRESTADORES AMBULATORIAIS E HOSPITALARES,6323006.69
2026,6,4291,92,1713502101002,TRANSF. BLOCO MANUT. ASPS - ATENCAO ESPECIALIZADA - PRINC. - ATENCAO MAC - SAMU,12777810.5
2026,6,4291,92,1713502101003,TRANSF. BLOCO MANUT. ASPS - ATENCAO ESPECIALIZADA - PRINC. - ATENCAO MAC - TRANSPLANTES,802911.36
2026,6,4291,92,1713503101000,TRANSF. BLOCO MANUT. ASPS - VIGILANCIA SAUDE - PRINC. - VIGILANCIA EPIDEMIOLOGICA,3402125.28
2026,6,4291,92,1713503102000,TRANSF. BLOCO MANUT. ASPS - VIGILANCIA SAUDE - PRINC. - HIV-AIDS,217775
2026,6,4291,92,1713503103000,TRANSF. BLOCO MANUT. ASPS - VIGILANCIA SAUDE - PRINC. - VIGILANCIA SANITARIA,685299
2026,6,4291,92,1713504102000,TRANSF. BLOCO MANUT. ASPS - ASSISTENCIA FARMACEUTICA - PRINC. - MEDICAMENTOS EXCEPCIONAIS,13835111.92
2026,6,4291,92,1922990199000,OUTRAS RESTITUICOES - PRINC. - DEMAIS,28274.67
2026,6,4291,93,1321010101000,REMUNERACAO DEPOSITOS BANCARIOS - PRINC.,229287.99
2026,6,4291,98,1321010101000,REMUNERACAO DEPOSITOS BANCARIOS - PRINC.,2.88
2026,6,4331,59,1999992299000,OUTRAS REC. - PRIMARIAS - MJM - DEMAIS,116531.57
2026,6,4381,54,1121010103000,TX. INSP. CONTR. FISC. - PRINC. - TAXA DE LICENCIAMENTO PARA USO OU OCUPACAO DA FAIXA DE DOMINIO DAS RODOVIAS,167195.09
2026,6,4381,54,1121010203000,TX. INSP. CONTR. FISC. - MJM - TAXA DE LICENCIAMENTO PARA USO OU OCUPACAO DA FAIXA DE DOMINIO DAS RODOVIAS,24174.74
2026,6,4381,60,1611010128000,"SERVICOS ADM. COMERC. GER. - PRINC. - CONSULTORIA, ASSISTENCIA TECNICA E ANALISE DE PROJETOS",0
2026,6,4381,60,1611030199000,SERVICOS REG. CERTIF. FISCALIZ. - PRINC. - DEMAIS,1778838.6
2026,6,4381,60,1921990199000,OUTRAS INDENIZACOES - PRINC. - DEMAIS,0
2026,6,4381,83,1911010103002,MULTAS LEGISL. ESPECIFICA - PRINC. - LEGISL. TRANSITO - COTA PARTE DO DEPARTAMENTO DE EDIFICACOES E ESTRADAS DE RODAGEM DO ESTADO DE MINAS GERAIS - DERMG,22355534.41
2026,6,4381,83,1911010103003,MULTAS LEGISL. ESPECIFICA - PRINC. - LEGISL. TRANSITO - COTA PARTE DO FUNDO NACIONAL DE SEGURANCA E EDUCACAO NO TRANSITO - FUNSET,1295670.89
2026,6,4381,83,1921990199000,OUTRAS INDENIZACOES - PRINC. - DEMAIS,0
2026,6,4381,83,9911010103003,DEDUCAO REC. - MULTAS LEGISL. ESPECIFICA - PRINC. - LEGISL. TRANSITO - COTA PARTE DO FUNDO NACIONAL DE SEGURANCA E EDUCACAO NO TRANSITO - FUNSET,-1295670.89
2026,6,4421,39,1911080101000,MULTAS SENTENCAS JUDICIAIS - PRINC. - MULTAS PECUNIARIAS E JUROS DE MORA,1208343.54
2026,6,4441,60,1321010101000,REMUNERACAO DEPOSITOS BANCARIOS - PRINC.,1981465.86
2026,6,4441,60,1911040103000,MULTAS LEGISL. DEFESA DIR. DIFUSOS - PRINC. - TERMO DE AJUSTAMENTO DE CONDUTA - TAC,2497008.02
2026,6,4441,60,1922990199000,OUTRAS RESTITUICOES - PRINC. - DEMAIS,0
2026,6,4451,60,1321010101000,REMUNERACAO DEPOSITOS BANCARIOS - PRINC.,2868881.62
2026,6,4451,60,1911040102000,MULTAS LEGISL. DEFESA DIR. DIFUSOS - PRINC. - APLICADAS PELO PROCON-MG,2044426.02
2026,6,4491,59,1999992199000,OUTRAS REC. - PRIMARIAS - PRINC. - DEMAIS,2476003.52
2026,6,4541,60,1641010101000,RETORNO OPER. JUROS ENCARG. FINANCEIROS - PRINC. - JUROS DE EMPRESTIMOS,191889.23
2026,6,4541,60,2311060101000,AMORTIZACAO EMPRESTIMOS CONTRATUAIS - PRINC.,2097544.83
2026,6,4551,59,1219991106000,DEMAIS CONTRIB. SOC. - PRINC. - PECULIO,4533299.14
2026,6,4551,59,1219991107000,DEMAIS CONTRIB. SOC. - PRINC. - SEGURO COLETIVO,2198734.49
2026,6,4551,59,1219991108000,DEMAIS CONTRIB. SOC. - PRINC. - SEGURO DO CONJUGE,91613.94
2026,6,4611,60,1311020101000,CONC. PERM. AUTOR. CESSAO DIR. USO BENS IMOV. PUB. - PRINC. - CONCESSAO DE DIREITO REAL DE USO DE AREA PUBLICA,26791.53
2026,6,4611,60,1321010101000,REMUNERACAO DEPOSITOS BANCARIOS - PRINC.,386567.42
2026,6,4611,60,1922990199000,OUTRAS RESTITUICOES - PRINC. - DEMAIS,4162.85
2026,6,4611,60,1999992199000,OUTRAS REC. - PRIMARIAS - PRINC. - DEMAIS,311.67
2026,6,4611,60,1999992299000,OUTRAS REC. - PRIMARIAS - MJM - DEMAIS,133232.74
2026,6,4621,60,1641010101000,RETORNO OPER. JUROS ENCARG. FINANCEIROS - PRINC. - JUROS DE EMPRESTIMOS,3759.3
2026,6,4631,60,1321010101000,REMUNERACAO DEPOSITOS BANCARIOS - PRINC.,934634.22
2026,6,4631,60,1911090101003,MULTAS JUROS PREVISTOS CONTRATOS - PRINC. - PPP - DIREITOS DA CIDADANIA,242484.02
2026,6,4691,57,1321010101000,REMUNERACAO DEPOSITOS BANCARIOS - PRINC.,1081553.16
2026,6,4701,57,1321010101000,REMUNERACAO DEPOSITOS BANCARIOS - PRINC.,258070.49
2026,6,4711,42,7215021101001,REC. INTRA. - CONTRIB. PATRON. - SERV. CIVIL ATIVO - PRINC. - EXECUTIVO - CONTRIB. ORDINARIA,245458872.3
2026,6,4711,42,7215021101002,REC. INTRA. - CONTRIB. PATRON. - SERV. CIVIL ATIVO - PRINC. - EXECUTIVO - CONTRIB. SUPLEMENTAR,205733685.8
2026,6,4711,42,7215021102001,REC. INTRA. - CONTRIB. PATRON. - SERV. CIVIL ATIVO - PRINC. - ALMG - CONTRIB. ORDINARIA,8926457.61
2026,6,4711,42,7215021103001,REC. INTRA. - CONTRIB. PATRON. - SERV. CIVIL ATIVO - PRINC. - TCEMG - CONTRIB. ORDINARIA,7532091.26
2026,6,4711,42,7215021104001,REC. INTRA. - CONTRIB. PATRON. - SERV. CIVIL ATIVO - PRINC. - TJMG - CONTRIB. ORDINARIA,76808190.42
2026,6,4711,42,7215021105001,REC. INTRA. - CONTRIB. PATRON. - SERV. CIVIL ATIVO - PRINC. - TJMMG - CONTRIB. ORDINARIA,672473.34
2026,6,4711,42,7215021106001,REC. INTRA. - CONTRIB. PATRON. - SERV. CIVIL ATIVO - PRINC. - MPMG - CONTRIB. ORDINARIA,27877163.22
2026,6,4711,42,7215021107001,REC. INTRA. - CONTRIB. PATRON. - SERV. CIVIL ATIVO - PRINC. - DEFPUB - CONTRIB. ORDINARIA,7468220.5
2026,6,4711,43,1215011101000,CONTRIB. SERV. CIVIL ATIVO - PRINC. - PODER EXECUTIVO,122871449.56
2026,6,4711,43,1215011102000,CONTRIB. SERV. CIVIL ATIVO - PRINC. - ASSEMBLEIA LEGISLATIVA DO ESTADO DE MINAS GERAIS - ALMG,4463228.83
2026,6,4711,43,1215011103000,CONTRIB. SERV. CIVIL ATIVO - PRINC. - TRIBUNAL DE CONTAS DO ESTADO DE MINAS GERAIS - TCEMG,3810131.42
2026,6,4711,43,1215011104000,CONTRIB. SERV. CIVIL ATIVO - PRINC. - TRIBUNAL DE JUSTICA DO ESTADO DE MINAS GERAIS - TJMG,38404095.21
2026,6,4711,43,1215011105000,CONTRIB. SERV. CIVIL ATIVO - PRINC. - TRIBUNAL DE JUSTICA MILITAR DO ESTADO DE MINAS GERAIS - TJMMG,336236.75
2026,6,4711,43,1215011106000,CONTRIB. SERV. CIVIL ATIVO - PRINC. - MINISTERIO PUBLICO DO ESTADO DE MINAS GERAIS - MPMG,13938581.61
2026,6,4711,43,1215011107000,CONTRIB. SERV. CIVIL ATIVO - PRINC. - DEFENSORIA PUBLICA DO ESTADO DE MINAS GERAIS - DEFPUB,3736391.99
2026,6,4711,43,1215011199001,CONTRIB. SERV. CIVIL ATIVO - PRINC. - DEMAIS - PESSOAL LICENCIADO/A DISPOSICAO,1929353.03
2026,6,4711,43,1215012101000,CONTRIB. SERV. CIVIL INATIVO - PRINC. - PODER EXECUTIVO,61475675.62
2026,6,4711,43,1215012102000,CONTRIB. SERV. CIVIL INATIVO - PRINC. - ASSEMBLEIA LEGISLATIVA DO ESTADO DE MINAS GERAIS - ALMG,5191605.7
2026,6,4711,43,1215012103000,CONTRIB. SERV. CIVIL INATIVO - PRINC. - TRIBUNAL DE CONTAS DO ESTADO DE MINAS GERAIS - TCEMG,4753434.25
2026,6,4711,43,1215012104000,CONTRIB. SERV. CIVIL INATIVO - PRINC. - TRIBUNAL DE JUSTICA DO ESTADO DE MINAS GERAIS - TJMG,17562036.08
2026,6,4711,43,1215012105000,CONTRIB. SERV. CIVIL INATIVO - PRINC. - TRIBUNAL DE JUSTICA MILITAR DO ESTADO DE MINAS GERAIS - TJMMG,184668.25
2026,6,4711,43,1215012106000,CONTRIB. SERV. CIVIL INATIVO - PRINC. - MINISTERIO PUBLICO DO ESTADO DE MINAS GERAIS - MPMG,3600894.48
2026,6,4711,43,1215012107000,CONTRIB. SERV. CIVIL INATIVO - PRINC. - DEFENSORIA PUBLICA DO ESTADO DE MINAS GERAIS - DEFPUB,1326440.47
2026,6,4711,43,1215013101000,CONTRIB. SERV. CIVIL - PENSIONISTAS - PRINC. - PODER EXECUTIVO,16534225.32
2026,6,4711,43,1215013102000,CONTRIB. SERV. CIVIL - PENSIONISTAS - PRINC. - ASSEMBLEIA LEGISLATIVA DO ESTADO DE MINAS GERAIS - ALMG,17306.63
2026,6,4711,43,1215013104000,CONTRIB. SERV. CIVIL - PENSIONISTAS - PRINC. - TRIBUNAL DE JUSTICA DO ESTADO DE MINAS GERAIS - TJMG,4586840.84
2026,6,4711,43,1215013105000,CONTRIB. SERV. CIVIL - PENSIONISTAS - PRINC. - TRIBUNAL DE JUSTICA MILITAR DO ESTADO DE MINAS GERAIS - TJMMG,13848.73
2026,6,4711,43,1215013106000,CONTRIB. SERV. CIVIL - PENSIONISTAS - PRINC. - MINISTERIO PUBLICO DO ESTADO DE MINAS GERAIS - MPMG,1132092.93
2026,6,4711,43,1215014101000,CONTRIB. ORIUNDA SENT. JUDIC. - SERV. CIVIL ATIVO - PRINC.,1910663.03
2026,6,4711,43,1215015101000,CONTRIB. ORIUNDA SENT. JUDIC. - SERV. CIVIL INATIVO - PRINC.,1910128.1
2026,6,4711,44,1999030101000,COMPENSACOES FINANCEIRAS REGIMES DE PREVIDENCIA - PRINC.,24464574.46
2026,6,4711,60,1922990199000,OUTRAS RESTITUICOES - PRINC. - DEMAIS,7963.35
2026,6,4711,61,1219991399000,DEMAIS CONTRIB. SOC. - DA - DEMAIS,162407.36
2026,6,4711,61,1219991499000,DEMAIS CONTRIB. SOC. - DA-MJM - DEMAIS,455870.83
2026,6,4711,61,1321040101000,REMUNERACAO RECURSOS RPPS - PRINC. - RENDA FIXA,3260706.74
2026,6,4711,61,1321040102000,REMUNERACAO RECURSOS RPPS - PRINC. - RENDA VARIAVEL,39375
2026,6,4711,61,1922990199000,OUTRAS RESTITUICOES - PRINC. - DEMAIS,42273.92
2026,6,4731,59,1122020104000,EMOLUMENTOS CUSTAS JUDICIAIS - PRINC. - EMOLUMENTOS,8058050.41
2026,6,4731,59,1122020204000,EMOLUMENTOS CUSTAS JUDICIAIS - MJM - EMOLUMENTOS,175717.2
2026,6,4731,59,1321010101000,REMUNERACAO DEPOSITOS BANCARIOS - PRINC.,1103074.22
2026,6,4731,59,7729990127000,REC. INTRA. - OUTRAS TRANSF. ESTADOS DF - PRINC. - REPASSE DO FUNDO ESPECIAL DO MINISTERIO PUBLICO DO ESTADO DE MINAS GERAIS - FUNEMP,0
2026,6,4741,59,1122020104000,EMOLUMENTOS CUSTAS JUDICIAIS - PRINC. - EMOLUMENTOS,8058050.41
2026,6,4741,59,1122020204000,EMOLUMENTOS CUSTAS JUDICIAIS - MJM - EMOLUMENTOS,175717.2
2026,6,4741,59,1321010101000,REMUNERACAO DEPOSITOS BANCARIOS - PRINC.,918931.01
2026,6,4741,60,1321010101000,REMUNERACAO DEPOSITOS BANCARIOS - PRINC.,280975.17
2026,6,4741,60,1999122101000,ONUS SUCUMBENCIA - PRINC. - HONORARIOS,453790.89
2026,6,4751,59,1122020104000,EMOLUMENTOS CUSTAS JUDICIAIS - PRINC. - EMOLUMENTOS,1028687.26
2026,6,4751,59,1122020204000,EMOLUMENTOS CUSTAS JUDICIAIS - MJM - EMOLUMENTOS,22431.99
2026,6,9999,1,1321010101000,REMUNERACAO DEPOSITOS BANCARIOS - PRINC.,21.68
2026,6,9999,2,2414990120004,SEGURANCA PUBLICA - MINISTERIO DA JUSTICA E SEGURANCA PUBLICA,0
2026,6,9999,10,1112510101000,IPVA - PRINC. - COTA PARTE DO ESTADO,175259676.46
2026,6,9999,10,1112510201000,IPVA - MJM - COTA PARTE DO ESTADO,36347309.42
2026,6,9999,10,1112510301000,IPVA - DA - COTA PARTE DO ESTADO,8599671.92
2026,6,9999,10,1112520101000,ITCD - PRINC. - COTA PARTE DO ESTADO,117942445.56
2026,6,9999,10,1112520201000,ITCD - MJM - COTA PARTE DO ESTADO,14442394.15
2026,6,9999,10,1112520301000,ITCD - DA - COTA PARTE DO ESTADO,1835109.22
2026,6,9999,10,1113031101000,IR - RETIDO FONTE - TRABALHO - PRINC.,668335877.53
2026,6,9999,10,1113034101000,IR - RETIDO FONTE - OUTROS RENDIMENTOS - PRINC.,61355133.67
2026,6,9999,10,1114501101001,ICMS - PRINC. - COTA PARTE ESTADO,4404889306.57
2026,6,9999,10,1114501201001,ICMS - MJM - COTA PARTE ESTADO,46814383.58
2026,6,9999,10,1114501301001,ICMS - DA - COTA PARTE ESTADO,39122057.21
2026,6,9999,10,1114501301002,ICMS - DA - COTA PARTE ESTADO - CESSAO DE DIREITOS CREDITORIOS - LEI ESTADUAL NO 19.266/10,618285.18
2026,6,9999,10,1321010101000,REMUNERACAO DEPOSITOS BANCARIOS - PRINC.,270272.68
2026,6,9999,10,1711500101000,COTA-PARTE FPE - PRINC. - ESTADO,824440804.79
2026,6,9999,10,1711530101000,COTA-PARTE IPI - ESTADOS EXPORT. PROD. INDUST. - PRINC. - ESTADO,74775331.21
2026,6,9999,10,1911090199000,MULTAS JUROS PREVISTOS CONTRATOS - PRINC. - DEMAIS,138585.08
2026,6,9999,10,1922011101000,RESTITUICAO CONVENIOS - PRIMARIAS - PRINC.,1846356.33
2026,6,9999,10,1922063199000,RESTITUICAO DESPESAS PRIMARIAS EXERCICIOS ANTERIORES - PRINC. - DEMAIS,0
2026,6,9999,10,1922520101000,RESTITUICAO REMUNERACAO FOLHA PAGAMENTO - PESSOAL ATIVO - PRINC.,172039.53
2026,6,9999,10,1922990199000,OUTRAS RESTITUICOES - PRINC. - DEMAIS,21367705.24
2026,6,9999,10,7922990199000,REC. INTRA. - OUTRAS RESTITUICOES - PRINC. - DEMAIS,-34429.96
2026,6,9999,10,9114501301002,DEDUCAO REC. - ICMS - DA - COTA PARTE DO ESTADO - CESSAO DE DIREITOS CREDITORIOS - LEI ESTADUAL NO 19.266/10,-618285.18
2026,6,9999,11,1114502101000,ADICIONAL ICMS - FEM - PRINC. - COTA PARTE DO ESTADO,22815224.54
2026,6,9999,11,1114502201000,ADICIONAL ICMS - FEM - MJM - COTA PARTE DO ESTADO,215136.26
2026,6,9999,11,1114502301000,ADICIONAL ICMS - FEM - DA - COTA PARTE DO ESTADO,104043.3
2026,6,9999,11,1114502401000,ADICIONAL ICMS - FEM - DA-MJM - COTA PARTE DO ESTADO,81236.1
2026,6,9999,11,1121010101001,TX. INSP. CONTR. FISC. - PRINC. - TX. SEGURANCA PUBLICA - POLICIA CIVIL DO ESTADO DE MINAS GERAIS - PCMG E COORDENADORIA ESTADUAL DE GESTAO DO TRANSITO - CET,28929099.2
2026,6,9999,11,1121010101002,TX. INSP. CONTR. FISC. - PRINC. - TX. SEGURANCA PUBLICA - CORPO DE BOMBEIROS MILITAR DO ESTADO DE MINAS GERAIS - CBMMG,420593.77
2026,6,9999,11,1121010101003,TX. INSP. CONTR. FISC. - PRINC. - TX. SEGURANCA PUBLICA - POLICIA MILITAR DO ESTADO DE MINAS GERAIS - PMMG,7557.57
2026,6,9999,11,1121010101004,TX. INSP. CONTR. FISC. - PRINC. - TX. SEGURANCA PUBLICA - TAXA DE RENOVACAO DE LICENCIAMENTO ANUAL DE VEICULO,4460127.34
2026,6,9999,11,1121010101006,TX. INSP. CONTR. FISC. - PRINC. - TX. SEGURANCA PUBLICA - DEPARTAMENTO DE EDIFICACOES E ESTRADAS DE RODAGEM DO ESTADO DE MINAS GERAIS - DERMG,316446.31
2026,6,9999,11,1121010103000,TX. INSP. CONTR. FISC. - PRINC. - TAXA DE LICENCIAMENTO PARA USO OU OCUPACAO DA FAIXA DE DOMINIO DAS RODOVIAS,71655.02
2026,6,9999,11,1121010104000,TX. INSP. CONTR. FISC. - PRINC. - TAXA DE FISCALIZACAO SOBRE SERVICOS PUBLICOS DE ABASTECIMENTO DE AGUA E SANEAMENTO,1667226.32
2026,6,9999,11,1121010201001,TX. INSP. CONTR. FISC. - MJM - TX. SEGURANCA PUBLICA - POLICIA CIVIL DO ESTADO DE MINAS GERAIS - PCMG E COORDENADORIA ESTADUAL DE GESTAO DO TRANSITO - CET,15.39
2026,6,9999,11,1121010201004,TX. INSP. CONTR. FISC. - MJM - TX. SEGURANCA PUBLICA - TAXA DE RENOVACAO DE LICENCIAMENTO ANUAL DE VEICULO,976382.94
2026,6,9999,11,1121010203000,TX. INSP. CONTR. FISC. - MJM - TAXA DE LICENCIAMENTO PARA USO OU OCUPACAO DA FAIXA DE DOMINIO DAS RODOVIAS,10360.6
2026,6,9999,11,1121040101000,TX. CONTR. FISC. AMBIENT. - PRINC. - TAXA FLORESTAL,4452449.5
2026,6,9999,11,1121040102000,TX. CONTR. FISC. AMBIENT. - PRINC. - TAXA DE FISCALIZACAO DE RECURSOS MINERARIOS,16529868.24
2026,6,9999,11,1121040103000,TX. CONTR. FISC. AMBIENT. - PRINC. - TAXA DE CONTROLE E FISCALIZACAO AMBIENTAL,275777.01
2026,6,9999,11,1121040104000,TX. CONTR. FISC. AMBIENT. - PRINC. - TAXA DE REGULARIZACAO AMBIENTAL,414197.57
2026,6,9999,11,1121040105000,TX. CONTR. FISC. AMBIENT. - PRINC. - TAXA DA LEI DA PESCA,34669.74
2026,6,9999,11,1121040106000,TX. CONTR. FISC. AMBIENT. - PRINC. - TAXA DE LIBERACAO E MANEJO DA FAUNA E FLORA,21655.24
2026,6,9999,11,1121040107000,TX. CONTR. FISC. AMBIENT. - PRINC. - TAXA DA LEI DE POLITICA FLORESTAL,495516.8
2026,6,9999,11,1121040109000,"TX. CONTR. FISC. AMBIENT. - PRINC. - TAXA DE REPROGRAFIA, CERTIDOES E JULGAMENTO DE CONTENCIOSO",52283.64
2026,6,9999,11,1121040202000,TX. CONTR. FISC. AMBIENT. - MJM - TAXA DE FISCALIZACAO DE RECURSOS MINERARIOS,186371.2
2026,6,9999,11,1121040203000,TX. CONTR. FISC. AMBIENT. - MJM - TAXA DE CONTROLE E FISCALIZACAO AMBIENTAL,92449.96
2026,6,9999,11,1121040302000,TX. CONTR. FISC. AMBIENT. - DA - TAXA DE FISCALIZACAO DE RECURSOS MINERARIOS,99106.29
2026,6,9999,11,1121040402000,TX. CONTR. FISC. AMBIENT. - DA-MJM - TAXA DE FISCALIZACAO DE RECURSOS MINERARIOS,253521.11
2026,6,9999,11,1122010101001,TX. PREST. SERV. G. - PRINC. - TX. EXP. - DEPARTAMENTO DE EDIFICACOES E ESTRADAS DE RODAGEM DO ESTADO DE MINAS GERAIS - DERMG,6437.43
2026,6,9999,11,1122010101002,TX. PREST. SERV. G. - PRINC. - TX. EXP. - ATOS DA SECRETARIA DE ESTADO DA FAZENDA - SEF,686360.06
2026,6,9999,11,1122010101003,TX. PREST. SERV. G. - PRINC. - TX. EXP. - INSTITUTO MINEIRO DE AGROPECUARIA - IMA,2855850.54
2026,6,9999,11,1122010101004,TX. PREST. SERV. G. - PRINC. - TX. EXP. - ATOS DA SECRETARIA DE ESTADO DE SAUDE - SES,751.49
2026,6,9999,11,1122010101011,TX. PREST. SERV. G. - PRINC. - TX. EXP. - ATOS DE AUTORIDADE ADMINISTRATIVA DO SISTEMA ESTADUAL DE MEIO AMBIENTE E RECURSOS HIDRICOS - SISEMA,458887.55
2026,6,9999,11,1122010104000,TX. PREST. SERV. G. - PRINC. - TAXA DE GERENCIAMENTO DO SISTEMA TRANSPORTE RODOVIARIO INTERMUNICIPAL - DEPARTAMENTO DE EDIFICACOES E ESTRADAS DE RODAGEM DO ESTADO DE MINAS GERAIS - DERMG,4154.84
2026,6,9999,11,1122010201002,TX. PREST. SERV. G. - MJM - TX. EXP. - ATOS DA SECRETARIA DE ESTADO DA FAZENDA - SEF,828.54
2026,6,9999,11,1122010201004,TX. PREST. SERV. G. - MJM - TX. EXP. - ATOS DA SECRETARIA DE ESTADO DE SAUDE - SES,184.12
2026,6,9999,11,1349010101000,COMPENSACOES AMBIENTAIS - PRINC. - REPOSICAO FLORESTAL,2790332.33
2026,6,9999,11,1349010103000,COMPENSACOES AMBIENTAIS - PRINC. - SUPRESSAO DO PEQUI,319168.27
2026,6,9999,11,1349010199000,COMPENSACOES AMBIENTAIS - PRINC. - DEMAIS,1434764.09
2026,6,9999,11,1611010118000,SERVICOS ADM. COMERC. GER. - PRINC. - VISITACAO DAS UNIDADES DE CONSERVACAO DA NATUREZA,25253.01
2026,6,9999,11,1712500101000,COTA-PARTE COMPENSACAO FINANCEIRA RECURSOS HIDRICOS - PRINC.,6063945.85
2026,6,9999,11,1712510101000,COTA-PARTE CFEM - PRINC.,12811831.15
2026,6,9999,11,1712521101000,COTA-PARTE COMPENSACAO FINANCEIRA PRODUCAO PETROLEO - LEI FEDERAL NO 7.990/89 - PRINC.,2273309.13
2026,6,9999,11,1741990140999,DESPORTO LAZER - OUTROS,22347.01
2026,6,9999,11,1911010103001,MULTAS LEGISL. ESPECIFICA - PRINC. - LEGISL. TRANSITO - COTA PARTE DO ESTADO,5535563.41
2026,6,9999,11,1911010103002,MULTAS LEGISL. ESPECIFICA - PRINC. - LEGISL. TRANSITO - COTA PARTE DO DEPARTAMENTO DE EDIFICACOES E ESTRADAS DE RODAGEM DO ESTADO DE MINAS GERAIS - DERMG,7543581.3
2026,6,9999,11,1911010103005,MULTAS LEGISL. ESPECIFICA - PRINC. - LEGISL. TRANSITO - RENAINF,0
2026,6,9999,11,1921990101000,OUTRAS INDENIZACOES - PRINC. - IMPACTOS E DANOS AMBIENTAIS,67558.91
2026,6,9999,11,1999992199000,OUTRAS REC. - PRIMARIAS - PRINC. - DEMAIS,1061144.35
2026,6,9999,15,1122010101999,TX. PREST. SERV. G. - PRINC. - TX. EXP. - OUTROS,1244.85
2026,6,9999,15,1122010301999,TX. PREST. SERV. G. - DA - TX. EXP. - OUTROS,0
2026,6,9999,15,1122010401999,TX. PREST. SERV. G. - DA-MJM - TX. EXP. - OUTROS,0
2026,6,9999,15,1311011101000,ALUGUEIS ARRENDAMENTOS - PRINC. - ALUGUEIS,3300.02
2026,6,9999,15,1311020199000,CONC. PERM. AUTOR. CESSAO DIR. USO BENS IMOV. PUB. - PRINC. - DEMAIS,137956.43
2026,6,9999,15,1321010101000,REMUNERACAO DEPOSITOS BANCARIOS - PRINC.,351740423.63
2026,6,9999,15,1321020101000,REMUNERACAO DEPOSITOS ESPECIAIS - PRINC.,3794161.65
2026,6,9999,15,1321060101000,JUROS CAPITAL PROPRIO - PRINC. - EMPRESAS ESTATAIS,291255504.17
2026,6,9999,15,1322010101000,DIVIDENDOS - PRINC. - EMPRESAS ESTATAIS,191404377.06
2026,6,9999,15,1322010102000,DIVIDENDOS - PRINC. - EMPRESAS NAO ESTATAIS,137.16
2026,6,9999,15,1511010102001,REC. INDUSTRIAL - PRINC. - INDUSTRIA EDITORIAL GRAFICA - RECEITA DE PUBLICACOES,2192119.02
2026,6,9999,15,1611010106000,SERVICOS ADM. COMERC. GER. - PRINC. - RESERVA DE PLACA ESPECIAL,1062670
2026,6,9999,15,1611010119000,SERVICOS ADM. COMERC. GER. - PRINC. - REGULARIZACAO FUNDIARIA,281646.97
2026,6,9999,15,1611040103000,SERVICOS INFORMACAO TECNOLOGIA - PRINC. - FORNECIMENTO DE DADOS FISCAIS,65222.17
2026,6,9999,15,1611040105000,SERVICOS INFORMACAO TECNOLOGIA - PRINC. - PROCESSAMENTO DAS CONSIGNACOES DA FOLHA DE PESSOAL,871287.09
2026,6,9999,15,1699990301000,OUTROS SERVICOS - DA,5776569.05
2026,6,9999,15,1719580101000,TRANSF. OBRIGATORIA DECORRENTE LC FEDERAL NO 176/20 - PRINC.,37724064.65
2026,6,9999,15,1911010101000,MULTAS LEGISL. ESPECIFICA - PRINC. - LEGISLACAO SANITARIA,6088.48
2026,6,9999,15,1911010104999,MULTAS LEGISL. ESPECIFICA - PRINC. - MULTA ISOLADA OBRIG. ACESSORIA - OUTROS,1782408.14
2026,6,9999,15,1911010204999,MULTAS LEGISL. ESPECIFICA - MJM - MULTA ISOLADA OBRIG. ACESSORIA - OUTROS,78.8
2026,6,9999,15,1911010304999,MULTAS LEGISL. ESPECIFICA - DA - MULTA ISOLADA OBRIG. ACESSORIA - OUTROS,1818405.22
2026,6,9999,15,1911010404999,MULTAS LEGISL. ESPECIFICA - DA-MJM - MULTA ISOLADA OBRIG. ACESSORIA - OUTROS,66.12
2026,6,9999,15,1911061101000,MULTAS ADM. DANOS AMBIENTAIS - PRINC.,8986195.88
2026,6,9999,15,1911090199000,MULTAS JUROS PREVISTOS CONTRATOS - PRINC. - DEMAIS,1876.19
2026,6,9999,15,1911132101000,MULTAS LEGISLACAO ANTICORRUPCAO ACORDOS LENIENCIA - PRINC.,472125.81
2026,6,9999,15,1921990199000,OUTRAS INDENIZACOES - PRINC. - DEMAIS,265533.61
2026,6,9999,15,1922990199000,OUTRAS RESTITUICOES - PRINC. - DEMAIS,178469.49
2026,6,9999,15,1931060101000,BENS DIREITOS VALORES RENUNCIA VOLUNTARIA ACORDO NAO PERSECUCAO PENAL - PRINC.,78700.63
2026,6,9999,15,1999992115000,OUTRAS REC. - PRIMARIAS - PRINC. - GESTAO DE VEICULOS APREENDIDOS E REMOVIDOS,7873663
2026,6,9999,15,1999992117000,"OUTRAS REC. - PRIMARIAS - PRINC. - BENS, DIREITOS E VALORES OBJETO DE RENUNCIA VOLUNTARIA EM ACORDO DE NAO PERSECUCAO CIVEL",16616.48
2026,6,9999,15,1999992199000,OUTRAS REC. - PRIMARIAS - PRINC. - DEMAIS,2853000.5
2026,6,9999,15,1999992299000,OUTRAS REC. - PRIMARIAS - MJM - DEMAIS,29936.17
2026,6,9999,15,1999992399000,OUTRAS REC. - PRIMARIAS - DA - DEMAIS,436.62
2026,6,9999,15,1999992499000,OUTRAS REC. - PRIMARIAS - DA-MJM - DEMAIS,161.76
2026,6,9999,20,1112510102000,IPVA - PRINC. - COTA PARTE DOS MUNICIPIOS,219074493.29
2026,6,9999,20,1112510202000,IPVA - MJM - COTA PARTE DOS MUNICIPIOS,45433945.7
2026,6,9999,20,1112510302000,IPVA - DA - COTA PARTE DOS MUNICIPIOS,10749590.48
2026,6,9999,20,1114501102000,ICMS - PRINC. - COTA PARTE DOS MUNICIPIOS,1835369306.55
2026,6,9999,20,1114501202000,ICMS - MJM - COTA PARTE DOS MUNICIPIOS,19505993.84
2026,6,9999,20,1114501302000,ICMS - DA - COTA PARTE DOS MUNICIPIOS,16558476.99
2026,6,9999,20,1711530102000,COTA-PARTE IPI - ESTADOS EXPORT. PROD. INDUST. - PRINC. - MUNICIPIOS,31156387.96
2026,6,9999,20,9112510102000,DEDUCAO REC. - IPVA - PRINC. - COTA PARTE DOS MUNICIPIOS,-219074493.29
2026,6,9999,20,9112510202000,DEDUCAO REC. - IPVA - MJM - COTA PARTE DOS MUNICIPIOS,-45433945.7
2026,6,9999,20,9112510302000,DEDUCAO REC. - IPVA - DA - COTA PARTE DOS MUNICIPIOS,-10749590.48
2026,6,9999,20,9114501102000,DEDUCAO REC. - ICMS - PRINC. - COTA PARTE DOS MUNICIPIOS,-1835369306.55
2026,6,9999,20,9114501202000,DEDUCAO REC. - ICMS - MJM - COTA PARTE DOS MUNICIPIOS,-19505993.84
2026,6,9999,20,9114501302000,DEDUCAO REC. - ICMS - DA - COTA PARTE DOS MUNICIPIOS,-16558476.99
2026,6,9999,20,9711530102000,DEDUCAO REC. - COTA-PARTE IPI - ESTADOS EXPORT. PROD. INDUST. - PRINC. - MUNICIPIOS,-31156387.96
2026,6,9999,23,1112510103000,IPVA - PRINC. - COTA PARTE DO ESTADO PARA O FUNDEB,43814958.15
2026,6,9999,23,1112510203000,IPVA - MJM - COTA PARTE DO ESTADO PARA O FUNDEB,9086853.88
2026,6,9999,23,1112510303000,IPVA - DA - COTA PARTE DO ESTADO PARA O FUNDEB,2149918.1
2026,6,9999,23,1112520102000,ITCD - PRINC. - COTA PARTE DO FUNDEB,29486516.21
2026,6,9999,23,1112520202000,ITCD - MJM - COTA PARTE DO FUNDEB,3609693.66
2026,6,9999,23,1112520302000,ITCD - DA - COTA PARTE DO FUNDEB,458777.29
2026,6,9999,23,1114501103000,ICMS - PRINC. - COTA PARTE DO ESTADO PARA O FUNDEB,1101222327.75
2026,6,9999,23,1114501203000,ICMS - MJM - COTA PARTE DO ESTADO PARA O FUNDEB,11703596.05
2026,6,9999,23,1114501303000,ICMS - DA - COTA PARTE DO ESTADO PARA O FUNDEB,9935085.95
2026,6,9999,23,1114502102000,ADICIONAL ICMS - FEM - PRINC. - COTA PARTE DO FUNDEB,19012682.87
2026,6,9999,23,1114502202000,ADICIONAL ICMS - FEM - MJM - COTA PARTE DO FUNDEB,179280.19
2026,6,9999,23,1114502302000,ADICIONAL ICMS - FEM - DA - COTA PARTE DO FUNDEB,86702.78
2026,6,9999,23,1114502402000,ADICIONAL ICMS - FEM - DA-MJM - COTA PARTE DO FUNDEB,67696.73
2026,6,9999,23,1711500102000,COTA-PARTE FPE - PRINC. - FUNDEB,206110201.17
2026,6,9999,23,1711530103000,COTA-PARTE IPI - ESTADOS EXPORT. PROD. INDUST. - PRINC. - FUNDEB,18693832.79
2026,6,9999,23,9112510103000,DEDUCAO REC. - IPVA - PRINC. - COTA PARTE DO ESTADO PARA O FUNDEB,-43814958.15
2026,6,9999,23,9112510203000,DEDUCAO REC. - IPVA - MJM - COTA PARTE DO ESTADO PARA O FUNDEB,-9086853.88
2026,6,9999,23,9112510303000,DEDUCAO REC. - IPVA - DA - COTA PARTE DO ESTADO PARA O FUNDEB,-2149918.1
2026,6,9999,23,9112520102000,DEDUCAO REC. - ITCD - PRINC. - COTA PARTE DO ESTADO PARA O FUNDEB,-29486516.21
2026,6,9999,23,9112520202000,DEDUCAO REC. - ITCD - MJM - COTA PARTE DO ESTADO PARA O FUNDEB,-3609693.66
2026,6,9999,23,9112520302000,DEDUCAO REC. - ITCD - DA - COTA PARTE DO ESTADO PARA O FUNDEB,-458777.29
2026,6,9999,23,9114501103000,DEDUCAO REC. - ICMS - PRINC. - COTA PARTE DO ESTADO PARA O FUNDEB,-1101222327.75
2026,6,9999,23,9114501203000,DEDUCAO REC. - ICMS - MJM - COTA PARTE DO ESTADO PARA O FUNDEB,-11703596.05
2026,6,9999,23,9114501303000,DEDUCAO REC. - ICMS - DA - COTA PARTE DO ESTADO PARA O FUNDEB,-9935085.95
2026,6,9999,23,9114502102000,DEDUCAO REC. - ADICIONAL ICMS - FEM - PRINC. - COTA PARTE DO FUNDEB,-19012682.87
2026,6,9999,23,9114502202000,DEDUCAO REC. - ADICIONAL ICMS - FEM - MJM - COTA PARTE DO FUNDEB,-179280.19
2026,6,9999,23,9114502302000,DEDUCAO REC. - ADICIONAL ICMS - FEM - DA - COTA PARTE DO FUNDEB,-86702.78
2026,6,9999,23,9114502402000,DEDUCAO REC. - ADICIONAL ICMS - FEM - DA-MJM - COTA PARTE DO FUNDEB,-67696.73
2026,6,9999,23,9711500102000,DEDUCAO REC. - COTA-PARTE FPE - PRINC. - FUNDEB,-206110201.17
2026,6,9999,23,9711530103000,DEDUCAO REC. - COTA-PARTE IPI - ESTADOS EXPORT. PROD. INDUST. - PRINC. - FUNDEB,-18693832.79
2026,6,9999,25,1321010101000,REMUNERACAO DEPOSITOS BANCARIOS - PRINC.,1545443.84
2026,6,9999,27,1121010101001,TX. INSP. CONTR. FISC. - PRINC. - TX. SEGURANCA PUBLICA - POLICIA CIVIL DO ESTADO DE MINAS GERAIS - PCMG E COORDENADORIA ESTADUAL DE GESTAO DO TRANSITO - CET,67321611.7
2026,6,9999,27,1121010101002,TX. INSP. CONTR. FISC. - PRINC. - TX. SEGURANCA PUBLICA - CORPO DE BOMBEIROS MILITAR DO ESTADO DE MINAS GERAIS - CBMMG,967631.65
2026,6,9999,27,1121010101003,TX. INSP. CONTR. FISC. - PRINC. - TX. SEGURANCA PUBLICA - POLICIA MILITAR DO ESTADO DE MINAS GERAIS - PMMG,17634.36
2026,6,9999,27,1121010101004,TX. INSP. CONTR. FISC. - PRINC. - TX. SEGURANCA PUBLICA - TAXA DE RENOVACAO DE LICENCIAMENTO ANUAL DE VEICULO,10402441.27
2026,6,9999,27,1121010101006,TX. INSP. CONTR. FISC. - PRINC. - TX. SEGURANCA PUBLICA - DEPARTAMENTO DE EDIFICACOES E ESTRADAS DE RODAGEM DO ESTADO DE MINAS GERAIS - DERMG,738374.7
2026,6,9999,27,1121010201001,TX. INSP. CONTR. FISC. - MJM - TX. SEGURANCA PUBLICA - POLICIA CIVIL DO ESTADO DE MINAS GERAIS - PCMG E COORDENADORIA ESTADUAL DE GESTAO DO TRANSITO - CET,35.93
2026,6,9999,27,1121010201004,TX. INSP. CONTR. FISC. - MJM - TX. SEGURANCA PUBLICA - TAXA DE RENOVACAO DE LICENCIAMENTO ANUAL DE VEICULO,2278008.45
2026,6,9999,27,1922990199000,OUTRAS RESTITUICOES - PRINC. - DEMAIS,0
2026,6,9999,29,1122010101002,TX. PREST. SERV. G. - PRINC. - TX. EXP. - ATOS DA SECRETARIA DE ESTADO DA FAZENDA - SEF,1597892.96
2026,6,9999,29,1122010101004,TX. PREST. SERV. G. - PRINC. - TX. EXP. - ATOS DA SECRETARIA DE ESTADO DE SAUDE - SES,1753.45
2026,6,9999,29,1122010101011,TX. PREST. SERV. G. - PRINC. - TX. EXP. - ATOS DE AUTORIDADE ADMINISTRATIVA DO SISTEMA ESTADUAL DE MEIO AMBIENTE E RECURSOS HIDRICOS - SISEMA,93980.97
2026,6,9999,29,1122010201002,TX. PREST. SERV. G. - MJM - TX. EXP. - ATOS DA SECRETARIA DE ESTADO DA FAZENDA - SEF,1933.27
2026,6,9999,29,1122010201004,TX. PREST. SERV. G. - MJM - TX. EXP. - ATOS DA SECRETARIA DE ESTADO DE SAUDE - SES,429.61
2026,6,9999,30,1219991110001,DEMAIS CONTRIB. SOC. - PRINC. - CONTRIB. MILITAR APOSENTADORIA - ATIVO,15667186.18
2026,6,9999,31,1321010101000,REMUNERACAO DEPOSITOS BANCARIOS - PRINC.,4662.53
2026,6,9999,31,1712500101000,COTA-PARTE COMPENSACAO FINANCEIRA RECURSOS HIDRICOS - PRINC.,14149207.02
2026,6,9999,31,1922011101000,RESTITUICAO CONVENIOS - PRIMARIAS - PRINC.,367.29
2026,6,9999,31,1922990199000,OUTRAS RESTITUICOES - PRINC. - DEMAIS,590.04
2026,6,9999,32,1321010101000,REMUNERACAO DEPOSITOS BANCARIOS - PRINC.,2337.07
2026,6,9999,32,1712510101000,COTA-PARTE CFEM - PRINC.,29894272.69
2026,6,9999,33,1712521101000,COTA-PARTE COMPENSACAO FINANCEIRA PRODUCAO PETROLEO - LEI FEDERAL NO 7.990/89 - PRINC.,5304388
2026,6,9999,33,1922990199000,OUTRAS RESTITUICOES - PRINC. - DEMAIS,2942.82
2026,6,9999,46,1321010101000,REMUNERACAO DEPOSITOS BANCARIOS - PRINC.,345.08
2026,6,9999,48,2211020106000,ALIEN. TITULOS VALORES MOBIL. APLIC. CONGEN. PERMANENTES - PRINC. - COMPANHIA DE SANEAMENTO DE MINAS GERAIS - COPASA MG,8389713585.43
2026,6,9999,48,2213010101000,ALIENACAO BENS MOVEIS E SEMOVENTES - PRINC.,8565020.69
2026,6,9999,48,2221010101000,ALIENACAO BENS IMOVEIS - PRINC.,466500
2026,6,9999,60,1911090199000,MULTAS JUROS PREVISTOS CONTRATOS - PRINC. - DEMAIS,0
2026,6,9999,60,1922990399000,OUTRAS RESTITUICOES - DA - DEMAIS,0
2026,6,9999,60,1922990499000,OUTRAS RESTITUICOES - DA-MJM - DEMAIS,0
2026,6,9999,71,1114502101000,ADICIONAL ICMS - FEM - PRINC. - COTA PARTE DO ESTADO,53235506.81
2026,6,9999,71,1114502201000,ADICIONAL ICMS - FEM - MJM - COTA PARTE DO ESTADO,501984.51
2026,6,9999,71,1114502301000,ADICIONAL ICMS - FEM - DA - COTA PARTE DO ESTADO,242767.69
2026,6,9999,71,1114502401000,ADICIONAL ICMS - FEM - DA-MJM - COTA PARTE DO ESTADO,189551.06
2026,6,9999,71,1321010101000,REMUNERACAO DEPOSITOS BANCARIOS - PRINC.,18313.13
2026,6,9999,72,1121040102000,TX. CONTR. FISC. AMBIENT. - PRINC. - TAXA DE FISCALIZACAO DE RECURSOS MINERARIOS,38569692.57
2026,6,9999,72,1121040202000,TX. CONTR. FISC. AMBIENT. - MJM - TAXA DE FISCALIZACAO DE RECURSOS MINERARIOS,434866.12
2026,6,9999,72,1121040302000,TX. CONTR. FISC. AMBIENT. - DA - TAXA DE FISCALIZACAO DE RECURSOS MINERARIOS,231248.01
2026,6,9999,72,1121040402000,TX. CONTR. FISC. AMBIENT. - DA-MJM - TAXA DE FISCALIZACAO DE RECURSOS MINERARIOS,591549.24
2026,6,9999,72,1321010101000,REMUNERACAO DEPOSITOS BANCARIOS - PRINC.,4363.75
2026,6,9999,80,1321010101000,REMUNERACAO DEPOSITOS BANCARIOS - PRINC.,32196417.6
2026,6,9999,82,1911010103001,MULTAS LEGISL. ESPECIFICA - PRINC. - LEGISL. TRANSITO - COTA PARTE DO ESTADO,12898523.53
2026,6,9999,82,1911010103004,MULTAS LEGISL. ESPECIFICA - PRINC. - LEGISL. TRANSITO - COTA PARTE DO FUNDO NACIONAL DE SEGURANCA E EDUCACAO NO TRANSITO - FUNSET - ESTADO,971151.47
2026,6,9999,82,1911010103005,MULTAS LEGISL. ESPECIFICA - PRINC. - LEGISL. TRANSITO - RENAINF,1794619.47
2026,6,9999,82,9911010103004,DEDUCAO REC. - MULTAS LEGISL. ESPECIFICA - PRINC. - LEGISL. TRANSITO - COTA PARTE DO FUNDO NACIONAL DE SEGURANCA E EDUCACAO NO TRANSITO - FUNSET - ESTADO,-971151.47
2026,6,9999,89,1321010101000,REMUNERACAO DEPOSITOS BANCARIOS - PRINC.,617091.2
2026,6,9999,94,1121040101000,TX. CONTR. FISC. AMBIENT. - PRINC. - TAXA FLORESTAL,1255276.31
2026,6,9999,95,1321010101000,REMUNERACAO DEPOSITOS BANCARIOS - PRINC.,117663972.07
2026,6,9999,95,1922990199000,OUTRAS RESTITUICOES - PRINC. - DEMAIS,4585.09
2026,6,9999,97,1321010101000,REMUNERACAO DEPOSITOS BANCARIOS - PRINC.,364328.32
2026,6,9999,98,1719570101000,TRANSF. ESPECIAL UNIAO - PRINC. - EMENDAS PARLAMENTARES INDIVIDUAIS,0
2026,6,9999,98,1922990199000,OUTRAS RESTITUICOES - PRINC. - DEMAIS,0
2026,6,9999,98,2419510101000,TRANSF. ESPECIAL UNIAO - PRINC. - EMENDAS PARLAMENTARES INDIVIDUAIS,0
2026,7,1011,60,1321010101000,REMUNERACAO DEPOSITOS BANCARIOS - PRINC.,8995134.58
2026,7,1011,60,1361011101000,CESSAO DIR. OPERAC. PAG. - PODERES EXECUTIVO LEGISLATIVO - PRINC. - FOLHA DE PESSOAL,44104298.63
2026,7,1011,60,1922990199000,OUTRAS RESTITUICOES - PRINC. - DEMAIS,37091.68
2026,7,1011,60,1999992199000,OUTRAS REC. - PRIMARIAS - PRINC. - DEMAIS,53226.38
2026,7,1021,60,1321010101000,REMUNERACAO DEPOSITOS BANCARIOS - PRINC.,3773031.23
2026,7,1021,60,1922990199000,OUTRAS RESTITUICOES - PRINC. - DEMAIS,38918.95
2026,7,1031,60,1321010101000,REMUNERACAO DEPOSITOS BANCARIOS - PRINC.,26699696.98
2026,7,1031,60,1922990199000,OUTRAS RESTITUICOES - PRINC. - DEMAIS,1873.97
2026,7,1031,60,1999992199000,OUTRAS REC. - PRIMARIAS - PRINC. - DEMAIS,7812.63
2026,7,1051,60,1321010101000,REMUNERACAO DEPOSITOS BANCARIOS - PRINC.,371127.9
2026,7,1051,60,1611010199001,SERVICOS ADM. COMERC. GER. - PRINC. - DEMAIS - SERVICOS ADMINISTRATIVOS,23.16
2026,7,1071,45,1321010101000,REMUNERACAO DEPOSITOS BANCARIOS - PRINC.,13206.4
2026,7,1071,98,1321010101000,REMUNERACAO DEPOSITOS BANCARIOS - PRINC.,11888.51
2026,7,1081,9,1321010101000,REMUNERACAO DEPOSITOS BANCARIOS - PRINC.,41242.79
2026,7,1081,57,1321010101000,REMUNERACAO DEPOSITOS BANCARIOS - PRINC.,27.06
2026,7,1091,47,1321010101000,REMUNERACAO DEPOSITOS BANCARIOS - PRINC.,58254.86
2026,7,1091,60,1311011101000,ALUGUEIS ARRENDAMENTOS - PRINC. - ALUGUEIS,2647.28
2026,7,1091,60,1321010101000,REMUNERACAO DEPOSITOS BANCARIOS - PRINC.,4062452.87
2026,7,1091,60,1361011101000,CESSAO DIR. OPERAC. PAG. - PODERES EXECUTIVO LEGISLATIVO - PRINC. - FOLHA DE PESSOAL,44633706.24
2026,7,1091,60,1911090199000,MULTAS JUROS PREVISTOS CONTRATOS - PRINC. - DEMAIS,110602.38
2026,7,1091,60,1922990199000,OUTRAS RESTITUICOES - PRINC. - DEMAIS,2749.64
2026,7,1191,9,1321010101000,REMUNERACAO DEPOSITOS BANCARIOS - PRINC.,365258.92
2026,7,1191,9,1741990134999,ADM. ATIV. FISCAL - OUTROS,0
2026,7,1191,9,2441990134999,ADM. ATIV. FISCAL - OUTROS,500000
2026,7,1191,74,1321010101000,REMUNERACAO DEPOSITOS BANCARIOS - PRINC.,472879.34
2026,7,1221,24,1321010101000,REMUNERACAO DEPOSITOS BANCARIOS - PRINC.,79394.11
2026,7,1221,98,1321010101000,REMUNERACAO DEPOSITOS BANCARIOS - PRINC.,95.15
2026,7,1231,1,1321010101000,REMUNERACAO DEPOSITOS BANCARIOS - PRINC.,3175.37
2026,7,1231,59,1349010103000,COMPENSACOES AMBIENTAIS - PRINC. - SUPRESSAO DO PEQUI,336875.28
2026,7,1231,69,1321010101000,REMUNERACAO DEPOSITOS BANCARIOS - PRINC.,7771.82
2026,7,1231,98,1321010101000,REMUNERACAO DEPOSITOS BANCARIOS - PRINC.,32732.14
2026,7,1251,1,1321010101000,REMUNERACAO DEPOSITOS BANCARIOS - PRINC.,30765.8
2026,7,1251,2,1321010101000,REMUNERACAO DEPOSITOS BANCARIOS - PRINC.,7320.1
2026,7,1251,9,1321010101000,REMUNERACAO DEPOSITOS BANCARIOS - PRINC.,4650
2026,7,1251,24,1321010101000,REMUNERACAO DEPOSITOS BANCARIOS - PRINC.,24248.08
2026,7,1251,24,1717990120002,SEGURANCA PUBLICA - CENTRAIS DE ABASTECIMENTO DE MINAS GERAIS - CEASAMINAS,64918.42
2026,7,1251,24,2414990120001,SEGURANCA PUBLICA - CENTRAIS DE ABASTECIMENTO DE MINAS GERAIS - CEASAMINAS,34520.59
2026,7,1251,45,1321010101000,REMUNERACAO DEPOSITOS BANCARIOS - PRINC.,819.64
2026,7,1251,60,1311012101000,FOROS LAUDEMIOS TARIFAS OCUPACAO - PRINC. - TARIFA DE OCUPACAO DE IMOVEIS,25755.97
2026,7,1251,60,1311020101000,CONC. PERM. AUTOR. CESSAO DIR. USO BENS IMOV. PUB. - PRINC. - CONCESSAO DE DIREITO REAL DE USO DE AREA PUBLICA,29035.85
2026,7,1251,60,1611010199001,SERVICOS ADM. COMERC. GER. - PRINC. - DEMAIS - SERVICOS ADMINISTRATIVOS,357.45
2026,7,1251,60,1911090199000,MULTAS JUROS PREVISTOS CONTRATOS - PRINC. - DEMAIS,8107.4
2026,7,1251,60,1922990199000,OUTRAS RESTITUICOES - PRINC. - DEMAIS,144.99
2026,7,1251,60,1999992199000,OUTRAS REC. - PRIMARIAS - PRINC. - DEMAIS,10041.93
2026,7,1251,68,1321010101000,REMUNERACAO DEPOSITOS BANCARIOS - PRINC.,1775.3
2026,7,1251,69,1321010101000,REMUNERACAO DEPOSITOS BANCARIOS - PRINC.,-319870.3
2026,7,1251,69,1724990123001,SEGURANCA PUBLICA - COMPANHIA DE SANEAMENTO DE MINAS GERAIS - COPASA,824052.59
2026,7,1251,70,1321010101000,REMUNERACAO DEPOSITOS BANCARIOS - PRINC.,202695.85
2026,7,1251,70,1732990123001,SEGURANCA PUBLICA - DIVERSOS MUNICIPIOS,2009823.86
2026,7,1251,70,2432990122001,SEGURANCA PUBLICA - DIVERSOS MUNICIPIOS,477014.14
2026,7,1251,73,1321010101000,REMUNERACAO DEPOSITOS BANCARIOS - PRINC.,158579.06
2026,7,1251,73,1717990120003,SEGURANCA PUBLICA - DEPARTAMENTO DE POLICIA RODOVIARIA FEDERAL - PRF,3175541.54
2026,7,1251,73,2414990120002,SEGURANCA PUBLICA - DEPARTAMENTO DE POLICIA RODOVIARIA FEDERAL - PRF,1968285.4
2026,7,1251,98,1321010101000,REMUNERACAO DEPOSITOS BANCARIOS - PRINC.,238506.52
2026,7,1261,3,1321010101000,REMUNERACAO DEPOSITOS BANCARIOS - PRINC.,62.48
2026,7,1261,13,1922510199000,RESTITUICOES RECURSOS FUNDEB - PRINC. - DEMAIS,9355439.94
2026,7,1261,21,1714500101000,TRANSFERENCIAS DO SALARIO-EDUCACAO - PRINC.,78348015.09
2026,7,1261,21,1922990104000,OUTRAS RESTITUICOES - PRINC. - CONTRIB. DO SALARIO-EDUCACAO,161877.43
2026,7,1261,23,1321010101000,REMUNERACAO DEPOSITOS BANCARIOS - PRINC.,9167018.64
2026,7,1261,23,1751500101000,TRANSF. RECURSOS FUNDEB - PRINC. - PARCELA FPM,164705470.37
2026,7,1261,23,1751500103001,TRANSF. RECURSOS FUNDEB - PRINC. - PARCELA ICMS - PRINC.,637479677.6
2026,7,1261,23,1751500104001,TRANSF. RECURSOS FUNDEB - PRINC. - PARCELA IPI - PRINC.,9816062.73
2026,7,1261,23,1751500105001,TRANSF. RECURSOS FUNDEB - PRINC. - PARCELA FPE - PRINC.,55775359.89
2026,7,1261,23,1751500106001,TRANSF. RECURSOS FUNDEB - PRINC. - PARCELA ITR - PRINC.,639926.39
2026,7,1261,23,1751500107001,TRANSF. RECURSOS FUNDEB - PRINC. - PARCELA IPVA - PRINC.,40773756.43
2026,7,1261,23,1751500108001,TRANSF. RECURSOS FUNDEB - PRINC. - PARCELA ITCD - PRINC.,14558582.27
2026,7,1261,23,1751500109001,TRANSF. RECURSOS FUNDEB - PRINC. - PARCELA ADICIONAL ICMS - FEM - PRINC.,8131615.57
2026,7,1261,23,1922510101000,RESTITUICOES RECURSOS FUNDEB - PRINC.,-4611
2026,7,1261,23,1922510102000,RESTITUICOES RECURSOS FUNDEB - PRINC. - REMUNERACAO FOLHA PAGAMENTO - PESSOAL ATIVO,93836.01
2026,7,1261,23,1922510199000,RESTITUICOES RECURSOS FUNDEB - PRINC. - DEMAIS,16983.02
2026,7,1261,23,1922990199000,OUTRAS RESTITUICOES - PRINC. - DEMAIS,9779631.61
2026,7,1261,24,1321010101000,REMUNERACAO DEPOSITOS BANCARIOS - PRINC.,1350.81
2026,7,1261,24,1717510102000,EDUCACAO - INSTITUTO NACIONAL DE ESTUDOS E PESQUISAS EDUCACIONAIS ANISIO TEIXEIRA - INEP,141586.81
2026,7,1261,36,1321010101000,REMUNERACAO DEPOSITOS BANCARIOS - PRINC.,4588347.15
2026,7,1261,36,1714520101000,TRANSF. REF. PNAE - PRINC.,27460070.5
2026,7,1261,36,1922990102000,OUTRAS RESTITUICOES - PRINC. - PNAE/FNDE - ALIMENTACAO ESCOLAR,16341.37
2026,7,1261,36,1922990107000,OUTRAS RESTITUICOES - PRINC. - PRONATEC/FNDE - ACESSO AO ENSINO TECNICO E EMPREGO,707.19
2026,7,1261,36,1922990199000,OUTRAS RESTITUICOES - PRINC. - DEMAIS,57446.6
2026,7,1261,36,2412509102000,EDUCACAO - FNDE - CONSTRUCAO DE QUADRAS POLIESPORTIVAS,140594.65
2026,7,1261,70,1321010101000,REMUNERACAO DEPOSITOS BANCARIOS - PRINC.,1302
2026,7,1261,98,1321010101000,REMUNERACAO DEPOSITOS BANCARIOS - PRINC.,5161.35
2026,7,1301,24,1321010101000,REMUNERACAO DEPOSITOS BANCARIOS - PRINC.,586468.58
2026,7,1301,59,1321010101000,REMUNERACAO DEPOSITOS BANCARIOS - PRINC.,327772.44
2026,7,1301,59,1332040101000,DELEG. EXPLORACAO INFRAEST. AEROPORTUARIA - PRINC.,384295.22
2026,7,1301,70,1321010101000,REMUNERACAO DEPOSITOS BANCARIOS - PRINC.,163234.71
2026,7,1301,73,1321010101000,REMUNERACAO DEPOSITOS BANCARIOS - PRINC.,60979.06
2026,7,1301,74,1321010101000,REMUNERACAO DEPOSITOS BANCARIOS - PRINC.,160948
2026,7,1301,98,1321010101000,REMUNERACAO DEPOSITOS BANCARIOS - PRINC.,10983.4
2026,7,1371,9,1321010101000,REMUNERACAO DEPOSITOS BANCARIOS - PRINC.,168804.5
2026,7,1371,24,1321010101000,REMUNERACAO DEPOSITOS BANCARIOS - PRINC.,86659.05
2026,7,1371,79,1911061101000,MULTAS ADM. DANOS AMBIENTAIS - PRINC.,1943081.3
2026,7,1401,2,1321010101000,REMUNERACAO DEPOSITOS BANCARIOS - PRINC.,23580.46
2026,7,1401,9,1321010101000,REMUNERACAO DEPOSITOS BANCARIOS - PRINC.,6255.57
2026,7,1401,24,1321010101000,REMUNERACAO DEPOSITOS BANCARIOS - PRINC.,6516.34
2026,7,1401,60,1311011102000,ALUGUEIS ARRENDAMENTOS - PRINC. - ARRENDAMENTOS,350
2026,7,1401,60,1611010111000,SERVICOS ADM. COMERC. GER. - PRINC. - SEGURANCA PUBLICA,375.06
2026,7,1401,60,1611010127000,SERVICOS ADM. COMERC. GER. - PRINC. - RECREATIVOS E CULTURAIS,12907.7
2026,7,1401,60,1611020101000,INSCRICAO CONCURSOS PROCESSOS SELETIVOS - PRINC.,-12266
2026,7,1401,60,1911010106000,MULTAS LEGISL. ESPECIFICA - PRINC. - INFRACAO A LEGISLACAO DE PREVENCAO DE INCENDIO E PANICO,773027.75
2026,7,1401,60,1911010111000,MULTAS LEGISL. ESPECIFICA - PRINC. - INFRACAO A LEGISLACAO SOBRE PRATICAS DE COMPETENCIA DO CBMMG POR INSTITUICOES CIVIS,5789.9
2026,7,1401,66,1321010101000,REMUNERACAO DEPOSITOS BANCARIOS - PRINC.,1749.98
2026,7,1401,70,1321010101000,REMUNERACAO DEPOSITOS BANCARIOS - PRINC.,11837.45
2026,7,1401,70,1732990123001,SEGURANCA PUBLICA - DIVERSOS MUNICIPIOS,15000
2026,7,1401,70,2432990122001,SEGURANCA PUBLICA - DIVERSOS MUNICIPIOS,157000
2026,7,1401,74,1321010101000,REMUNERACAO DEPOSITOS BANCARIOS - PRINC.,42.53
2026,7,1401,98,1321010101000,REMUNERACAO DEPOSITOS BANCARIOS - PRINC.,61205.13
2026,7,1441,60,1321010101000,REMUNERACAO DEPOSITOS BANCARIOS - PRINC.,1488587.78
2026,7,1451,1,1321010101000,REMUNERACAO DEPOSITOS BANCARIOS - PRINC.,2105.32
2026,7,1451,2,1321010101000,REMUNERACAO DEPOSITOS BANCARIOS - PRINC.,73595.65
2026,7,1451,9,1321010101000,REMUNERACAO DEPOSITOS BANCARIOS - PRINC.,571.89
2026,7,1451,10,7729990125000,REC. INTRA. - OUTRAS TRANSF. ESTADOS DF - PRINC. - REPASSE DO FUNDO ESTADUAL DE SAUDE - FES - LC FEDERAL NO 141/12,37761664.14
2026,7,1451,24,1321010101000,REMUNERACAO DEPOSITOS BANCARIOS - PRINC.,78168.88
2026,7,1451,24,1717990120005,SEGURANCA PUBLICA - MINISTERIO DA JUSTICA E SEGURANCA PUBLICA,2000000
2026,7,1451,60,1911090199000,MULTAS JUROS PREVISTOS CONTRATOS - PRINC. - DEMAIS,15517.6
2026,7,1451,60,1922990199000,OUTRAS RESTITUICOES - PRINC. - DEMAIS,18874.6
2026,7,1451,60,1923990101000,OUTROS RESSARCIMENTOS - PRINC. - RETENCAO SOBRE PAGAMENTO FOLHA DE SENTENCIADO,889761.49
2026,7,1451,70,1321010101000,REMUNERACAO DEPOSITOS BANCARIOS - PRINC.,764.66
2026,7,1451,98,1321010101000,REMUNERACAO DEPOSITOS BANCARIOS - PRINC.,3147.83
2026,7,1451,98,2419510101000,TRANSF. ESPECIAL UNIAO - PRINC. - EMENDAS PARLAMENTARES INDIVIDUAIS,1040571
2026,7,1481,24,1321010101000,REMUNERACAO DEPOSITOS BANCARIOS - PRINC.,17214.63
2026,7,1481,57,1321010101000,REMUNERACAO DEPOSITOS BANCARIOS - PRINC.,88119.54
2026,7,1481,57,1719990115001,DESPORTO LAZER - MINISTERIO DO ESPORTE,1806300.7
2026,7,1481,59,1741990140999,DESPORTO LAZER - OUTROS,201011.86
2026,7,1481,98,1321010101000,REMUNERACAO DEPOSITOS BANCARIOS - PRINC.,7237.67
2026,7,1511,1,1321010101000,REMUNERACAO DEPOSITOS BANCARIOS - PRINC.,7164.55
2026,7,1511,2,1321010101000,REMUNERACAO DEPOSITOS BANCARIOS - PRINC.,80087.46
2026,7,1511,9,1321010101000,REMUNERACAO DEPOSITOS BANCARIOS - PRINC.,14662.08
2026,7,1511,24,1321010101000,REMUNERACAO DEPOSITOS BANCARIOS - PRINC.,5853.27
2026,7,1511,70,1321010101000,REMUNERACAO DEPOSITOS BANCARIOS - PRINC.,4325.16
2026,7,1511,70,2432990122001,SEGURANCA PUBLICA - DIVERSOS MUNICIPIOS,335000
2026,7,1511,74,1321010101000,REMUNERACAO DEPOSITOS BANCARIOS - PRINC.,855.2
2026,7,1511,98,1321010101000,REMUNERACAO DEPOSITOS BANCARIOS - PRINC.,65614.72
2026,7,1521,9,1321010101000,REMUNERACAO DEPOSITOS BANCARIOS - PRINC.,7666.1
2026,7,1541,10,7729990125000,REC. INTRA. - OUTRAS TRANSF. ESTADOS DF - PRINC. - REPASSE DO FUNDO ESTADUAL DE SAUDE - FES - LC FEDERAL NO 141/12,3273503.6
2026,7,1911,15,1321010101000,REMUNERACAO DEPOSITOS BANCARIOS - PRINC.,0
2026,7,1911,15,1611040105000,SERVICOS INFORMACAO TECNOLOGIA - PRINC. - PROCESSAMENTO DAS CONSIGNACOES DA FOLHA DE PESSOAL,0
2026,7,1911,15,1999992199000,OUTRAS REC. - PRIMARIAS - PRINC. - DEMAIS,0
2026,7,1911,20,1112510102000,IPVA - PRINC. - COTA PARTE DOS MUNICIPIOS,0
2026,7,1911,20,1112510202000,IPVA - MJM - COTA PARTE DOS MUNICIPIOS,0
2026,7,1911,20,1112510302000,IPVA - DA - COTA PARTE DOS MUNICIPIOS,0
2026,7,1911,20,1114501102000,ICMS - PRINC. - COTA PARTE DOS MUNICIPIOS,0
2026,7,1911,20,1114501202000,ICMS - MJM - COTA PARTE DOS MUNICIPIOS,0
2026,7,1911,20,1114501302000,ICMS - DA - COTA PARTE DOS MUNICIPIOS,0
2026,7,1911,20,9112510102000,DEDUCAO REC. - IPVA - PRINC. - COTA PARTE DOS MUNICIPIOS,0
2026,7,1911,20,9112510202000,DEDUCAO REC. - IPVA - MJM - COTA PARTE DOS MUNICIPIOS,0
2026,7,1911,20,9112510302000,DEDUCAO REC. - IPVA - DA - COTA PARTE DOS MUNICIPIOS,0
2026,7,1911,20,9114501102000,DEDUCAO REC. - ICMS - PRINC. - COTA PARTE DOS MUNICIPIOS,0
2026,7,1911,20,9114501202000,DEDUCAO REC. - ICMS - MJM - COTA PARTE DOS MUNICIPIOS,0
2026,7,1911,20,9114501302000,DEDUCAO REC. - ICMS - DA - COTA PARTE DOS MUNICIPIOS,0
2026,7,1911,23,1112510103000,IPVA - PRINC. - COTA PARTE DO ESTADO PARA O FUNDEB,0
2026,7,1911,23,1112510203000,IPVA - MJM - COTA PARTE DO ESTADO PARA O FUNDEB,0
2026,7,1911,23,1112510303000,IPVA - DA - COTA PARTE DO ESTADO PARA O FUNDEB,0
2026,7,1911,23,1112520102000,ITCD - PRINC. - COTA PARTE DO FUNDEB,0
2026,7,1911,23,1112520202000,ITCD - MJM - COTA PARTE DO FUNDEB,0
2026,7,1911,23,1112520302000,ITCD - DA - COTA PARTE DO FUNDEB,0
2026,7,1911,23,1114501103000,ICMS - PRINC. - COTA PARTE DO ESTADO PARA O FUNDEB,0
2026,7,1911,23,1114501203000,ICMS - MJM - COTA PARTE DO ESTADO PARA O FUNDEB,0
2026,7,1911,23,1114501303000,ICMS - DA - COTA PARTE DO ESTADO PARA O FUNDEB,0
2026,7,1911,23,1114502102000,ADICIONAL ICMS - FEM - PRINC. - COTA PARTE DO FUNDEB,0
2026,7,1911,23,1114502202000,ADICIONAL ICMS - FEM - MJM - COTA PARTE DO FUNDEB,0
2026,7,1911,23,1114502302000,ADICIONAL ICMS - FEM - DA - COTA PARTE DO FUNDEB,0
2026,7,1911,23,1114502402000,ADICIONAL ICMS - FEM - DA-MJM - COTA PARTE DO FUNDEB,0
2026,7,1911,23,1711500102000,COTA-PARTE FPE - PRINC. - FUNDEB,0
2026,7,1911,23,9112510103000,DEDUCAO REC. - IPVA - PRINC. - COTA PARTE DO ESTADO PARA O FUNDEB,0
2026,7,1911,23,9112510203000,DEDUCAO REC. - IPVA - MJM - COTA PARTE DO ESTADO PARA O FUNDEB,0
2026,7,1911,23,9112510303000,DEDUCAO REC. - IPVA - DA - COTA PARTE DO ESTADO PARA O FUNDEB,0
2026,7,1911,23,9112520102000,DEDUCAO REC. - ITCD - PRINC. - COTA PARTE DO ESTADO PARA O FUNDEB,0
2026,7,1911,23,9112520202000,DEDUCAO REC. - ITCD - MJM - COTA PARTE DO ESTADO PARA O FUNDEB,0
2026,7,1911,23,9112520302000,DEDUCAO REC. - ITCD - DA - COTA PARTE DO ESTADO PARA O FUNDEB,0
2026,7,1911,23,9114501103000,DEDUCAO REC. - ICMS - PRINC. - COTA PARTE DO ESTADO PARA O FUNDEB,0
2026,7,1911,23,9114501203000,DEDUCAO REC. - ICMS - MJM - COTA PARTE DO ESTADO PARA O FUNDEB,0
2026,7,1911,23,9114501303000,DEDUCAO REC. - ICMS - DA - COTA PARTE DO ESTADO PARA O FUNDEB,0
2026,7,1911,23,9114502102000,DEDUCAO REC. - ADICIONAL ICMS - FEM - PRINC. - COTA PARTE DO FUNDEB,0
2026,7,1911,23,9114502202000,DEDUCAO REC. - ADICIONAL ICMS - FEM - MJM - COTA PARTE DO FUNDEB,0
2026,7,1911,23,9114502302000,DEDUCAO REC. - ADICIONAL ICMS - FEM - DA - COTA PARTE DO FUNDEB,0
2026,7,1911,23,9114502402000,DEDUCAO REC. - ADICIONAL ICMS - FEM - DA-MJM - COTA PARTE DO FUNDEB,0
2026,7,1911,23,9711500102000,DEDUCAO REC. - COTA-PARTE FPE - PRINC. - FUNDEB,0
2026,7,1911,25,1321010101000,REMUNERACAO DEPOSITOS BANCARIOS - PRINC.,0
2026,7,2011,49,1219991101008,DEMAIS CONTRIB. SOC. - PRINC. - CONTRIB. PATRON. CIVIL SAUDE - MUNICIPIOS,14301.1
2026,7,2011,49,1922990199000,OUTRAS RESTITUICOES - PRINC. - DEMAIS,286.46
2026,7,2011,49,7219991101001,REC. INTRA. - DEMAIS CONTRIB. SOC. - PRINC. - CONTRIB. PATRON. CIVIL SAUDE - SERVIDOR ATIVO,13212726.05
2026,7,2011,49,7219991101002,REC. INTRA. - DEMAIS CONTRIB. SOC. - PRINC. - CONTRIB. PATRON. CIVIL SAUDE - SERVIDOR INATIVO,13751296.49
2026,7,2011,49,7219991101003,REC. INTRA. - DEMAIS CONTRIB. SOC. - PRINC. - CONTRIB. PATRON. CIVIL SAUDE - PENSIONISTA,2195157.06
2026,7,2011,49,7219991101004,REC. INTRA. - DEMAIS CONTRIB. SOC. - PRINC. - CONTRIB. PATRON. CIVIL SAUDE - CONTRATO ADMINISTRATIVO,1177846.15
2026,7,2011,49,7219991101005,REC. INTRA. - DEMAIS CONTRIB. SOC. - PRINC. - CONTRIB. PATRON. CIVIL SAUDE - ESTADO - DEPENDENTES,10145669.79
2026,7,2011,49,7219991101006,REC. INTRA. - DEMAIS CONTRIB. SOC. - PRINC. - CONTRIB. PATRON. CIVIL SAUDE - ESTADO - DEPENDENTES - FILHOS,7291530.86
2026,7,2011,49,7219991101007,REC. INTRA. - DEMAIS CONTRIB. SOC. - PRINC. - CONTRIB. PATRON. CIVIL SAUDE - USUARIO FACULTATIVO,9.62
2026,7,2011,50,1219991102001,DEMAIS CONTRIB. SOC. - PRINC. - CONTRIB. CIVIL SAUDE - ATIVO,26620973.98
2026,7,2011,50,1219991102002,DEMAIS CONTRIB. SOC. - PRINC. - CONTRIB. CIVIL SAUDE - INATIVO,37106324.76
2026,7,2011,50,1219991102003,DEMAIS CONTRIB. SOC. - PRINC. - CONTRIB. CIVIL SAUDE - PENSIONISTA,5435404.6
2026,7,2011,50,1219991102004,DEMAIS CONTRIB. SOC. - PRINC. - CONTRIB. CIVIL SAUDE - CONTRATO ADMINISTRATIVO,2601278.14
2026,7,2011,50,1219991102005,DEMAIS CONTRIB. SOC. - PRINC. - CONTRIB. CIVIL SAUDE - ESTADO - DEPENDENTES,24141231.23
2026,7,2011,50,1219991102006,DEMAIS CONTRIB. SOC. - PRINC. - CONTRIB. CIVIL SAUDE - ESTADO - DEPENDENTES - FILHOS,14660388.15
2026,7,2011,50,1219991102007,DEMAIS CONTRIB. SOC. - PRINC. - CONTRIB. CIVIL SAUDE - USUARIO FACULTATIVO,33188.53
2026,7,2011,50,1219991102008,DEMAIS CONTRIB. SOC. - PRINC. - CONTRIB. CIVIL SAUDE - MUNICIPIOS,32582.25
2026,7,2011,50,1219991102009,DEMAIS CONTRIB. SOC. - PRINC. - CONTRIB. CIVIL SAUDE - DEMAIS - SERVIDOR,322992.71
2026,7,2011,50,1219991102010,DEMAIS CONTRIB. SOC. - PRINC. - CONTRIB. CIVIL SAUDE - DEMAIS - DEPENDENTES,129343.85
2026,7,2011,50,1219991102011,DEMAIS CONTRIB. SOC. - PRINC. - CONTRIB. CIVIL SAUDE - DEMAIS - DEPENDENTES - FILHOS,96721.87
2026,7,2011,50,1922063199000,RESTITUICAO DESPESAS PRIMARIAS EXERCICIOS ANTERIORES - PRINC. - DEMAIS,500
2026,7,2011,50,1922990199000,OUTRAS RESTITUICOES - PRINC. - DEMAIS,3826.47
2026,7,2011,60,1219991299000,DEMAIS CONTRIB. SOC. - MJM - DEMAIS,2785.26
2026,7,2011,60,1219991399000,DEMAIS CONTRIB. SOC. - DA - DEMAIS,98189.4
2026,7,2011,60,1219991499000,DEMAIS CONTRIB. SOC. - DA-MJM - DEMAIS,302099.99
2026,7,2011,60,1311020199000,CONC. PERM. AUTOR. CESSAO DIR. USO BENS IMOV. PUB. - PRINC. - DEMAIS,221239.05
2026,7,2011,60,1321010101000,REMUNERACAO DEPOSITOS BANCARIOS - PRINC.,5353448.24
2026,7,2011,60,1611010120000,SERVICOS ADM. COMERC. GER. - PRINC. - ADMINISTRACAO DE FUNDO DE PECULIO,65803
2026,7,2011,60,1611010199001,SERVICOS ADM. COMERC. GER. - PRINC. - DEMAIS - SERVICOS ADMINISTRATIVOS,15
2026,7,2011,60,1911090199000,MULTAS JUROS PREVISTOS CONTRATOS - PRINC. - DEMAIS,52646.69
2026,7,2011,60,1922063199000,RESTITUICAO DESPESAS PRIMARIAS EXERCICIOS ANTERIORES - PRINC. - DEMAIS,156701.49
2026,7,2011,60,1922990199000,OUTRAS RESTITUICOES - PRINC. - DEMAIS,58395.16
2026,7,2011,60,1999992199000,OUTRAS REC. - PRIMARIAS - PRINC. - DEMAIS,6291.47
2026,7,2011,60,7311011101000,REC. INTRA. - ALUGUEIS ARRENDAMENTOS - PRINC. - ALUGUEIS,34059.12
2026,7,2011,61,1631990105001,OUTROS SERV. ATEND. SAUDE - PRINC. - COPARTICIP. SEGURADOS - SERVICOS HOSPITALARES,9240406.03
2026,7,2011,61,1631990105002,OUTROS SERV. ATEND. SAUDE - PRINC. - COPARTICIP. SEGURADOS - SERVICOS ODONTOLOGICOS,460050.21
2026,7,2041,60,1321010101000,REMUNERACAO DEPOSITOS BANCARIOS - PRINC.,32292.8
2026,7,2041,60,1922990199000,OUTRAS RESTITUICOES - PRINC. - DEMAIS,1597006.82
2026,7,2041,60,1999992102000,OUTRAS REC. - PRIMARIAS - PRINC. - RENDAS DE LOTERIA INSTANTANEA,126568.96
2026,7,2041,60,1999992103000,OUTRAS REC. - PRIMARIAS - PRINC. - RENDAS DE LOTERIA ONLINE,1347258.55
2026,7,2041,60,1999992116000,OUTRAS REC. - PRIMARIAS - PRINC. - RENDAS DE LOTERIA CONVENCIONAL,153530.18
2026,7,2061,24,1321010101000,REMUNERACAO DEPOSITOS BANCARIOS - PRINC.,6400.57
2026,7,2061,60,1311011101000,ALUGUEIS ARRENDAMENTOS - PRINC. - ALUGUEIS,6441.35
2026,7,2061,60,1611010103000,"SERVICOS ADM. COMERC. GER. - PRINC. - COMERCIALIZACAO DE LIVROS, PERIODICOS, MATERIAIS ESCOLARES E PUBLICIDADE",253
2026,7,2061,60,1611010124000,SERVICOS ADM. COMERC. GER. - PRINC. - EDUCACIONAIS E CAPACITACAO,74352.08
2026,7,2061,60,1611010130000,SERVICOS ADM. COMERC. GER. - PRINC. - ESTUDOS E PESQUISA,145026.67
2026,7,2061,60,1611010199001,SERVICOS ADM. COMERC. GER. - PRINC. - DEMAIS - SERVICOS ADMINISTRATIVOS,41.25
2026,7,2061,60,1611030104000,SERVICOS REG. CERTIF. FISCALIZ. - PRINC. - EXPEDICAO DE CERTIFICADOS,69757.47
2026,7,2061,60,1922990199000,OUTRAS RESTITUICOES - PRINC. - DEMAIS,109939.17
2026,7,2061,60,7611010124000,REC. INTRA. - SERVICOS ADM. COMERC. GER. - PRINC. - EDUCACIONAIS E CAPACITACAO,47830.14
2026,7,2071,60,1321010101000,REMUNERACAO DEPOSITOS BANCARIOS - PRINC.,3220.17
2026,7,2071,60,1922011101000,RESTITUICAO CONVENIOS - PRIMARIAS - PRINC.,2873439.35
2026,7,2071,68,1321010101000,REMUNERACAO DEPOSITOS BANCARIOS - PRINC.,129093.26
2026,7,2071,69,1321010101000,REMUNERACAO DEPOSITOS BANCARIOS - PRINC.,285899.44
2026,7,2091,9,1321010101000,REMUNERACAO DEPOSITOS BANCARIOS - PRINC.,75201.87
2026,7,2091,9,1741990146999,MEIO AMBIENTE - OUTROS,4733215.2
2026,7,2091,45,1321010101000,REMUNERACAO DEPOSITOS BANCARIOS - PRINC.,69929.66
2026,7,2091,52,1121040103000,TX. CONTR. FISC. AMBIENT. - PRINC. - TAXA DE CONTROLE E FISCALIZACAO AMBIENTAL,1271098.33
2026,7,2091,52,1121040203000,TX. CONTR. FISC. AMBIENT. - MJM - TAXA DE CONTROLE E FISCALIZACAO AMBIENTAL,190156.08
2026,7,2091,52,1121040303000,TX. CONTR. FISC. AMBIENT. - DA - TAXA DE CONTROLE E FISCALIZACAO AMBIENTAL,200284.9
2026,7,2091,52,1121040403000,TX. CONTR. FISC. AMBIENT. - DA-MJM - TAXA DE CONTROLE E FISCALIZACAO AMBIENTAL,606929.92
2026,7,2091,52,1922990199000,OUTRAS RESTITUICOES - PRINC. - DEMAIS,154.73
2026,7,2091,59,1921990101000,OUTRAS INDENIZACOES - PRINC. - IMPACTOS E DANOS AMBIENTAIS,58767.49
2026,7,2091,60,1611010199001,SERVICOS ADM. COMERC. GER. - PRINC. - DEMAIS - SERVICOS ADMINISTRATIVOS,8600.4
2026,7,2091,60,1699990301000,OUTROS SERVICOS - DA,261447.97
2026,7,2091,60,1911061101000,MULTAS ADM. DANOS AMBIENTAIS - PRINC.,3549289.04
2026,7,2091,60,1911061201000,MULTAS ADM. DANOS AMBIENTAIS - MJM,483746.21
2026,7,2091,60,1922990199000,OUTRAS RESTITUICOES - PRINC. - DEMAIS,28396.82
2026,7,2091,79,1911061101000,MULTAS ADM. DANOS AMBIENTAIS - PRINC.,127015.41
2026,7,2091,91,1121040104000,TX. CONTR. FISC. AMBIENT. - PRINC. - TAXA DE REGULARIZACAO AMBIENTAL,4476.99
2026,7,2091,91,1121040109000,"TX. CONTR. FISC. AMBIENT. - PRINC. - TAXA DE REPROGRAFIA, CERTIDOES E JULGAMENTO DE CONTENCIOSO",121192.54
2026,7,2091,91,1122010101011,TX. PREST. SERV. G. - PRINC. - TX. EXP. - ATOS DE AUTORIDADE ADMINISTRATIVA DO SISTEMA ESTADUAL DE MEIO AMBIENTE E RECURSOS HIDRICOS - SISEMA,1670768.9
2026,7,2101,9,1321010101000,REMUNERACAO DEPOSITOS BANCARIOS - PRINC.,34558.06
2026,7,2101,26,1121040101000,TX. CONTR. FISC. AMBIENT. - PRINC. - TAXA FLORESTAL,9396232.17
2026,7,2101,26,1922990199000,OUTRAS RESTITUICOES - PRINC. - DEMAIS,35103.5
2026,7,2101,52,1121040103000,TX. CONTR. FISC. AMBIENT. - PRINC. - TAXA DE CONTROLE E FISCALIZACAO AMBIENTAL,117064.08
2026,7,2101,60,1611010121000,SERVICOS ADM. COMERC. GER. - PRINC. - GESTAO DE CRIADORES DE PASSEIFORMES SILVESTRES,1761326.07
2026,7,2101,60,1699990301000,OUTROS SERVICOS - DA,499086.13
2026,7,2101,60,1911061101000,MULTAS ADM. DANOS AMBIENTAIS - PRINC.,744883.6
2026,7,2101,60,1922990199000,OUTRAS RESTITUICOES - PRINC. - DEMAIS,451.18
2026,7,2101,60,1999992199000,OUTRAS REC. - PRIMARIAS - PRINC. - DEMAIS,1418240.85
2026,7,2101,61,1349010101000,COMPENSACOES AMBIENTAIS - PRINC. - REPOSICAO FLORESTAL,5016828.63
2026,7,2101,61,1349010102000,COMPENSACOES AMBIENTAIS - PRINC. - REPOSICAO DA PESCA,30.68
2026,7,2101,61,1349010199000,COMPENSACOES AMBIENTAIS - PRINC. - DEMAIS,1671212.45
2026,7,2101,61,1611010118000,SERVICOS ADM. COMERC. GER. - PRINC. - VISITACAO DAS UNIDADES DE CONSERVACAO DA NATUREZA,49703.82
2026,7,2101,68,1321010101000,REMUNERACAO DEPOSITOS BANCARIOS - PRINC.,18689.25
2026,7,2101,69,1321010101000,REMUNERACAO DEPOSITOS BANCARIOS - PRINC.,9120.91
2026,7,2101,79,1911061101000,MULTAS ADM. DANOS AMBIENTAIS - PRINC.,233494.44
2026,7,2101,91,1121040105000,TX. CONTR. FISC. AMBIENT. - PRINC. - TAXA DA LEI DA PESCA,60968.86
2026,7,2101,91,1121040106000,TX. CONTR. FISC. AMBIENT. - PRINC. - TAXA DE LIBERACAO E MANEJO DA FAUNA E FLORA,64020.76
2026,7,2101,91,1121040107000,TX. CONTR. FISC. AMBIENT. - PRINC. - TAXA DA LEI DE POLITICA FLORESTAL,899573.88
2026,7,2101,91,1121040109000,"TX. CONTR. FISC. AMBIENT. - PRINC. - TAXA DE REPROGRAFIA, CERTIDOES E JULGAMENTO DE CONTENCIOSO",20591.43
2026,7,2121,49,7219991103052,REC. INTRA. - DEMAIS CONTRIB. SOC. - PRINC. - IPSM - CONTRIB. PATRONAL - INATIVO CIVIL,470934.41
2026,7,2121,49,7219991103053,REC. INTRA. - DEMAIS CONTRIB. SOC. - PRINC. - IPSM - CONTRIB. PATRONAL MILITAR PARA A SAUDE - ATIVO,24565681.62
2026,7,2121,49,7219991103054,REC. INTRA. - DEMAIS CONTRIB. SOC. - PRINC. - IPSM - CONTRIB. PATRONAL MILITAR PARA A SAUDE - INATIVO,34616193.44
2026,7,2121,49,7219991103055,REC. INTRA. - DEMAIS CONTRIB. SOC. - PRINC. - IPSM - CONTRIB. PATRONAL MILITAR PARA A PREVIDENCIA - ATIVO,54678452.67
2026,7,2121,49,7219991103056,REC. INTRA. - DEMAIS CONTRIB. SOC. - PRINC. - IPSM - CONTRIB. PATRONAL MILITAR PARA A PREVIDENCIA - INATIVO,77062104.94
2026,7,2121,50,1219991103002,DEMAIS CONTRIB. SOC. - PRINC. - IPSM - CONTRIB. DO SERVIDOR CIVIL - INATIVO,235158.42
2026,7,2121,50,1219991103003,DEMAIS CONTRIB. SOC. - PRINC. - IPSM - CONTRIB. MILITAR PARA A SAUDE - ATIVO,11005966.19
2026,7,2121,50,1219991103004,DEMAIS CONTRIB. SOC. - PRINC. - IPSM - CONTRIB. MILITAR PARA A SAUDE - INATIVO,17707698.8
2026,7,2121,50,1219991103005,DEMAIS CONTRIB. SOC. - PRINC. - IPSM - CONTRIB. MILITAR PARA A PREVIDENCIA  - ATIVO,24497150.57
2026,7,2121,50,1219991103006,DEMAIS CONTRIB. SOC. - PRINC. - IPSM - CONTRIB. MILITAR PARA A PREVIDENCIA  - INATIVO,39524833.51
2026,7,2121,50,1219991103007,DEMAIS CONTRIB. SOC. - PRINC. - IPSM - CONTRIB. MILITAR PARA A PREVIDENCIA  - PENSIONISTA,751594.62
2026,7,2121,50,1922990199000,OUTRAS RESTITUICOES - PRINC. - DEMAIS,6263.77
2026,7,2121,60,1311011101000,ALUGUEIS ARRENDAMENTOS - PRINC. - ALUGUEIS,313025.54
2026,7,2121,60,1311011201000,ALUGUEIS ARRENDAMENTOS - MJM - ALUGUEIS,156.79
2026,7,2121,60,1329990102000,OUTROS VALORES MOBILIARIOS - PRINC. - FUNDOS DE INVESTIMENTO,5414237.09
2026,7,2121,60,1611010199001,SERVICOS ADM. COMERC. GER. - PRINC. - DEMAIS - SERVICOS ADMINISTRATIVOS,2371.78
2026,7,2121,60,1611040105000,SERVICOS INFORMACAO TECNOLOGIA - PRINC. - PROCESSAMENTO DAS CONSIGNACOES DA FOLHA DE PESSOAL,128879.86
2026,7,2121,60,1631990105001,OUTROS SERV. ATEND. SAUDE - PRINC. - COPARTICIP. SEGURADOS - SERVICOS HOSPITALARES,9757724.35
2026,7,2121,60,1631990105002,OUTROS SERV. ATEND. SAUDE - PRINC. - COPARTICIP. SEGURADOS - SERVICOS ODONTOLOGICOS,1376497.16
2026,7,2121,60,1922990199000,OUTRAS RESTITUICOES - PRINC. - DEMAIS,59403.58
2026,7,2121,60,1999992199000,OUTRAS REC. - PRIMARIAS - PRINC. - DEMAIS,1124966.09
2026,7,2121,60,7219991205000,REC. INTRA. - DEMAIS CONTRIB. SOC. - MJM - RENEGOCIACAO DE OBRIGACOES PREVIDENCIARIAS,43587892.37
2026,7,2151,60,1611010199001,SERVICOS ADM. COMERC. GER. - PRINC. - DEMAIS - SERVICOS ADMINISTRATIVOS,18310
2026,7,2171,9,1321010101000,REMUNERACAO DEPOSITOS BANCARIOS - PRINC.,225755
2026,7,2171,60,1699990101000,OUTROS SERVICOS - PRINC.,55412.64
2026,7,2181,60,1311011101000,ALUGUEIS ARRENDAMENTOS - PRINC. - ALUGUEIS,254147.89
2026,7,2181,60,1611010127000,SERVICOS ADM. COMERC. GER. - PRINC. - RECREATIVOS E CULTURAIS,271122.39
2026,7,2181,60,1921990199000,OUTRAS INDENIZACOES - PRINC. - DEMAIS,18107.91
2026,7,2201,9,1321010101000,REMUNERACAO DEPOSITOS BANCARIOS - PRINC.,6247.81
2026,7,2201,9,1741990139999,CULTURA - OUTROS,3350000
2026,7,2201,24,1321010101000,REMUNERACAO DEPOSITOS BANCARIOS - PRINC.,11389.54
2026,7,2201,24,2414990111004,CULTURA - INSTITUTO DO PATRIMONIO HISTORICO E ARTISTICO NACIONAL - IPHAN,0
2026,7,2201,45,1321010101000,REMUNERACAO DEPOSITOS BANCARIOS - PRINC.,84373.63
2026,7,2201,45,1921010199000,INDENIZACOES DANOS CAUSADOS PATRIMONIO PUBLICO - PRINC. - DEMAIS,5440.19
2026,7,2201,60,1699990101000,OUTROS SERVICOS - PRINC.,242.25
2026,7,2211,60,1311011101000,ALUGUEIS ARRENDAMENTOS - PRINC. - ALUGUEIS,70316.95
2026,7,2241,24,1321010101000,REMUNERACAO DEPOSITOS BANCARIOS - PRINC.,0
2026,7,2241,60,1321010101000,REMUNERACAO DEPOSITOS BANCARIOS - PRINC.,0
2026,7,2241,60,1699990301000,OUTROS SERVICOS - DA,17263.8
2026,7,2241,60,1911061101000,MULTAS ADM. DANOS AMBIENTAIS - PRINC.,12155.37
2026,7,2241,61,1345010101000,OUTORGA DIR. USO RECURSOS HIDRICOS - PRINC.,45992003.29
2026,7,2241,61,1345010301000,OUTORGA DIR. USO RECURSOS HIDRICOS - DA,21621.57
2026,7,2241,73,1321010101000,REMUNERACAO DEPOSITOS BANCARIOS - PRINC.,22749.09
2026,7,2241,73,1922990199000,OUTRAS RESTITUICOES - PRINC. - DEMAIS,1824.5
2026,7,2241,79,1911061101000,MULTAS ADM. DANOS AMBIENTAIS - PRINC.,5935.48
2026,7,2241,91,1121040104000,TX. CONTR. FISC. AMBIENT. - PRINC. - TAXA DE REGULARIZACAO AMBIENTAL,844446.73
2026,7,2241,91,1121040109000,"TX. CONTR. FISC. AMBIENT. - PRINC. - TAXA DE REPROGRAFIA, CERTIDOES E JULGAMENTO DE CONTENCIOSO",701.17
2026,7,2251,60,1321060101000,JUROS CAPITAL PROPRIO - PRINC. - EMPRESAS ESTATAIS,0
2026,7,2251,60,1322010101000,DIVIDENDOS - PRINC. - EMPRESAS ESTATAIS,0
2026,7,2251,60,1611030106000,SERVICOS REG. CERTIF. FISCALIZ. - PRINC. - REGISTRO DO COMERCIO,11213088.06
2026,7,2251,60,1922990199000,OUTRAS RESTITUICOES - PRINC. - DEMAIS,574.3
2026,7,2261,10,1922990101000,OUTRAS RESTITUICOES - PRINC. - RECURSOS ORIGINARIOS DO FUNDO ESTADUAL DE SAUDE - FES,89990.15
2026,7,2261,10,7729990125000,REC. INTRA. - OUTRAS TRANSF. ESTADOS DF - PRINC. - REPASSE DO FUNDO ESTADUAL DE SAUDE - FES - LC FEDERAL NO 141/12,30556500.51
2026,7,2261,24,1321010101000,REMUNERACAO DEPOSITOS BANCARIOS - PRINC.,18145.48
2026,7,2261,24,2414500101000,SUS-SAUDE - MINISTERIO DA SAUDE,2918182.72
2026,7,2261,60,1311011101000,ALUGUEIS ARRENDAMENTOS - PRINC. - ALUGUEIS,1736.98
2026,7,2261,60,1511010101003,REC. INDUSTRIAL - PRINC. - INDUSTRIA TRANSFORMACAO - INDUSTRIA DE PRODUTOS FARMACEUTICOS E VETERINARIOS,8903051.23
2026,7,2261,60,1611040199000,SERVICOS INFORMACAO TECNOLOGIA - PRINC. - DEMAIS SERVICOS TECNOLOGICOS,580.86
2026,7,2261,60,1631520101000,SERVICOS RADIOLOGICOS LABORATORIAIS - PRINC.,290.43
2026,7,2261,60,7631520101000,REC. INTRA. - SERVICOS RADIOLOGICOS LABORATORIAIS - PRINC.,179797.65
2026,7,2271,10,1922990101000,OUTRAS RESTITUICOES - PRINC. - RECURSOS ORIGINARIOS DO FUNDO ESTADUAL DE SAUDE - FES,1647232.35
2026,7,2271,10,7729990125000,REC. INTRA. - OUTRAS TRANSF. ESTADOS DF - PRINC. - REPASSE DO FUNDO ESTADUAL DE SAUDE - FES - LC FEDERAL NO 141/12,203499366.43
2026,7,2271,45,1321010101000,REMUNERACAO DEPOSITOS BANCARIOS - PRINC.,1204.01
2026,7,2271,60,1321010101000,REMUNERACAO DEPOSITOS BANCARIOS - PRINC.,0
2026,7,2271,60,1631500101000,SERVICOS HOSPITALARES - PRINC.,8036101.8
2026,7,2271,60,1999992199000,OUTRAS REC. - PRIMARIAS - PRINC. - DEMAIS,0
2026,7,2271,68,1321010101000,REMUNERACAO DEPOSITOS BANCARIOS - PRINC.,250810.07
2026,7,2271,68,1741500199000,SUS-SAUDE - OUTROS,1049075.33
2026,7,2271,70,1321010101000,REMUNERACAO DEPOSITOS BANCARIOS - PRINC.,390007.89
2026,7,2271,70,1732500101000,SUS-SAUDE - DIVERSOS MUNICIPIOS,861821.55
2026,7,2281,36,1321010101000,REMUNERACAO DEPOSITOS BANCARIOS - PRINC.,49246.12
2026,7,2301,51,1321010101000,REMUNERACAO DEPOSITOS BANCARIOS - PRINC.,296144.13
2026,7,2301,60,1322010101000,DIVIDENDOS - PRINC. - EMPRESAS ESTATAIS,1036.17
2026,7,2301,60,1611010128000,"SERVICOS ADM. COMERC. GER. - PRINC. - CONSULTORIA, ASSISTENCIA TECNICA E ANALISE DE PROJETOS",73.6
2026,7,2301,60,1922990199000,OUTRAS RESTITUICOES - PRINC. - DEMAIS,176
2026,7,2301,60,1999992199000,OUTRAS REC. - PRIMARIAS - PRINC. - DEMAIS,24047.58
2026,7,2301,60,1999992299000,OUTRAS REC. - PRIMARIAS - MJM - DEMAIS,463673.52
2026,7,2301,68,1321010101000,REMUNERACAO DEPOSITOS BANCARIOS - PRINC.,241986.12
2026,7,2301,69,1321010101000,REMUNERACAO DEPOSITOS BANCARIOS - PRINC.,1280.85
2026,7,2301,70,1321010101000,REMUNERACAO DEPOSITOS BANCARIOS - PRINC.,91475.63
2026,7,2301,74,1321010101000,REMUNERACAO DEPOSITOS BANCARIOS - PRINC.,464255.04
2026,7,2301,74,2441990118002,TRANSPORTE - EMPRESAS DO SETOR SUCROENERGETICO,1175747.09
2026,7,2301,91,1122010101001,TX. PREST. SERV. G. - PRINC. - TX. EXP. - DEPARTAMENTO DE EDIFICACOES E ESTRADAS DE RODAGEM DO ESTADO DE MINAS GERAIS - DERMG,2028406.53
2026,7,2301,91,1122010104000,TX. PREST. SERV. G. - PRINC. - TAXA DE GERENCIAMENTO DO SISTEMA TRANSPORTE RODOVIARIO INTERMUNICIPAL - DEPARTAMENTO DE EDIFICACOES E ESTRADAS DE RODAGEM DO ESTADO DE MINAS GERAIS - DERMG,4996.94
2026,7,2301,91,1122010301006,TX. PREST. SERV. G. - DA - TX. EXP. - TRANSPORTE COLETIVO INTERMUNICIPAL - NOTIFICACAO,864.38
2026,7,2301,91,1122010401006,TX. PREST. SERV. G. - DA-MJM - TX. EXP. - TRANSPORTE COLETIVO INTERMUNICIPAL - NOTIFICACAO,3142.99
2026,7,2301,91,1922990199000,OUTRAS RESTITUICOES - PRINC. - DEMAIS,0
2026,7,2311,1,1321010101000,REMUNERACAO DEPOSITOS BANCARIOS - PRINC.,977.3
2026,7,2311,10,7729990125000,REC. INTRA. - OUTRAS TRANSF. ESTADOS DF - PRINC. - REPASSE DO FUNDO ESTADUAL DE SAUDE - FES - LC FEDERAL NO 141/12,3374135.74
2026,7,2311,24,1321010101000,REMUNERACAO DEPOSITOS BANCARIOS - PRINC.,25588.19
2026,7,2311,36,1321010101000,REMUNERACAO DEPOSITOS BANCARIOS - PRINC.,47301.03
2026,7,2311,60,1311011101000,ALUGUEIS ARRENDAMENTOS - PRINC. - ALUGUEIS,9356.54
2026,7,2311,60,1321010101000,REMUNERACAO DEPOSITOS BANCARIOS - PRINC.,2748.34
2026,7,2311,60,1611010124000,SERVICOS ADM. COMERC. GER. - PRINC. - EDUCACIONAIS E CAPACITACAO,366
2026,7,2311,60,1611020101000,INSCRICAO CONCURSOS PROCESSOS SELETIVOS - PRINC.,70
2026,7,2311,60,1631500101000,SERVICOS HOSPITALARES - PRINC.,1152658.73
2026,7,2311,60,1922990199000,OUTRAS RESTITUICOES - PRINC. - DEMAIS,484.47
2026,7,2311,70,1321010101000,REMUNERACAO DEPOSITOS BANCARIOS - PRINC.,154208.46
2026,7,2311,70,1732500101000,SUS-SAUDE - DIVERSOS MUNICIPIOS,396713.75
2026,7,2321,1,1321010101000,REMUNERACAO DEPOSITOS BANCARIOS - PRINC.,13.06
2026,7,2321,10,1922990101000,OUTRAS RESTITUICOES - PRINC. - RECURSOS ORIGINARIOS DO FUNDO ESTADUAL DE SAUDE - FES,80210.56
2026,7,2321,10,7729990125000,REC. INTRA. - OUTRAS TRANSF. ESTADOS DF - PRINC. - REPASSE DO FUNDO ESTADUAL DE SAUDE - FES - LC FEDERAL NO 141/12,137565412.02
2026,7,2321,24,1321010101000,REMUNERACAO DEPOSITOS BANCARIOS - PRINC.,17243.91
2026,7,2321,24,2414500101000,SUS-SAUDE - MINISTERIO DA SAUDE,77589
2026,7,2321,47,2213010101000,ALIENACAO BENS MOVEIS E SEMOVENTES - PRINC.,72100
2026,7,2321,60,1631500101000,SERVICOS HOSPITALARES - PRINC.,50949.6
2026,7,2321,60,1631530101000,SERVICOS AMBULATORIAIS - PRINC.,173243.58
2026,7,2321,60,1631990102000,"OUTROS SERV. ATEND. SAUDE - PRINC. - SERVICOS DE COLETA, PROCESSAMENTO E ARMAZENAMENTO DE CELULAS E TECIDOS BIOLOGICOS",167314.1
2026,7,2321,60,1631990104000,OUTROS SERV. ATEND. SAUDE - PRINC. - SERVICOS DE SAUDE PRESTADOS A PARTICULARES,1577431.25
2026,7,2321,60,1631990202000,"OUTROS SERV. ATEND. SAUDE - MJM - SERVICOS DE COLETA, PROCESSAMENTO E ARMAZENAMENTO DE CELULAS E TECIDOS BIOLOGICOS",82.11
2026,7,2321,60,1631990204000,OUTROS SERV. ATEND. SAUDE - MJM - SERVICOS DE SAUDE PRESTADOS A PARTICULARES,6315.53
2026,7,2321,60,1911090199000,MULTAS JUROS PREVISTOS CONTRATOS - PRINC. - DEMAIS,131845.7
2026,7,2321,60,1922990199000,OUTRAS RESTITUICOES - PRINC. - DEMAIS,11797
2026,7,2321,60,7631990103000,REC. INTRA. - OUTROS SERV. ATEND. SAUDE - PRINC. - SERVICOS DE SAUDE PRESTADOS AO SIA/SUS,4858418.18
2026,7,2321,60,7631990106000,REC. INTRA. - OUTROS SERV. ATEND. SAUDE - PRINC. - SERVICOS DE SAUDE PRESTADOS - DEMAIS,0
2026,7,2321,60,7631990206000,REC. INTRA. - OUTROS SERV. ATEND. SAUDE - MJM - SERVICOS DE SAUDE PRESTADOS - DEMAIS,0
2026,7,2331,73,1321010101000,REMUNERACAO DEPOSITOS BANCARIOS - PRINC.,37882.62
2026,7,2331,73,1717990106001,"CIENCIA TECNOLOGIA - INSTITUTO NACIONAL DE METROLOGIA, QUALIDADE E TECNOLOGIA - INMETRO",3499002.22
2026,7,2331,73,1922990199000,OUTRAS RESTITUICOES - PRINC. - DEMAIS,81401
2026,7,2351,1,1321010101000,REMUNERACAO DEPOSITOS BANCARIOS - PRINC.,1901.76
2026,7,2351,24,1321010101000,REMUNERACAO DEPOSITOS BANCARIOS - PRINC.,14596.96
2026,7,2351,60,1311011102000,ALUGUEIS ARRENDAMENTOS - PRINC. - ARRENDAMENTOS,19921.63
2026,7,2351,60,1611010124000,SERVICOS ADM. COMERC. GER. - PRINC. - EDUCACIONAIS E CAPACITACAO,7417.66
2026,7,2351,60,1922990199000,OUTRAS RESTITUICOES - PRINC. - DEMAIS,12937.8
2026,7,2351,60,2213010101000,ALIENACAO BENS MOVEIS E SEMOVENTES - PRINC.,47080
2026,7,2351,70,1321010101000,REMUNERACAO DEPOSITOS BANCARIOS - PRINC.,3127.74
2026,7,2361,60,1219991101001,DEMAIS CONTRIB. SOC. - PRINC. - CONTRIB. PATRON. CIVIL SAUDE - SERVIDOR ATIVO,293130.17
2026,7,2361,60,1219991104002,DEMAIS CONTRIB. SOC. - PRINC. - IPLEMG - CONTRIB. DO SEGURADO - INATIVO,278553.15
2026,7,2361,60,1219991104003,DEMAIS CONTRIB. SOC. - PRINC. - IPLEMG - CONTRIB. DO SEGURADO - PENSIONISTA,204938.84
2026,7,2361,60,1219991104052,DEMAIS CONTRIB. SOC. - PRINC. - IPLEMG - CONTRIB. PATRONAL - EXERCENTE DE MANDATO ELETIVO FEDERAL OU MUNICIPAL,129011.12
2026,7,2361,60,1321010101000,REMUNERACAO DEPOSITOS BANCARIOS - PRINC.,8898385.01
2026,7,2361,60,1641010101000,RETORNO OPER. JUROS ENCARG. FINANCEIROS - PRINC. - JUROS DE EMPRESTIMOS,97935.59
2026,7,2361,60,1999992199000,OUTRAS REC. - PRIMARIAS - PRINC. - DEMAIS,721553.89
2026,7,2361,60,7219991104051,REC. INTRA. - DEMAIS CONTRIB. SOC. - PRINC. - IPLEMG - CONTRIB. PATRONAL - EXERCENTE DE MANDATO ESTADUAL,229512.6
2026,7,2361,60,7999992105000,REC. INTRA. - OUTRAS REC. - PRIMARIAS - PRINC. - RESERVA TECNICA OBRIGATORIA - EQUILIBRIO ATUARIAL,996083
2026,7,2371,60,1611010125000,SERVICOS ADM. COMERC. GER. - PRINC. - AGROPECUARIOS,40476.27
2026,7,2371,60,1611030104000,SERVICOS REG. CERTIF. FISCALIZ. - PRINC. - EXPEDICAO DE CERTIFICADOS,5940.36
2026,7,2371,60,1611030106000,SERVICOS REG. CERTIF. FISCALIZ. - PRINC. - REGISTRO DO COMERCIO,52073.07
2026,7,2371,60,1611030199000,SERVICOS REG. CERTIF. FISCALIZ. - PRINC. - DEMAIS,122327.22
2026,7,2371,60,1699990101000,OUTROS SERVICOS - PRINC.,70940.95
2026,7,2371,60,1922990199000,OUTRAS RESTITUICOES - PRINC. - DEMAIS,3256.04
2026,7,2371,60,1999992299000,OUTRAS REC. - PRIMARIAS - MJM - DEMAIS,1374236.67
2026,7,2371,91,1122010101003,TX. PREST. SERV. G. - PRINC. - TX. EXP. - INSTITUTO MINEIRO DE AGROPECUARIA - IMA,6318523.39
2026,7,2371,91,1321010101000,REMUNERACAO DEPOSITOS BANCARIOS - PRINC.,0.07
2026,7,2371,91,1922990199000,OUTRAS RESTITUICOES - PRINC. - DEMAIS,249.96
2026,7,2421,1,1321010101000,REMUNERACAO DEPOSITOS BANCARIOS - PRINC.,1298.11
2026,7,2421,24,1321010101000,REMUNERACAO DEPOSITOS BANCARIOS - PRINC.,277121.04
2026,7,2421,24,1922990199000,OUTRAS RESTITUICOES - PRINC. - DEMAIS,140342.14
2026,7,2431,60,1611010199001,SERVICOS ADM. COMERC. GER. - PRINC. - DEMAIS - SERVICOS ADMINISTRATIVOS,114799.5
2026,7,2441,59,1121010104000,TX. INSP. CONTR. FISC. - PRINC. - TAXA DE FISCALIZACAO SOBRE SERVICOS PUBLICOS DE ABASTECIMENTO DE AGUA E SANEAMENTO,3890194.73
2026,7,2441,59,1922990199000,OUTRAS RESTITUICOES - PRINC. - DEMAIS,400.14
2026,7,2461,60,1611010199001,SERVICOS ADM. COMERC. GER. - PRINC. - DEMAIS - SERVICOS ADMINISTRATIVOS,5112.76
2026,7,3041,60,1611010128000,"SERVICOS ADM. COMERC. GER. - PRINC. - CONSULTORIA, ASSISTENCIA TECNICA E ANALISE DE PROJETOS",1852370.82
2026,7,3041,67,1732990108001,AGROPECUARIA - DIVERSOS MUNICIPIOS,9071993.15
2026,7,3051,60,1411010101000,REC. AGROPECUARIA - PRINC. - PRODUCAO VEGETAL,1191395.21
2026,7,3051,60,1411010102999,REC. AGROPECUARIA - PRINC. - PRODUCAO ANIMAL DERIVADOS - OUTROS,236724.48
2026,7,3051,60,1511010101004,REC. INDUSTRIAL - PRINC. - INDUSTRIA TRANSFORMACAO - INDUSTRIA DE PRODUTOS ALIMENTARES,138167.77
2026,7,3051,60,1611010130000,SERVICOS ADM. COMERC. GER. - PRINC. - ESTUDOS E PESQUISA,93936.19
2026,7,3051,60,1611040102000,SERVICOS INFORMACAO TECNOLOGIA - PRINC. - INFORMACOES CIENTIFICAS E TECNOLOGICAS,3581.49
2026,7,3051,60,1699990101000,OUTROS SERVICOS - PRINC.,3268659.49
2026,7,3051,60,1999992199000,OUTRAS REC. - PRIMARIAS - PRINC. - DEMAIS,5365.96
2026,7,3051,60,7411010101000,REC. INTRA. - REC. AGROPECUARIA - PRINC. - PRODUCAO VEGETAL,145168.64
2026,7,3151,60,1611010107000,SERVICOS ADM. COMERC. GER. - PRINC. - COMUNICACAO,659303.56
2026,7,4031,60,1311020101000,CONC. PERM. AUTOR. CESSAO DIR. USO BENS IMOV. PUB. - PRINC. - CONCESSAO DE DIREITO REAL DE USO DE AREA PUBLICA,151342.83
2026,7,4031,60,1321010101000,REMUNERACAO DEPOSITOS BANCARIOS - PRINC.,81962527.17
2026,7,4031,60,1611010101000,SERVICOS ADM. COMERC. GER. - PRINC. - ADMINISTRACAO DE DEPOSITOS JUDICIAIS,53358827.5
2026,7,4031,60,1611010123002,SERVICOS ADM. COMERC. GER. - PRINC. - PODER JUDIC. - DESPESAS PROCESSUAIS,5192741.56
2026,7,4031,60,1611010323002,SERVICOS ADM. COMERC. GER. - DA - PODER JUDIC. - DESPESAS PROCESSUAIS,273367.02
2026,7,4031,60,1611010423002,SERVICOS ADM. COMERC. GER. - DA-MJM - PODER JUDIC. - DESPESAS PROCESSUAIS,81429.36
2026,7,4031,60,1611020101000,INSCRICAO CONCURSOS PROCESSOS SELETIVOS - PRINC.,-1241340
2026,7,4031,60,1611040105000,SERVICOS INFORMACAO TECNOLOGIA - PRINC. - PROCESSAMENTO DAS CONSIGNACOES DA FOLHA DE PESSOAL,194972.77
2026,7,4031,60,1911010108001,MULTAS LEGISL. ESPECIFICA - PRINC. - MULTA ADM. DISCIPLINAR - NOTARIOS REGISTRADORES - PRINC.,0
2026,7,4031,60,1911010308001,MULTAS LEGISL. ESPECIFICA - DA - MULTA ADM. DISCIPLINAR - NOTARIOS REGISTRADORES - PRINC.,2989.64
2026,7,4031,60,1911090199000,MULTAS JUROS PREVISTOS CONTRATOS - PRINC. - DEMAIS,275145.59
2026,7,4031,60,1911090499000,MULTAS JUROS PREVISTOS CONTRATOS - DA-MJM - DEMAIS,422.64
2026,7,4031,60,1921990199000,OUTRAS INDENIZACOES - PRINC. - DEMAIS,9276.2
2026,7,4031,60,1922990199000,OUTRAS RESTITUICOES - PRINC. - DEMAIS,6513.03
2026,7,4031,60,1999992109001,OUTRAS REC. - PRIMARIAS - PRINC. - EXCEDENTE TETO INTERINOS - PRINC.,25712156.22
2026,7,4031,60,1999992109002,OUTRAS REC. - PRIMARIAS - PRINC. - EXCEDENTE TETO INTERINOS - CORRECAO MONETARIA,5000.32
2026,7,4031,60,1999992199000,OUTRAS REC. - PRIMARIAS - PRINC. - DEMAIS,3927.51
2026,7,4031,60,1999992209001,OUTRAS REC. - PRIMARIAS - MJM - EXCEDENTE TETO INTERINOS - PRINC.,14680.98
2026,7,4031,60,1999992309001,OUTRAS REC. - PRIMARIAS - DA - EXCEDENTE TETO INTERINOS - PRINC.,82052.34
2026,7,4031,60,1999992309002,OUTRAS REC. - PRIMARIAS - DA - EXCEDENTE TETO INTERINOS - CORRECAO MONETARIA,9502.07
2026,7,4031,60,7311020101000,REC. INTRA. - CONC. PERM. AUTOR. CESSAO DIR. USO BENS IMOV. PUB. - PRINC. - CONCESSAO DE DIREITO REAL DE USO DE AREA PUBLICA,200123.08
2026,7,4031,60,7611010101000,REC. INTRA. - SERVICOS ADM. COMERC. GER. - PRINC. - ADMINISTRACAO DE DEPOSITOS JUDICIAIS,6927208.85
2026,7,4031,61,1611010123003,SERVICOS ADM. COMERC. GER. - PRINC. - PODER JUDIC. - VERBA INDENIZATORIA DE TRANSPORTE CUSTEADA PELAS PARTES,7718725.06
2026,7,4031,70,1321010101000,REMUNERACAO DEPOSITOS BANCARIOS - PRINC.,1643.58
2026,7,4031,70,1732990105001,ACOES JUDICIARIAS - DIVERSOS MUNICIPIOS,70000
2026,7,4031,77,1121010102000,TX. INSP. CONTR. FISC. - PRINC. - TAXA DE FISCALIZACAO JUDICIARIA,158759445.79
2026,7,4031,77,1121010202000,TX. INSP. CONTR. FISC. - MJM - TAXA DE FISCALIZACAO JUDICIARIA,110934.8
2026,7,4031,77,1121010302000,TX. INSP. CONTR. FISC. - DA - TAXA DE FISCALIZACAO JUDICIARIA,20534.41
2026,7,4031,77,1121010402000,TX. INSP. CONTR. FISC. - DA-MJM - TAXA DE FISCALIZACAO JUDICIARIA,31987.47
2026,7,4031,77,1122020101000,EMOLUMENTOS CUSTAS JUDICIAIS - PRINC. - CUSTAS JUDICIAIS - JUSTICA COMUM,27956666.89
2026,7,4031,77,1122020102000,EMOLUMENTOS CUSTAS JUDICIAIS - PRINC. - CUSTAS JUDICIAIS - JUIZADO ESPECIAL,2514810.33
2026,7,4031,77,1122020103000,EMOLUMENTOS CUSTAS JUDICIAIS - PRINC. - TAXA JUDICIARIA,20835955.38
2026,7,4031,77,1122020301000,EMOLUMENTOS CUSTAS JUDICIAIS - DA - CUSTAS JUDICIAIS - JUSTICA COMUM,952765.82
2026,7,4031,77,1122020302000,EMOLUMENTOS CUSTAS JUDICIAIS - DA - CUSTAS JUDICIAIS - JUIZADO ESPECIAL,91967.44
2026,7,4031,77,1122020303000,EMOLUMENTOS CUSTAS JUDICIAIS - DA - TAXA JUDICIARIA,401257.57
2026,7,4031,77,1122020401000,EMOLUMENTOS CUSTAS JUDICIAIS - DA-MJM - CUSTAS JUDICIAIS - JUSTICA COMUM,299119.23
2026,7,4031,77,1122020402000,EMOLUMENTOS CUSTAS JUDICIAIS - DA-MJM - CUSTAS JUDICIAIS - JUIZADO ESPECIAL,22443.31
2026,7,4031,77,1122020403000,EMOLUMENTOS CUSTAS JUDICIAIS - DA-MJM - TAXA JUDICIARIA,116903.61
2026,7,4031,77,1911080101000,MULTAS SENTENCAS JUDICIAIS - PRINC. - MULTAS PECUNIARIAS E JUROS DE MORA,263633.89
2026,7,4031,77,1911080301000,MULTAS SENTENCAS JUDICIAIS - DA - MULTAS PECUNIARIAS E JUROS DE MORA,1863.21
2026,7,4031,77,1911080401000,MULTAS SENTENCAS JUDICIAIS - DA-MJM - MULTAS PECUNIARIAS E JUROS DE MORA,334.61
2026,7,4091,45,1741990141999,DIR. HUMANOS CIDADANIA - OUTROS,565857.72
2026,7,4091,45,1791990114000,OUTRAS TRANSF. PESSOAS FISICAS - PRINC. - DIREITOS HUMANOS E DE CIDADANIA,100
2026,7,4091,60,1911010199000,MULTAS LEGISL. ESPECIFICA - PRINC. - DEMAIS,0
2026,7,4101,60,2311071199000,AMORTIZACAO FINANCIAMENTOS GERAL - PRINC. - DEMAIS,3800739.42
2026,7,4111,60,1641010101000,RETORNO OPER. JUROS ENCARG. FINANCEIROS - PRINC. - JUROS DE EMPRESTIMOS,1536.92
2026,7,4111,60,2311071199000,AMORTIZACAO FINANCIAMENTOS GERAL - PRINC. - DEMAIS,11221.56
2026,7,4111,61,1641010101000,RETORNO OPER. JUROS ENCARG. FINANCEIROS - PRINC. - JUROS DE EMPRESTIMOS,133.65
2026,7,4111,61,2311071199000,AMORTIZACAO FINANCIAMENTOS GERAL - PRINC. - DEMAIS,975.79
2026,7,4121,60,1321010101000,REMUNERACAO DEPOSITOS BANCARIOS - PRINC.,5600492.71
2026,7,4121,60,1641010101000,RETORNO OPER. JUROS ENCARG. FINANCEIROS - PRINC. - JUROS DE EMPRESTIMOS,34146.27
2026,7,4121,60,1999992107000,OUTRAS REC. - PRIMARIAS - PRINC. - ASSISTENCIA COMPLEMENTAR - SERVIDOR,4884343.46
2026,7,4121,60,2311060101000,AMORTIZACAO EMPRESTIMOS CONTRATUAIS - PRINC.,610546.93
2026,7,4141,39,1911080101000,MULTAS SENTENCAS JUDICIAIS - PRINC. - MULTAS PECUNIARIAS E JUROS DE MORA,1893864.6
2026,7,4141,39,1911080301000,MULTAS SENTENCAS JUDICIAIS - DA - MULTAS PECUNIARIAS E JUROS DE MORA,228681.43
2026,7,4141,57,1321010101000,REMUNERACAO DEPOSITOS BANCARIOS - PRINC.,210430.52
2026,7,4251,5,1321010101000,REMUNERACAO DEPOSITOS BANCARIOS - PRINC.,10850.13
2026,7,4251,56,1321010101000,REMUNERACAO DEPOSITOS BANCARIOS - PRINC.,40759.31
2026,7,4251,56,1716500199000,TRANSF. RECURSOS FNAS - PRINC. - DEMAIS,184065.92
2026,7,4291,24,1321010101000,REMUNERACAO DEPOSITOS BANCARIOS - PRINC.,7907.5
2026,7,4291,37,1321010101000,REMUNERACAO DEPOSITOS BANCARIOS - PRINC.,231681.17
2026,7,4291,37,1922990199000,OUTRAS RESTITUICOES - PRINC. - DEMAIS,-678.05
2026,7,4291,57,1321010101000,REMUNERACAO DEPOSITOS BANCARIOS - PRINC.,107088.45
2026,7,4291,57,1713505104000,TRANSF. BLOCO MANUT. ASPS - GESTAO SUS - PRINC. - PISO DA ENFERMAGEM,2419224.54
2026,7,4291,60,1631990199000,OUTROS SERV. ATEND. SAUDE - PRINC. - DEMAIS,2976135.4
2026,7,4291,92,1321010101000,REMUNERACAO DEPOSITOS BANCARIOS - PRINC.,9768795.01
2026,7,4291,92,1713502101001,TRANSF. BLOCO MANUT. ASPS - ATENCAO ESPECIALIZADA - PRINC. - ATENCAO MAC - PRESTADORES AMBULATORIAIS E HOSPITALARES,8451201.22
2026,7,4291,92,1713502101002,TRANSF. BLOCO MANUT. ASPS - ATENCAO ESPECIALIZADA - PRINC. - ATENCAO MAC - SAMU,15535544.7
2026,7,4291,92,1713502101003,TRANSF. BLOCO MANUT. ASPS - ATENCAO ESPECIALIZADA - PRINC. - ATENCAO MAC - TRANSPLANTES,110000
2026,7,4291,92,1713503101000,TRANSF. BLOCO MANUT. ASPS - VIGILANCIA SAUDE - PRINC. - VIGILANCIA EPIDEMIOLOGICA,3432125.28
2026,7,4291,92,1713503102000,TRANSF. BLOCO MANUT. ASPS - VIGILANCIA SAUDE - PRINC. - HIV-AIDS,217775
2026,7,4291,92,1713504102000,TRANSF. BLOCO MANUT. ASPS - ASSISTENCIA FARMACEUTICA - PRINC. - MEDICAMENTOS EXCEPCIONAIS,13835111.92
2026,7,4291,92,1922990199000,OUTRAS RESTITUICOES - PRINC. - DEMAIS,57054.17
2026,7,4291,93,1321010101000,REMUNERACAO DEPOSITOS BANCARIOS - PRINC.,99799.36
2026,7,4291,98,1321010101000,REMUNERACAO DEPOSITOS BANCARIOS - PRINC.,3.09
2026,7,4331,59,1999992299000,OUTRAS REC. - PRIMARIAS - MJM - DEMAIS,7828.87
2026,7,4341,61,1911010112000,MULTAS LEGISL. ESPECIFICA - PRINC. - INFRACAO A LEGISLACAO DE ABASTECIMENTO DE AGUA E ESGOTAMENTO SANITARIO,203210.83
2026,7,4381,54,1121010103000,TX. INSP. CONTR. FISC. - PRINC. - TAXA DE LICENCIAMENTO PARA USO OU OCUPACAO DA FAIXA DE DOMINIO DAS RODOVIAS,57615.89
2026,7,4381,54,1121010203000,TX. INSP. CONTR. FISC. - MJM - TAXA DE LICENCIAMENTO PARA USO OU OCUPACAO DA FAIXA DE DOMINIO DAS RODOVIAS,17737.84
2026,7,4381,60,1332011101000,DELEG. EXPLOR. INFRA. TRANSP. RODOVIARIO SETOR PRIVADO - PRINC. - FUNDO ESTADUAL DE DESENVOLVIMENTO DE TRANSPORTES - FUNTRANS,17602740.51
2026,7,4381,60,1611030199000,SERVICOS REG. CERTIF. FISCALIZ. - PRINC. - DEMAIS,1778838.6
2026,7,4381,83,1911010103002,MULTAS LEGISL. ESPECIFICA - PRINC. - LEGISL. TRANSITO - COTA PARTE DO DEPARTAMENTO DE EDIFICACOES E ESTRADAS DE RODAGEM DO ESTADO DE MINAS GERAIS - DERMG,19548002.46
2026,7,4381,83,1911010103003,MULTAS LEGISL. ESPECIFICA - PRINC. - LEGISL. TRANSITO - COTA PARTE DO FUNDO NACIONAL DE SEGURANCA E EDUCACAO NO TRANSITO - FUNSET,1365107.25
2026,7,4381,83,9911010103003,DEDUCAO REC. - MULTAS LEGISL. ESPECIFICA - PRINC. - LEGISL. TRANSITO - COTA PARTE DO FUNDO NACIONAL DE SEGURANCA E EDUCACAO NO TRANSITO - FUNSET,-1365107.25
2026,7,4421,39,1911080101000,MULTAS SENTENCAS JUDICIAIS - PRINC. - MULTAS PECUNIARIAS E JUROS DE MORA,385063.86
2026,7,4441,60,1321010101000,REMUNERACAO DEPOSITOS BANCARIOS - PRINC.,2141241.05
2026,7,4441,60,1911040103000,MULTAS LEGISL. DEFESA DIR. DIFUSOS - PRINC. - TERMO DE AJUSTAMENTO DE CONDUTA - TAC,2014298.14
2026,7,4441,60,1922011101000,RESTITUICAO CONVENIOS - PRIMARIAS - PRINC.,146112.82
2026,7,4441,60,1922990199000,OUTRAS RESTITUICOES - PRINC. - DEMAIS,408
2026,7,4451,60,1321010101000,REMUNERACAO DEPOSITOS BANCARIOS - PRINC.,211037.64
2026,7,4451,60,1911040102000,MULTAS LEGISL. DEFESA DIR. DIFUSOS - PRINC. - APLICADAS PELO PROCON-MG,44070853.44
2026,7,4491,59,1999992199000,OUTRAS REC. - PRIMARIAS - PRINC. - DEMAIS,2231768.06
2026,7,4541,60,1641010101000,RETORNO OPER. JUROS ENCARG. FINANCEIROS - PRINC. - JUROS DE EMPRESTIMOS,190891.73
2026,7,4541,60,2311060101000,AMORTIZACAO EMPRESTIMOS CONTRATUAIS - PRINC.,2252370.65
2026,7,4551,59,1219991106000,DEMAIS CONTRIB. SOC. - PRINC. - PECULIO,4829310.05
2026,7,4551,59,1219991107000,DEMAIS CONTRIB. SOC. - PRINC. - SEGURO COLETIVO,2308706.12
2026,7,4551,59,1219991108000,DEMAIS CONTRIB. SOC. - PRINC. - SEGURO DO CONJUGE,96196.09
2026,7,4601,45,1741990141999,DIR. HUMANOS CIDADANIA - OUTROS,547908.43
2026,7,4611,60,1311020101000,CONC. PERM. AUTOR. CESSAO DIR. USO BENS IMOV. PUB. - PRINC. - CONCESSAO DE DIREITO REAL DE USO DE AREA PUBLICA,49751.22
2026,7,4611,60,1321010101000,REMUNERACAO DEPOSITOS BANCARIOS - PRINC.,426477.08
2026,7,4611,60,1922990199000,OUTRAS RESTITUICOES - PRINC. - DEMAIS,7865.74
2026,7,4611,60,1999992199000,OUTRAS REC. - PRIMARIAS - PRINC. - DEMAIS,322
2026,7,4611,60,1999992299000,OUTRAS REC. - PRIMARIAS - MJM - DEMAIS,230364.33
2026,7,4621,60,1641010101000,RETORNO OPER. JUROS ENCARG. FINANCEIROS - PRINC. - JUROS DE EMPRESTIMOS,3635.26
2026,7,4631,60,1321010101000,REMUNERACAO DEPOSITOS BANCARIOS - PRINC.,965103.11
2026,7,4631,60,1911090101003,MULTAS JUROS PREVISTOS CONTRATOS - PRINC. - PPP - DIREITOS DA CIDADANIA,242484.02
2026,7,4691,57,1321010101000,REMUNERACAO DEPOSITOS BANCARIOS - PRINC.,1048200.25
2026,7,4701,57,1321010101000,REMUNERACAO DEPOSITOS BANCARIOS - PRINC.,271539.6
2026,7,4711,42,7215021101001,REC. INTRA. - CONTRIB. PATRON. - SERV. CIVIL ATIVO - PRINC. - EXECUTIVO - CONTRIB. ORDINARIA,232046475.87
2026,7,4711,42,7215021101002,REC. INTRA. - CONTRIB. PATRON. - SERV. CIVIL ATIVO - PRINC. - EXECUTIVO - CONTRIB. SUPLEMENTAR,197172226.26
2026,7,4711,42,7215021102001,REC. INTRA. - CONTRIB. PATRON. - SERV. CIVIL ATIVO - PRINC. - ALMG - CONTRIB. ORDINARIA,8885855.97
2026,7,4711,42,7215021103001,REC. INTRA. - CONTRIB. PATRON. - SERV. CIVIL ATIVO - PRINC. - TCEMG - CONTRIB. ORDINARIA,11503367.56
2026,7,4711,42,7215021104001,REC. INTRA. - CONTRIB. PATRON. - SERV. CIVIL ATIVO - PRINC. - TJMG - CONTRIB. ORDINARIA,76971516.56
2026,7,4711,42,7215021105001,REC. INTRA. - CONTRIB. PATRON. - SERV. CIVIL ATIVO - PRINC. - TJMMG - CONTRIB. ORDINARIA,663256.5
2026,7,4711,42,7215021106001,REC. INTRA. - CONTRIB. PATRON. - SERV. CIVIL ATIVO - PRINC. - MPMG - CONTRIB. ORDINARIA,33875515.18
2026,7,4711,42,7215021107001,REC. INTRA. - CONTRIB. PATRON. - SERV. CIVIL ATIVO - PRINC. - DEFPUB - CONTRIB. ORDINARIA,7450090.91
2026,7,4711,43,1215011101000,CONTRIB. SERV. CIVIL ATIVO - PRINC. - PODER EXECUTIVO,116092351.9
2026,7,4711,43,1215011102000,CONTRIB. SERV. CIVIL ATIVO - PRINC. - ASSEMBLEIA LEGISLATIVA DO ESTADO DE MINAS GERAIS - ALMG,4446984.92
2026,7,4711,43,1215011103000,CONTRIB. SERV. CIVIL ATIVO - PRINC. - TRIBUNAL DE CONTAS DO ESTADO DE MINAS GERAIS - TCEMG,3863365
2026,7,4711,43,1215011104000,CONTRIB. SERV. CIVIL ATIVO - PRINC. - TRIBUNAL DE JUSTICA DO ESTADO DE MINAS GERAIS - TJMG,38485758.28
2026,7,4711,43,1215011105000,CONTRIB. SERV. CIVIL ATIVO - PRINC. - TRIBUNAL DE JUSTICA MILITAR DO ESTADO DE MINAS GERAIS - TJMMG,331628.33
2026,7,4711,43,1215011106000,CONTRIB. SERV. CIVIL ATIVO - PRINC. - MINISTERIO PUBLICO DO ESTADO DE MINAS GERAIS - MPMG,16937757.59
2026,7,4711,43,1215011107000,CONTRIB. SERV. CIVIL ATIVO - PRINC. - DEFENSORIA PUBLICA DO ESTADO DE MINAS GERAIS - DEFPUB,3725199.22
2026,7,4711,43,1215011199001,CONTRIB. SERV. CIVIL ATIVO - PRINC. - DEMAIS - PESSOAL LICENCIADO/A DISPOSICAO,1766416.27
2026,7,4711,43,1215012101000,CONTRIB. SERV. CIVIL INATIVO - PRINC. - PODER EXECUTIVO,55516554.35
2026,7,4711,43,1215012102000,CONTRIB. SERV. CIVIL INATIVO - PRINC. - ASSEMBLEIA LEGISLATIVA DO ESTADO DE MINAS GERAIS - ALMG,5028543.91
2026,7,4711,43,1215012103000,CONTRIB. SERV. CIVIL INATIVO - PRINC. - TRIBUNAL DE CONTAS DO ESTADO DE MINAS GERAIS - TCEMG,4668814.83
2026,7,4711,43,1215012104000,CONTRIB. SERV. CIVIL INATIVO - PRINC. - TRIBUNAL DE JUSTICA DO ESTADO DE MINAS GERAIS - TJMG,17667513.78
2026,7,4711,43,1215012105000,CONTRIB. SERV. CIVIL INATIVO - PRINC. - TRIBUNAL DE JUSTICA MILITAR DO ESTADO DE MINAS GERAIS - TJMMG,188958.19
2026,7,4711,43,1215012106000,CONTRIB. SERV. CIVIL INATIVO - PRINC. - MINISTERIO PUBLICO DO ESTADO DE MINAS GERAIS - MPMG,4166319.03
2026,7,4711,43,1215012107000,CONTRIB. SERV. CIVIL INATIVO - PRINC. - DEFENSORIA PUBLICA DO ESTADO DE MINAS GERAIS - DEFPUB,1303994.18
2026,7,4711,43,1215013101000,CONTRIB. SERV. CIVIL - PENSIONISTAS - PRINC. - PODER EXECUTIVO,16782993.65
2026,7,4711,43,1215013102000,CONTRIB. SERV. CIVIL - PENSIONISTAS - PRINC. - ASSEMBLEIA LEGISLATIVA DO ESTADO DE MINAS GERAIS - ALMG,17306.63
2026,7,4711,43,1215013104000,CONTRIB. SERV. CIVIL - PENSIONISTAS - PRINC. - TRIBUNAL DE JUSTICA DO ESTADO DE MINAS GERAIS - TJMG,4137356.52
2026,7,4711,43,1215013105000,CONTRIB. SERV. CIVIL - PENSIONISTAS - PRINC. - TRIBUNAL DE JUSTICA MILITAR DO ESTADO DE MINAS GERAIS - TJMMG,36325.5
2026,7,4711,43,1215013106000,CONTRIB. SERV. CIVIL - PENSIONISTAS - PRINC. - MINISTERIO PUBLICO DO ESTADO DE MINAS GERAIS - MPMG,1009587.54
2026,7,4711,43,1215014101000,CONTRIB. ORIUNDA SENT. JUDIC. - SERV. CIVIL ATIVO - PRINC.,1927455.45
2026,7,4711,43,1215015101000,CONTRIB. ORIUNDA SENT. JUDIC. - SERV. CIVIL INATIVO - PRINC.,1926920.52
2026,7,4711,44,1999030101000,COMPENSACOES FINANCEIRAS REGIMES DE PREVIDENCIA - PRINC.,13836173.51
2026,7,4711,60,1922990199000,OUTRAS RESTITUICOES - PRINC. - DEMAIS,4242.69
2026,7,4711,61,1219991399000,DEMAIS CONTRIB. SOC. - DA - DEMAIS,163219.36
2026,7,4711,61,1219991499000,DEMAIS CONTRIB. SOC. - DA-MJM - DEMAIS,460043.14
2026,7,4711,61,1321040101000,REMUNERACAO RECURSOS RPPS - PRINC. - RENDA FIXA,2509272.39
2026,7,4711,61,1321040102000,REMUNERACAO RECURSOS RPPS - PRINC. - RENDA VARIAVEL,39375
2026,7,4711,61,1922990199000,OUTRAS RESTITUICOES - PRINC. - DEMAIS,129857.11
2026,7,4731,59,1122020104000,EMOLUMENTOS CUSTAS JUDICIAIS - PRINC. - EMOLUMENTOS,9400461.18
2026,7,4731,59,1122020204000,EMOLUMENTOS CUSTAS JUDICIAIS - MJM - EMOLUMENTOS,179739.01
2026,7,4731,59,1321010101000,REMUNERACAO DEPOSITOS BANCARIOS - PRINC.,1454844.43
2026,7,4741,59,1122020104000,EMOLUMENTOS CUSTAS JUDICIAIS - PRINC. - EMOLUMENTOS,9400461.18
2026,7,4741,59,1122020204000,EMOLUMENTOS CUSTAS JUDICIAIS - MJM - EMOLUMENTOS,179739.01
2026,7,4741,59,1321010101000,REMUNERACAO DEPOSITOS BANCARIOS - PRINC.,1030310.12
2026,7,4741,60,1321010101000,REMUNERACAO DEPOSITOS BANCARIOS - PRINC.,298977.39
2026,7,4741,60,1999122101000,ONUS SUCUMBENCIA - PRINC. - HONORARIOS,438415.83
2026,7,4751,59,1122020104000,EMOLUMENTOS CUSTAS JUDICIAIS - PRINC. - EMOLUMENTOS,1200058.91
2026,7,4751,59,1122020204000,EMOLUMENTOS CUSTAS JUDICIAIS - MJM - EMOLUMENTOS,22945.45
2026,7,9999,1,1321010101000,REMUNERACAO DEPOSITOS BANCARIOS - PRINC.,13.11
2026,7,9999,10,1112510101000,IPVA - PRINC. - COTA PARTE DO ESTADO,148763403.71
2026,7,9999,10,1112510201000,IPVA - MJM - COTA PARTE DO ESTADO,33273113.72
2026,7,9999,10,1112510301000,IPVA - DA - COTA PARTE DO ESTADO,10591151.1
2026,7,9999,10,1112520101000,ITCD - PRINC. - COTA PARTE DO ESTADO,128468223.45
2026,7,9999,10,1112520201000,ITCD - MJM - COTA PARTE DO ESTADO,14678239.27
2026,7,9999,10,1112520301000,ITCD - DA - COTA PARTE DO ESTADO,2086134.81
2026,7,9999,10,1113031101000,IR - RETIDO FONTE - TRABALHO - PRINC.,615494061.28
2026,7,9999,10,1113034101000,IR - RETIDO FONTE - OUTROS RENDIMENTOS - PRINC.,43630562.83
2026,7,9999,10,1114501101001,ICMS - PRINC. - COTA PARTE ESTADO,4575322944.87
2026,7,9999,10,1114501201001,ICMS - MJM - COTA PARTE ESTADO,41078855.41
2026,7,9999,10,1114501301001,ICMS - DA - COTA PARTE ESTADO,40710451.18
2026,7,9999,10,1114501301002,ICMS - DA - COTA PARTE ESTADO - CESSAO DE DIREITOS CREDITORIOS - LEI ESTADUAL NO 19.266/10,575533.85
2026,7,9999,10,1321010101000,REMUNERACAO DEPOSITOS BANCARIOS - PRINC.,492997.2
2026,7,9999,10,1711500101000,COTA-PARTE FPE - PRINC. - ESTADO,512822058.92
2026,7,9999,10,1711530101000,COTA-PARTE IPI - ESTADOS EXPORT. PROD. INDUST. - PRINC. - ESTADO,67689747.71
2026,7,9999,10,1911090199000,MULTAS JUROS PREVISTOS CONTRATOS - PRINC. - DEMAIS,138585.08
2026,7,9999,10,1922011101000,RESTITUICAO CONVENIOS - PRIMARIAS - PRINC.,2234317.87
2026,7,9999,10,1922520101000,RESTITUICAO REMUNERACAO FOLHA PAGAMENTO - PESSOAL ATIVO - PRINC.,722422.12
2026,7,9999,10,1922990101000,OUTRAS RESTITUICOES - PRINC. - RECURSOS ORIGINARIOS DO FUNDO ESTADUAL DE SAUDE - FES,504.21
2026,7,9999,10,1922990199000,OUTRAS RESTITUICOES - PRINC. - DEMAIS,17195892.45
2026,7,9999,10,9114501301002,DEDUCAO REC. - ICMS - DA - COTA PARTE DO ESTADO - CESSAO DE DIREITOS CREDITORIOS - LEI ESTADUAL NO 19.266/10,-575533.85
2026,7,9999,11,1114502101000,ADICIONAL ICMS - FEM - PRINC. - COTA PARTE DO ESTADO,22256088.69
2026,7,9999,11,1114502201000,ADICIONAL ICMS - FEM - MJM - COTA PARTE DO ESTADO,102138.08
2026,7,9999,11,1114502301000,ADICIONAL ICMS - FEM - DA - COTA PARTE DO ESTADO,103354.55
2026,7,9999,11,1114502401000,ADICIONAL ICMS - FEM - DA-MJM - COTA PARTE DO ESTADO,77487.43
2026,7,9999,11,1121010101001,TX. INSP. CONTR. FISC. - PRINC. - TX. SEGURANCA PUBLICA - POLICIA CIVIL DO ESTADO DE MINAS GERAIS - PCMG E COORDENADORIA ESTADUAL DE GESTAO DO TRANSITO - CET,30751295.81
2026,7,9999,11,1121010101002,TX. INSP. CONTR. FISC. - PRINC. - TX. SEGURANCA PUBLICA - CORPO DE BOMBEIROS MILITAR DO ESTADO DE MINAS GERAIS - CBMMG,455059.94
2026,7,9999,11,1121010101003,TX. INSP. CONTR. FISC. - PRINC. - TX. SEGURANCA PUBLICA - POLICIA MILITAR DO ESTADO DE MINAS GERAIS - PMMG,4501.02
2026,7,9999,11,1121010101004,TX. INSP. CONTR. FISC. - PRINC. - TX. SEGURANCA PUBLICA - TAXA DE RENOVACAO DE LICENCIAMENTO ANUAL DE VEICULO,3942647.3
2026,7,9999,11,1121010101006,TX. INSP. CONTR. FISC. - PRINC. - TX. SEGURANCA PUBLICA - DEPARTAMENTO DE EDIFICACOES E ESTRADAS DE RODAGEM DO ESTADO DE MINAS GERAIS - DERMG,325650.41
2026,7,9999,11,1121010103000,TX. INSP. CONTR. FISC. - PRINC. - TAXA DE LICENCIAMENTO PARA USO OU OCUPACAO DA FAIXA DE DOMINIO DAS RODOVIAS,24692.52
2026,7,9999,11,1121010104000,TX. INSP. CONTR. FISC. - PRINC. - TAXA DE FISCALIZACAO SOBRE SERVICOS PUBLICOS DE ABASTECIMENTO DE AGUA E SANEAMENTO,1667226.32
2026,7,9999,11,1121010201004,TX. INSP. CONTR. FISC. - MJM - TX. SEGURANCA PUBLICA - TAXA DE RENOVACAO DE LICENCIAMENTO ANUAL DE VEICULO,962625.43
2026,7,9999,11,1121010203000,TX. INSP. CONTR. FISC. - MJM - TAXA DE LICENCIAMENTO PARA USO OU OCUPACAO DA FAIXA DE DOMINIO DAS RODOVIAS,7601.89
2026,7,9999,11,1121040101000,TX. CONTR. FISC. AMBIENT. - PRINC. - TAXA FLORESTAL,4156836.5
2026,7,9999,11,1121040102000,TX. CONTR. FISC. AMBIENT. - PRINC. - TAXA DE FISCALIZACAO DE RECURSOS MINERARIOS,17018450.44
2026,7,9999,11,1121040103000,TX. CONTR. FISC. AMBIENT. - PRINC. - TAXA DE CONTROLE E FISCALIZACAO AMBIENTAL,249849.72
2026,7,9999,11,1121040104000,TX. CONTR. FISC. AMBIENT. - PRINC. - TAXA DE REGULARIZACAO AMBIENTAL,381283.06
2026,7,9999,11,1121040105000,TX. CONTR. FISC. AMBIENT. - PRINC. - TAXA DA LEI DA PESCA,26129.38
2026,7,9999,11,1121040106000,TX. CONTR. FISC. AMBIENT. - PRINC. - TAXA DE LIBERACAO E MANEJO DA FAUNA E FLORA,27437.46
2026,7,9999,11,1121040107000,TX. CONTR. FISC. AMBIENT. - PRINC. - TAXA DA LEI DE POLITICA FLORESTAL,478803.62
2026,7,9999,11,1121040109000,"TX. CONTR. FISC. AMBIENT. - PRINC. - TAXA DE REPROGRAFIA, CERTIDOES E JULGAMENTO DE CONTENCIOSO",61336.01
2026,7,9999,11,1121040202000,TX. CONTR. FISC. AMBIENT. - MJM - TAXA DE FISCALIZACAO DE RECURSOS MINERARIOS,33285.79
2026,7,9999,11,1121040203000,TX. CONTR. FISC. AMBIENT. - MJM - TAXA DE CONTROLE E FISCALIZACAO AMBIENTAL,81495.35
2026,7,9999,11,1121040302000,TX. CONTR. FISC. AMBIENT. - DA - TAXA DE FISCALIZACAO DE RECURSOS MINERARIOS,6268.08
2026,7,9999,11,1121040402000,TX. CONTR. FISC. AMBIENT. - DA-MJM - TAXA DE FISCALIZACAO DE RECURSOS MINERARIOS,11157.25
2026,7,9999,11,1122010101001,TX. PREST. SERV. G. - PRINC. - TX. EXP. - DEPARTAMENTO DE EDIFICACOES E ESTRADAS DE RODAGEM DO ESTADO DE MINAS GERAIS - DERMG,6208.23
2026,7,9999,11,1122010101002,TX. PREST. SERV. G. - PRINC. - TX. EXP. - ATOS DA SECRETARIA DE ESTADO DA FAZENDA - SEF,766127.33
2026,7,9999,11,1122010101003,TX. PREST. SERV. G. - PRINC. - TX. EXP. - INSTITUTO MINEIRO DE AGROPECUARIA - IMA,2708002.91
2026,7,9999,11,1122010101004,TX. PREST. SERV. G. - PRINC. - TX. EXP. - ATOS DA SECRETARIA DE ESTADO DE SAUDE - SES,155.15
2026,7,9999,11,1122010101011,TX. PREST. SERV. G. - PRINC. - TX. EXP. - ATOS DE AUTORIDADE ADMINISTRATIVA DO SISTEMA ESTADUAL DE MEIO AMBIENTE E RECURSOS HIDRICOS - SISEMA,821988.55
2026,7,9999,11,1122010104000,TX. PREST. SERV. G. - PRINC. - TAXA DE GERENCIAMENTO DO SISTEMA TRANSPORTE RODOVIARIO INTERMUNICIPAL - DEPARTAMENTO DE EDIFICACOES E ESTRADAS DE RODAGEM DO ESTADO DE MINAS GERAIS - DERMG,2141.54
2026,7,9999,11,1122010201002,TX. PREST. SERV. G. - MJM - TX. EXP. - ATOS DA SECRETARIA DE ESTADO DA FAZENDA - SEF,2070.9
2026,7,9999,11,1122010201004,TX. PREST. SERV. G. - MJM - TX. EXP. - ATOS DA SECRETARIA DE ESTADO DE SAUDE - SES,331.84
2026,7,9999,11,1349010101000,COMPENSACOES AMBIENTAIS - PRINC. - REPOSICAO FLORESTAL,2148502.81
2026,7,9999,11,1349010102000,COMPENSACOES AMBIENTAIS - PRINC. - REPOSICAO DA PESCA,13.14
2026,7,9999,11,1349010103000,COMPENSACOES AMBIENTAIS - PRINC. - SUPRESSAO DO PEQUI,144375.11
2026,7,9999,11,1349010199000,COMPENSACOES AMBIENTAIS - PRINC. - DEMAIS,716233.89
2026,7,9999,11,1611010118000,SERVICOS ADM. COMERC. GER. - PRINC. - VISITACAO DAS UNIDADES DE CONSERVACAO DA NATUREZA,21301.63
2026,7,9999,11,1712500101000,COTA-PARTE COMPENSACAO FINANCEIRA RECURSOS HIDRICOS - PRINC.,648415.95
2026,7,9999,11,1712510101000,COTA-PARTE CFEM - PRINC.,12793576.01
2026,7,9999,11,1712521101000,COTA-PARTE COMPENSACAO FINANCEIRA PRODUCAO PETROLEO - LEI FEDERAL NO 7.990/89 - PRINC.,2079024.08
2026,7,9999,11,1741990140999,DESPORTO LAZER - OUTROS,85733.75
2026,7,9999,11,1911010103001,MULTAS LEGISL. ESPECIFICA - PRINC. - LEGISL. TRANSITO - COTA PARTE DO ESTADO,6130166.62
2026,7,9999,11,1911010103002,MULTAS LEGISL. ESPECIFICA - PRINC. - LEGISL. TRANSITO - COTA PARTE DO DEPARTAMENTO DE EDIFICACOES E ESTRADAS DE RODAGEM DO ESTADO DE MINAS GERAIS - DERMG,9368051.32
2026,7,9999,11,1921990101000,OUTRAS INDENIZACOES - PRINC. - IMPACTOS E DANOS AMBIENTAIS,25186.06
2026,7,9999,11,1999992199000,OUTRAS REC. - PRIMARIAS - PRINC. - DEMAIS,956723.32
2026,7,9999,13,1922510199000,RESTITUICOES RECURSOS FUNDEB - PRINC. - DEMAIS,0
2026,7,9999,15,1122010101999,TX. PREST. SERV. G. - PRINC. - TX. EXP. - OUTROS,4232.49
2026,7,9999,15,1311011101000,ALUGUEIS ARRENDAMENTOS - PRINC. - ALUGUEIS,12550
2026,7,9999,15,1311020199000,CONC. PERM. AUTOR. CESSAO DIR. USO BENS IMOV. PUB. - PRINC. - DEMAIS,136923.36
2026,7,9999,15,1321010101000,REMUNERACAO DEPOSITOS BANCARIOS - PRINC.,178160050.47
2026,7,9999,15,1321020101000,REMUNERACAO DEPOSITOS ESPECIAIS - PRINC.,2585806.07
2026,7,9999,15,1321060101000,JUROS CAPITAL PROPRIO - PRINC. - EMPRESAS ESTATAIS,4750018.01
2026,7,9999,15,1322010101000,DIVIDENDOS - PRINC. - EMPRESAS ESTATAIS,224620037.59
2026,7,9999,15,1361011101000,CESSAO DIR. OPERAC. PAG. - PODERES EXECUTIVO LEGISLATIVO - PRINC. - FOLHA DE PESSOAL,1991979290.81
2026,7,9999,15,1511010102001,REC. INDUSTRIAL - PRINC. - INDUSTRIA EDITORIAL GRAFICA - RECEITA DE PUBLICACOES,2111731.98
2026,7,9999,15,1611010106000,SERVICOS ADM. COMERC. GER. - PRINC. - RESERVA DE PLACA ESPECIAL,1014330.5
2026,7,9999,15,1611010119000,SERVICOS ADM. COMERC. GER. - PRINC. - REGULARIZACAO FUNDIARIA,27793.58
2026,7,9999,15,1611020101000,INSCRICAO CONCURSOS PROCESSOS SELETIVOS - PRINC.,-293.4
2026,7,9999,15,1611040103000,SERVICOS INFORMACAO TECNOLOGIA - PRINC. - FORNECIMENTO DE DADOS FISCAIS,34306.91
2026,7,9999,15,1611040105000,SERVICOS INFORMACAO TECNOLOGIA - PRINC. - PROCESSAMENTO DAS CONSIGNACOES DA FOLHA DE PESSOAL,918910.21
2026,7,9999,15,1699990301000,OUTROS SERVICOS - DA,9769085.4
2026,7,9999,15,1719580101000,TRANSF. OBRIGATORIA DECORRENTE LC FEDERAL NO 176/20 - PRINC.,37724064.65
2026,7,9999,15,1911010101000,MULTAS LEGISL. ESPECIFICA - PRINC. - LEGISLACAO SANITARIA,19162.9
2026,7,9999,15,1911010104999,MULTAS LEGISL. ESPECIFICA - PRINC. - MULTA ISOLADA OBRIG. ACESSORIA - OUTROS,1825737.17
2026,7,9999,15,1911010204999,MULTAS LEGISL. ESPECIFICA - MJM - MULTA ISOLADA OBRIG. ACESSORIA - OUTROS,61.31
2026,7,9999,15,1911010304999,MULTAS LEGISL. ESPECIFICA - DA - MULTA ISOLADA OBRIG. ACESSORIA - OUTROS,2388467
2026,7,9999,15,1911010404999,MULTAS LEGISL. ESPECIFICA - DA-MJM - MULTA ISOLADA OBRIG. ACESSORIA - OUTROS,68.51
2026,7,9999,15,1911040104000,MULTAS LEGISL. DEFESA DIR. DIFUSOS - PRINC. - USO DE PIPAS COM LINHA CORTANTE,1
2026,7,9999,15,1911061101000,MULTAS ADM. DANOS AMBIENTAIS - PRINC.,8118780.69
2026,7,9999,15,1911090199000,MULTAS JUROS PREVISTOS CONTRATOS - PRINC. - DEMAIS,12801.26
2026,7,9999,15,1911132101000,MULTAS LEGISLACAO ANTICORRUPCAO ACORDOS LENIENCIA - PRINC.,0
2026,7,9999,15,1921990199000,OUTRAS INDENIZACOES - PRINC. - DEMAIS,671544.25
2026,7,9999,15,1922990199000,OUTRAS RESTITUICOES - PRINC. - DEMAIS,186605.5
2026,7,9999,15,1931060101000,BENS DIREITOS VALORES RENUNCIA VOLUNTARIA ACORDO NAO PERSECUCAO PENAL - PRINC.,64412.29
2026,7,9999,15,1999992115000,OUTRAS REC. - PRIMARIAS - PRINC. - GESTAO DE VEICULOS APREENDIDOS E REMOVIDOS,8941003.64
2026,7,9999,15,1999992117000,"OUTRAS REC. - PRIMARIAS - PRINC. - BENS, DIREITOS E VALORES OBJETO DE RENUNCIA VOLUNTARIA EM ACORDO DE NAO PERSECUCAO CIVEL",16953.1
2026,7,9999,15,1999992199000,OUTRAS REC. - PRIMARIAS - PRINC. - DEMAIS,3067099.65
2026,7,9999,15,1999992299000,OUTRAS REC. - PRIMARIAS - MJM - DEMAIS,60405.19
2026,7,9999,15,1999992399000,OUTRAS REC. - PRIMARIAS - DA - DEMAIS,220.37
2026,7,9999,15,1999992499000,OUTRAS REC. - PRIMARIAS - DA-MJM - DEMAIS,694.36
2026,7,9999,15,2311060101000,AMORTIZACAO EMPRESTIMOS CONTRATUAIS - PRINC.,290574.33
2026,7,9999,15,7922990199000,REC. INTRA. - OUTRAS RESTITUICOES - PRINC. - DEMAIS,34921.56
2026,7,9999,20,1112510102000,IPVA - PRINC. - COTA PARTE DOS MUNICIPIOS,185955683.8
2026,7,9999,20,1112510202000,IPVA - MJM - COTA PARTE DOS MUNICIPIOS,41591626.8
2026,7,9999,20,1112510302000,IPVA - DA - COTA PARTE DOS MUNICIPIOS,13238939.47
2026,7,9999,20,1114501102000,ICMS - PRINC. - COTA PARTE DOS MUNICIPIOS,1906385804.45
2026,7,9999,20,1114501202000,ICMS - MJM - COTA PARTE DOS MUNICIPIOS,17116190.56
2026,7,9999,20,1114501302000,ICMS - DA - COTA PARTE DOS MUNICIPIOS,17202494.61
2026,7,9999,20,1711530102000,COTA-PARTE IPI - ESTADOS EXPORT. PROD. INDUST. - PRINC. - MUNICIPIOS,28204061.48
2026,7,9999,20,9112510102000,DEDUCAO REC. - IPVA - PRINC. - COTA PARTE DOS MUNICIPIOS,-185955683.8
2026,7,9999,20,9112510202000,DEDUCAO REC. - IPVA - MJM - COTA PARTE DOS MUNICIPIOS,-41591626.8
2026,7,9999,20,9112510302000,DEDUCAO REC. - IPVA - DA - COTA PARTE DOS MUNICIPIOS,-13238939.47
2026,7,9999,20,9114501102000,DEDUCAO REC. - ICMS - PRINC. - COTA PARTE DOS MUNICIPIOS,-1906385804.45
2026,7,9999,20,9114501202000,DEDUCAO REC. - ICMS - MJM - COTA PARTE DOS MUNICIPIOS,-17116190.56
2026,7,9999,20,9114501302000,DEDUCAO REC. - ICMS - DA - COTA PARTE DOS MUNICIPIOS,-17202494.61
2026,7,9999,20,9711530102000,DEDUCAO REC. - COTA-PARTE IPI - ESTADOS EXPORT. PROD. INDUST. - PRINC. - MUNICIPIOS,-28204061.48
2026,7,9999,23,1112510103000,IPVA - PRINC. - COTA PARTE DO ESTADO PARA O FUNDEB,37189422.1
2026,7,9999,23,1112510203000,IPVA - MJM - COTA PARTE DO ESTADO PARA O FUNDEB,8318210.36
2026,7,9999,23,1112510303000,IPVA - DA - COTA PARTE DO ESTADO PARA O FUNDEB,2647787.94
2026,7,9999,23,1112520102000,ITCD - PRINC. - COTA PARTE DO FUNDEB,32116151.02
2026,7,9999,23,1112520202000,ITCD - MJM - COTA PARTE DO FUNDEB,3670464.69
2026,7,9999,23,1112520302000,ITCD - DA - COTA PARTE DO FUNDEB,521533.7
2026,7,9999,23,1114501103000,ICMS - PRINC. - COTA PARTE DO ESTADO PARA O FUNDEB,1143830737.39
2026,7,9999,23,1114501203000,ICMS - MJM - COTA PARTE DO ESTADO PARA O FUNDEB,10269714.11
2026,7,9999,23,1114501303000,ICMS - DA - COTA PARTE DO ESTADO PARA O FUNDEB,10321496.64
2026,7,9999,23,1114502102000,ADICIONAL ICMS - FEM - PRINC. - COTA PARTE DO FUNDEB,18546740.56
2026,7,9999,23,1114502202000,ADICIONAL ICMS - FEM - MJM - COTA PARTE DO FUNDEB,85114.91
2026,7,9999,23,1114502302000,ADICIONAL ICMS - FEM - DA - COTA PARTE DO FUNDEB,86128.77
2026,7,9999,23,1114502402000,ADICIONAL ICMS - FEM - DA-MJM - COTA PARTE DO FUNDEB,64572.79
2026,7,9999,23,1711500102000,COTA-PARTE FPE - PRINC. - FUNDEB,128205514.7
2026,7,9999,23,1711530103000,COTA-PARTE IPI - ESTADOS EXPORT. PROD. INDUST. - PRINC. - FUNDEB,16922436.91
2026,7,9999,23,1922510102000,RESTITUICOES RECURSOS FUNDEB - PRINC. - REMUNERACAO FOLHA PAGAMENTO - PESSOAL ATIVO,0
2026,7,9999,23,9112510103000,DEDUCAO REC. - IPVA - PRINC. - COTA PARTE DO ESTADO PARA O FUNDEB,-37189422.1
2026,7,9999,23,9112510203000,DEDUCAO REC. - IPVA - MJM - COTA PARTE DO ESTADO PARA O FUNDEB,-8318210.36
2026,7,9999,23,9112510303000,DEDUCAO REC. - IPVA - DA - COTA PARTE DO ESTADO PARA O FUNDEB,-2647787.94
2026,7,9999,23,9112520102000,DEDUCAO REC. - ITCD - PRINC. - COTA PARTE DO ESTADO PARA O FUNDEB,-32116151.02
2026,7,9999,23,9112520202000,DEDUCAO REC. - ITCD - MJM - COTA PARTE DO ESTADO PARA O FUNDEB,-3670464.69
2026,7,9999,23,9112520302000,DEDUCAO REC. - ITCD - DA - COTA PARTE DO ESTADO PARA O FUNDEB,-521533.7
2026,7,9999,23,9114501103000,DEDUCAO REC. - ICMS - PRINC. - COTA PARTE DO ESTADO PARA O FUNDEB,-1143830737.39
2026,7,9999,23,9114501203000,DEDUCAO REC. - ICMS - MJM - COTA PARTE DO ESTADO PARA O FUNDEB,-10269714.11
2026,7,9999,23,9114501303000,DEDUCAO REC. - ICMS - DA - COTA PARTE DO ESTADO PARA O FUNDEB,-10321496.64
2026,7,9999,23,9114502102000,DEDUCAO REC. - ADICIONAL ICMS - FEM - PRINC. - COTA PARTE DO FUNDEB,-18546740.56
2026,7,9999,23,9114502202000,DEDUCAO REC. - ADICIONAL ICMS - FEM - MJM - COTA PARTE DO FUNDEB,-85114.91
2026,7,9999,23,9114502302000,DEDUCAO REC. - ADICIONAL ICMS - FEM - DA - COTA PARTE DO FUNDEB,-86128.77
2026,7,9999,23,9114502402000,DEDUCAO REC. - ADICIONAL ICMS - FEM - DA-MJM - COTA PARTE DO FUNDEB,-64572.79
2026,7,9999,23,9711500102000,DEDUCAO REC. - COTA-PARTE FPE - PRINC. - FUNDEB,-128205514.7
2026,7,9999,23,9711530103000,DEDUCAO REC. - COTA-PARTE IPI - ESTADOS EXPORT. PROD. INDUST. - PRINC. - FUNDEB,-16922436.91
2026,7,9999,24,1717990120005,SEGURANCA PUBLICA - MINISTERIO DA JUSTICA E SEGURANCA PUBLICA,0
2026,7,9999,24,1922990199000,OUTRAS RESTITUICOES - PRINC. - DEMAIS,0
2026,7,9999,25,1321010101000,REMUNERACAO DEPOSITOS BANCARIOS - PRINC.,1668205.6
2026,7,9999,27,1121010101001,TX. INSP. CONTR. FISC. - PRINC. - TX. SEGURANCA PUBLICA - POLICIA CIVIL DO ESTADO DE MINAS GERAIS - PCMG E COORDENADORIA ESTADUAL DE GESTAO DO TRANSITO - CET,71559311.75
2026,7,9999,27,1121010101002,TX. INSP. CONTR. FISC. - PRINC. - TX. SEGURANCA PUBLICA - CORPO DE BOMBEIROS MILITAR DO ESTADO DE MINAS GERAIS - CBMMG,1054106.73
2026,7,9999,27,1121010101003,TX. INSP. CONTR. FISC. - PRINC. - TX. SEGURANCA PUBLICA - POLICIA MILITAR DO ESTADO DE MINAS GERAIS - PMMG,10502.43
2026,7,9999,27,1121010101004,TX. INSP. CONTR. FISC. - PRINC. - TX. SEGURANCA PUBLICA - TAXA DE RENOVACAO DE LICENCIAMENTO ANUAL DE VEICULO,9195149.68
2026,7,9999,27,1121010101006,TX. INSP. CONTR. FISC. - PRINC. - TX. SEGURANCA PUBLICA - DEPARTAMENTO DE EDIFICACOES E ESTRADAS DE RODAGEM DO ESTADO DE MINAS GERAIS - DERMG,759850.99
2026,7,9999,27,1121010201004,TX. INSP. CONTR. FISC. - MJM - TX. SEGURANCA PUBLICA - TAXA DE RENOVACAO DE LICENCIAMENTO ANUAL DE VEICULO,2245785.03
2026,7,9999,27,1922990199000,OUTRAS RESTITUICOES - PRINC. - DEMAIS,380
2026,7,9999,29,1122010101002,TX. PREST. SERV. G. - PRINC. - TX. EXP. - ATOS DA SECRETARIA DE ESTADO DA FAZENDA - SEF,1771930.21
2026,7,9999,29,1122010101004,TX. PREST. SERV. G. - PRINC. - TX. EXP. - ATOS DA SECRETARIA DE ESTADO DE SAUDE - SES,-262.98
2026,7,9999,29,1122010101011,TX. PREST. SERV. G. - PRINC. - TX. EXP. - ATOS DE AUTORIDADE ADMINISTRATIVA DO SISTEMA ESTADUAL DE MEIO AMBIENTE E RECURSOS HIDRICOS - SISEMA,159533.19
2026,7,9999,29,1122010201002,TX. PREST. SERV. G. - MJM - TX. EXP. - ATOS DA SECRETARIA DE ESTADO DA FAZENDA - SEF,4832.15
2026,7,9999,29,1122010201004,TX. PREST. SERV. G. - MJM - TX. EXP. - ATOS DA SECRETARIA DE ESTADO DE SAUDE - SES,774.29
2026,7,9999,30,1219991110001,DEMAIS CONTRIB. SOC. - PRINC. - CONTRIB. MILITAR APOSENTADORIA - ATIVO,14891323.92
2026,7,9999,31,1321010101000,REMUNERACAO DEPOSITOS BANCARIOS - PRINC.,4734.83
2026,7,9999,31,1712500101000,COTA-PARTE COMPENSACAO FINANCEIRA RECURSOS HIDRICOS - PRINC.,1512970.58
2026,7,9999,31,1922011101000,RESTITUICAO CONVENIOS - PRIMARIAS - PRINC.,2420.53
2026,7,9999,31,1922990199000,OUTRAS RESTITUICOES - PRINC. - DEMAIS,2366.77
2026,7,9999,32,1321010101000,REMUNERACAO DEPOSITOS BANCARIOS - PRINC.,-9553.2
2026,7,9999,32,1712510101000,COTA-PARTE CFEM - PRINC.,29851677.38
2026,7,9999,33,1712521101000,COTA-PARTE COMPENSACAO FINANCEIRA PRODUCAO PETROLEO - LEI FEDERAL NO 7.990/89 - PRINC.,4851056.2
2026,7,9999,33,1922990199000,OUTRAS RESTITUICOES - PRINC. - DEMAIS,7652.05
2026,7,9999,36,1922990103000,OUTRAS RESTITUICOES - PRINC. - PNATE/FNDE - TRANSPORTE ESCOLAR,0
2026,7,9999,36,1922990105000,OUTRAS RESTITUICOES - PRINC. - PAR/FNDE - COBERTURA DE QUADRAS,0
2026,7,9999,36,1922990107000,OUTRAS RESTITUICOES - PRINC. - PRONATEC/FNDE - ACESSO AO ENSINO TECNICO E EMPREGO,0
2026,7,9999,46,1321010101000,REMUNERACAO DEPOSITOS BANCARIOS - PRINC.,163.31
2026,7,9999,48,2211020106000,ALIEN. TITULOS VALORES MOBIL. APLIC. CONGEN. PERMANENTES - PRINC. - COMPANHIA DE SANEAMENTO DE MINAS GERAIS - COPASA MG,0
2026,7,9999,48,2213010101000,ALIENACAO BENS MOVEIS E SEMOVENTES - PRINC.,1799055.31
2026,7,9999,48,2221010101000,ALIENACAO BENS IMOVEIS - PRINC.,344000
2026,7,9999,51,1711540101000,COTA-PARTE CIDE - PRINC. - ESTADO,19077604.24
2026,7,9999,51,1711540102000,COTA-PARTE CIDE - PRINC. - MUNICIPIOS,6359201.42
2026,7,9999,51,9711540102000,DEDUCAO REC. - COTA-PARTE CIDE - PRINC. - MUNICIPIOS,-6359201.42
2026,7,9999,59,7349010103000,REC. INTRA. - COMPENSACOES AMBIENTAIS - PRINC. - SUPRESSAO DO PEQUI,0
2026,7,9999,60,1922990199000,OUTRAS RESTITUICOES - PRINC. - DEMAIS,33.18
2026,7,9999,71,1114502101000,ADICIONAL ICMS - FEM - PRINC. - COTA PARTE DO ESTADO,51930873.61
2026,7,9999,71,1114502201000,ADICIONAL ICMS - FEM - MJM - COTA PARTE DO ESTADO,238322.13
2026,7,9999,71,1114502301000,ADICIONAL ICMS - FEM - DA - COTA PARTE DO ESTADO,241160.59
2026,7,9999,71,1114502401000,ADICIONAL ICMS - FEM - DA-MJM - COTA PARTE DO ESTADO,180803.92
2026,7,9999,71,1321010101000,REMUNERACAO DEPOSITOS BANCARIOS - PRINC.,19155.12
2026,7,9999,72,1121040102000,TX. CONTR. FISC. AMBIENT. - PRINC. - TAXA DE FISCALIZACAO DE RECURSOS MINERARIOS,39709717.73
2026,7,9999,72,1121040202000,TX. CONTR. FISC. AMBIENT. - MJM - TAXA DE FISCALIZACAO DE RECURSOS MINERARIOS,77666.88
2026,7,9999,72,1121040302000,TX. CONTR. FISC. AMBIENT. - DA - TAXA DE FISCALIZACAO DE RECURSOS MINERARIOS,14625.52
2026,7,9999,72,1121040402000,TX. CONTR. FISC. AMBIENT. - DA-MJM - TAXA DE FISCALIZACAO DE RECURSOS MINERARIOS,26033.57
2026,7,9999,72,1321010101000,REMUNERACAO DEPOSITOS BANCARIOS - PRINC.,0
2026,7,9999,72,1922011101000,RESTITUICAO CONVENIOS - PRIMARIAS - PRINC.,1093524.28
2026,7,9999,72,1922990199000,OUTRAS RESTITUICOES - PRINC. - DEMAIS,27374.11
2026,7,9999,75,7219991110051,REC. INTRA. - DEMAIS CONTRIB. SOC. - PRINC. - CONTRIB. PATRONAL MILITAR APOSENTADORIA - ATIVO,19930912.74
2026,7,9999,75,7219991110052,REC. INTRA. - DEMAIS CONTRIB. SOC. - PRINC. - CONTRIB. PATRONAL MILITAR APOSENTADORIA - INATIVO,27899763.66
2026,7,9999,80,1321010101000,REMUNERACAO DEPOSITOS BANCARIOS - PRINC.,35719201.24
2026,7,9999,82,1911010103001,MULTAS LEGISL. ESPECIFICA - PRINC. - LEGISL. TRANSITO - COTA PARTE DO ESTADO,14276742.5
2026,7,9999,82,1911010103004,MULTAS LEGISL. ESPECIFICA - PRINC. - LEGISL. TRANSITO - COTA PARTE DO FUNDO NACIONAL DE SEGURANCA E EDUCACAO NO TRANSITO - FUNSET - ESTADO,1080799.98
2026,7,9999,82,9911010103004,DEDUCAO REC. - MULTAS LEGISL. ESPECIFICA - PRINC. - LEGISL. TRANSITO - COTA PARTE DO FUNDO NACIONAL DE SEGURANCA E EDUCACAO NO TRANSITO - FUNSET - ESTADO,-1080799.98
2026,7,9999,89,1321010101000,REMUNERACAO DEPOSITOS BANCARIOS - PRINC.,676641.77
2026,7,9999,94,1121040101000,TX. CONTR. FISC. AMBIENT. - PRINC. - TAXA FLORESTAL,450209.65
2026,7,9999,95,1321010101000,REMUNERACAO DEPOSITOS BANCARIOS - PRINC.,131242245.57
2026,7,9999,95,1922990199000,OUTRAS RESTITUICOES - PRINC. - DEMAIS,47285.17
2026,7,9999,95,2999990102000,DEMAIS REC. CAPITAL - PRINC. - ROMPIMENTO DA BARRAGEM DA MINA DO CORREGO DO FEIJAO EM BRUMADINHO,567843130.21
2026,7,9999,97,1321010101000,REMUNERACAO DEPOSITOS BANCARIOS - PRINC.,393889.6
2026,8,1011,60,1321010101000,REMUNERACAO DEPOSITOS BANCARIOS - PRINC.,8341197.94
2026,8,1011,60,1361011101000,CESSAO DIR. OPERAC. PAG. - PODERES EXECUTIVO LEGISLATIVO - PRINC. - FOLHA DE PESSOAL,114396.56
2026,8,1011,60,1922990199000,OUTRAS RESTITUICOES - PRINC. - DEMAIS,112348.23
2026,8,1011,60,1999992199000,OUTRAS REC. - PRIMARIAS - PRINC. - DEMAIS,52108.32
2026,8,1021,60,1321010101000,REMUNERACAO DEPOSITOS BANCARIOS - PRINC.,3704129.79
2026,8,1021,60,1922990199000,OUTRAS RESTITUICOES - PRINC. - DEMAIS,14972511.92
2026,8,1031,60,1321010101000,REMUNERACAO DEPOSITOS BANCARIOS - PRINC.,26151288.56
2026,8,1031,60,1922990199000,OUTRAS RESTITUICOES - PRINC. - DEMAIS,193683.09
2026,8,1031,60,1999992199000,OUTRAS REC. - PRIMARIAS - PRINC. - DEMAIS,1327.3
2026,8,1051,60,1321010101000,REMUNERACAO DEPOSITOS BANCARIOS - PRINC.,386670.66
2026,8,1051,60,1611010199001,SERVICOS ADM. COMERC. GER. - PRINC. - DEMAIS - SERVICOS ADMINISTRATIVOS,23.16
2026,8,1071,45,1321010101000,REMUNERACAO DEPOSITOS BANCARIOS - PRINC.,13219.61
2026,8,1071,98,1321010101000,REMUNERACAO DEPOSITOS BANCARIOS - PRINC.,13979.6
2026,8,1081,9,1741990133999,ACOES ESSENCIAIS JUSTICA - OUTROS,3282735.34
2026,8,1081,9,2441990133999,ACOES ESSENCIAIS JUSTICA - OUTROS,112719.04
2026,8,1091,47,1321010101000,REMUNERACAO DEPOSITOS BANCARIOS - PRINC.,55116.95
2026,8,1091,60,1311011101000,ALUGUEIS ARRENDAMENTOS - PRINC. - ALUGUEIS,2361.71
2026,8,1091,60,1321010101000,REMUNERACAO DEPOSITOS BANCARIOS - PRINC.,4590010.77
2026,8,1091,60,1361011101000,CESSAO DIR. OPERAC. PAG. - PODERES EXECUTIVO LEGISLATIVO - PRINC. - FOLHA DE PESSOAL,0
2026,8,1091,60,1922011101000,RESTITUICAO CONVENIOS - PRIMARIAS - PRINC.,439709.78
2026,8,1091,60,1922990199000,OUTRAS RESTITUICOES - PRINC. - DEMAIS,13473.01
2026,8,1191,9,1321010101000,REMUNERACAO DEPOSITOS BANCARIOS - PRINC.,312466.62
2026,8,1191,9,2441990134999,ADM. ATIV. FISCAL - OUTROS,-500000
2026,8,1191,74,1321010101000,REMUNERACAO DEPOSITOS BANCARIOS - PRINC.,409893.03
2026,8,1221,24,1321010101000,REMUNERACAO DEPOSITOS BANCARIOS - PRINC.,0
2026,8,1221,98,1321010101000,REMUNERACAO DEPOSITOS BANCARIOS - PRINC.,0
2026,8,1231,1,1321010101000,REMUNERACAO DEPOSITOS BANCARIOS - PRINC.,3200.04
2026,8,1231,59,1349010103000,COMPENSACOES AMBIENTAIS - PRINC. - SUPRESSAO DO PEQUI,140754.3
2026,8,1231,69,1321010101000,REMUNERACAO DEPOSITOS BANCARIOS - PRINC.,6969.11
2026,8,1231,98,1321010101000,REMUNERACAO DEPOSITOS BANCARIOS - PRINC.,37056.85
2026,8,1231,98,1719570101000,TRANSF. ESPECIAL UNIAO - PRINC. - EMENDAS PARLAMENTARES INDIVIDUAIS,199000
2026,8,1251,1,1321010101000,REMUNERACAO DEPOSITOS BANCARIOS - PRINC.,38457.48
2026,8,1251,1,2414990120004,SEGURANCA PUBLICA - MINISTERIO DA JUSTICA E SEGURANCA PUBLICA,0
2026,8,1251,2,1321010101000,REMUNERACAO DEPOSITOS BANCARIOS - PRINC.,14667.75
2026,8,1251,9,1321010101000,REMUNERACAO DEPOSITOS BANCARIOS - PRINC.,9253.56
2026,8,1251,24,1321010101000,REMUNERACAO DEPOSITOS BANCARIOS - PRINC.,72002.88
2026,8,1251,24,1717990120002,SEGURANCA PUBLICA - CENTRAIS DE ABASTECIMENTO DE MINAS GERAIS - CEASAMINAS,114933.66
2026,8,1251,24,2414990120001,SEGURANCA PUBLICA - CENTRAIS DE ABASTECIMENTO DE MINAS GERAIS - CEASAMINAS,-6708.27
2026,8,1251,24,2414990120005,SEGURANCA PUBLICA - BANCO CENTRAL DO BRASIL - BCB,668492.08
2026,8,1251,45,1321010101000,REMUNERACAO DEPOSITOS BANCARIOS - PRINC.,1214.75
2026,8,1251,45,2441990150999,SEGURANCA PUBLICA - OUTROS,11736
2026,8,1251,60,1311012101000,FOROS LAUDEMIOS TARIFAS OCUPACAO - PRINC. - TARIFA DE OCUPACAO DE IMOVEIS,26211.61
2026,8,1251,60,1311020101000,CONC. PERM. AUTOR. CESSAO DIR. USO BENS IMOV. PUB. - PRINC. - CONCESSAO DE DIREITO REAL DE USO DE AREA PUBLICA,318067.67
2026,8,1251,60,1611010199001,SERVICOS ADM. COMERC. GER. - PRINC. - DEMAIS - SERVICOS ADMINISTRATIVOS,3617.1
2026,8,1251,60,1922990199000,OUTRAS RESTITUICOES - PRINC. - DEMAIS,1403.8
2026,8,1251,60,1999992199000,OUTRAS REC. - PRIMARIAS - PRINC. - DEMAIS,29606.07
2026,8,1251,68,1321010101000,REMUNERACAO DEPOSITOS BANCARIOS - PRINC.,767.76
2026,8,1251,68,2441990123999,SEGURANCA PUBLICA - OUTROS,78000
2026,8,1251,69,1321010101000,REMUNERACAO DEPOSITOS BANCARIOS - PRINC.,50613.83
2026,8,1251,69,1724990123001,SEGURANCA PUBLICA - COMPANHIA DE SANEAMENTO DE MINAS GERAIS - COPASA,478184.17
2026,8,1251,69,1724990123006,SEGURANCA PUBLICA - COMPANHIA ENERGETICA DE MINAS GERAIS - CEMIG,36447.8
2026,8,1251,69,2422990120002,SEGURANCA PUBLICA - COMPANHIA DE SANEAMENTO DE MINAS GERAIS - COPASA,413888.56
2026,8,1251,70,1321010101000,REMUNERACAO DEPOSITOS BANCARIOS - PRINC.,207776.21
2026,8,1251,70,1732990123001,SEGURANCA PUBLICA - DIVERSOS MUNICIPIOS,1174249.26
2026,8,1251,70,2432990122001,SEGURANCA PUBLICA - DIVERSOS MUNICIPIOS,987847.57
2026,8,1251,73,1321010101000,REMUNERACAO DEPOSITOS BANCARIOS - PRINC.,258654.46
2026,8,1251,73,1717990120003,SEGURANCA PUBLICA - DEPARTAMENTO DE POLICIA RODOVIARIA FEDERAL - PRF,-1490692.23
2026,8,1251,73,2414990120002,SEGURANCA PUBLICA - DEPARTAMENTO DE POLICIA RODOVIARIA FEDERAL - PRF,7433844.78
2026,8,1251,98,1321010101000,REMUNERACAO DEPOSITOS BANCARIOS - PRINC.,216796.12
2026,8,1251,98,1922990199000,OUTRAS RESTITUICOES - PRINC. - DEMAIS,1494.6
2026,8,1251,98,2419510101000,TRANSF. ESPECIAL UNIAO - PRINC. - EMENDAS PARLAMENTARES INDIVIDUAIS,497500
2026,8,1261,3,1321010101000,REMUNERACAO DEPOSITOS BANCARIOS - PRINC.,56.48
2026,8,1261,13,1922510199000,RESTITUICOES RECURSOS FUNDEB - PRINC. - DEMAIS,2553572.87
2026,8,1261,21,1321010101000,REMUNERACAO DEPOSITOS BANCARIOS - PRINC.,4622214.34
2026,8,1261,21,1714500101000,TRANSFERENCIAS DO SALARIO-EDUCACAO - PRINC.,81321354.39
2026,8,1261,21,1922990104000,OUTRAS RESTITUICOES - PRINC. - CONTRIB. DO SALARIO-EDUCACAO,2827267.42
2026,8,1261,23,1321010101000,REMUNERACAO DEPOSITOS BANCARIOS - PRINC.,6356961.15
2026,8,1261,23,1751500101000,TRANSF. RECURSOS FUNDEB - PRINC. - PARCELA FPM,220870393.34
2026,8,1261,23,1751500103001,TRANSF. RECURSOS FUNDEB - PRINC. - PARCELA ICMS - PRINC.,609285730.87
2026,8,1261,23,1751500104001,TRANSF. RECURSOS FUNDEB - PRINC. - PARCELA IPI - PRINC.,10569911.64
2026,8,1261,23,1751500105001,TRANSF. RECURSOS FUNDEB - PRINC. - PARCELA FPE - PRINC.,75588435.71
2026,8,1261,23,1751500106001,TRANSF. RECURSOS FUNDEB - PRINC. - PARCELA ITR - PRINC.,424218.51
2026,8,1261,23,1751500107001,TRANSF. RECURSOS FUNDEB - PRINC. - PARCELA IPVA - PRINC.,34257058.4
2026,8,1261,23,1751500108001,TRANSF. RECURSOS FUNDEB - PRINC. - PARCELA ITCD - PRINC.,13693389.26
2026,8,1261,23,1751500109001,TRANSF. RECURSOS FUNDEB - PRINC. - PARCELA ADICIONAL ICMS - FEM - PRINC.,7984247.2
2026,8,1261,23,1922510102000,RESTITUICOES RECURSOS FUNDEB - PRINC. - REMUNERACAO FOLHA PAGAMENTO - PESSOAL ATIVO,62845.55
2026,8,1261,23,1922510199000,RESTITUICOES RECURSOS FUNDEB - PRINC. - DEMAIS,7129.65
2026,8,1261,23,1922990199000,OUTRAS RESTITUICOES - PRINC. - DEMAIS,17721657.37
2026,8,1261,24,1321010101000,REMUNERACAO DEPOSITOS BANCARIOS - PRINC.,536.13
2026,8,1261,24,1922990199000,OUTRAS RESTITUICOES - PRINC. - DEMAIS,12105
2026,8,1261,36,1321010101000,REMUNERACAO DEPOSITOS BANCARIOS - PRINC.,4335585.76
2026,8,1261,36,1922990102000,OUTRAS RESTITUICOES - PRINC. - PNAE/FNDE - ALIMENTACAO ESCOLAR,6285.62
2026,8,1261,36,1922990107000,OUTRAS RESTITUICOES - PRINC. - PRONATEC/FNDE - ACESSO AO ENSINO TECNICO E EMPREGO,1346.5
2026,8,1261,36,1922990199000,OUTRAS RESTITUICOES - PRINC. - DEMAIS,2
2026,8,1261,36,2412509102000,EDUCACAO - FNDE - CONSTRUCAO DE QUADRAS POLIESPORTIVAS,110815.86
2026,8,1261,70,1321010101000,REMUNERACAO DEPOSITOS BANCARIOS - PRINC.,1187.7
2026,8,1261,98,1321010101000,REMUNERACAO DEPOSITOS BANCARIOS - PRINC.,6288.66
2026,8,1261,98,2419510101000,TRANSF. ESPECIAL UNIAO - PRINC. - EMENDAS PARLAMENTARES INDIVIDUAIS,164778.39
2026,8,1271,16,1321010101000,REMUNERACAO DEPOSITOS BANCARIOS - PRINC.,18165708.58
2026,8,1271,69,1321010101000,REMUNERACAO DEPOSITOS BANCARIOS - PRINC.,46409.91
2026,8,1271,69,2422990111002,CULTURA - COMPANHIA DE DESENVOLVIMENTO DE MINAS GERAIS - CODEMGE,743036.3
2026,8,1301,24,1321010101000,REMUNERACAO DEPOSITOS BANCARIOS - PRINC.,454855.84
2026,8,1301,24,2414540103000,TRANSPORTE - MINISTERIO DO DESENVOLVIMENTO REGIONAL,-1308095.94
2026,8,1301,59,1321010101000,REMUNERACAO DEPOSITOS BANCARIOS - PRINC.,358234.6
2026,8,1301,70,1321010101000,REMUNERACAO DEPOSITOS BANCARIOS - PRINC.,177094.96
2026,8,1301,73,1321010101000,REMUNERACAO DEPOSITOS BANCARIOS - PRINC.,26672.39
2026,8,1301,73,1717990115002,TRANSPORTE - SECRETARIA NACIONAL DE AVIACAO CIVIL,493.08
2026,8,1301,74,1321010101000,REMUNERACAO DEPOSITOS BANCARIOS - PRINC.,174619.82
2026,8,1301,98,1321010101000,REMUNERACAO DEPOSITOS BANCARIOS - PRINC.,10976.13
2026,8,1371,9,1321010101000,REMUNERACAO DEPOSITOS BANCARIOS - PRINC.,128245.38
2026,8,1371,24,1321010101000,REMUNERACAO DEPOSITOS BANCARIOS - PRINC.,94848.53
2026,8,1371,79,1911061101000,MULTAS ADM. DANOS AMBIENTAIS - PRINC.,2083430.71
2026,8,1401,2,1321010101000,REMUNERACAO DEPOSITOS BANCARIOS - PRINC.,14293.8
2026,8,1401,9,1321010101000,REMUNERACAO DEPOSITOS BANCARIOS - PRINC.,5304.9
2026,8,1401,10,7729990125000,REC. INTRA. - OUTRAS TRANSF. ESTADOS DF - PRINC. - REPASSE DO FUNDO ESTADUAL DE SAUDE - FES - LC FEDERAL NO 141/12,1892987.55
2026,8,1401,24,1321010101000,REMUNERACAO DEPOSITOS BANCARIOS - PRINC.,6522.53
2026,8,1401,60,1311011102000,ALUGUEIS ARRENDAMENTOS - PRINC. - ARRENDAMENTOS,150
2026,8,1401,60,1611010111000,SERVICOS ADM. COMERC. GER. - PRINC. - SEGURANCA PUBLICA,214.33
2026,8,1401,60,1611010127000,SERVICOS ADM. COMERC. GER. - PRINC. - RECREATIVOS E CULTURAIS,24811.89
2026,8,1401,60,1611020101000,INSCRICAO CONCURSOS PROCESSOS SELETIVOS - PRINC.,-106
2026,8,1401,60,1911010106000,MULTAS LEGISL. ESPECIFICA - PRINC. - INFRACAO A LEGISLACAO DE PREVENCAO DE INCENDIO E PANICO,896922.72
2026,8,1401,60,1911010111000,MULTAS LEGISL. ESPECIFICA - PRINC. - INFRACAO A LEGISLACAO SOBRE PRATICAS DE COMPETENCIA DO CBMMG POR INSTITUICOES CIVIS,5789.9
2026,8,1401,60,1922063199000,RESTITUICAO DESPESAS PRIMARIAS EXERCICIOS ANTERIORES - PRINC. - DEMAIS,0
2026,8,1401,60,1922990199000,OUTRAS RESTITUICOES - PRINC. - DEMAIS,480
2026,8,1401,66,1321010101000,REMUNERACAO DEPOSITOS BANCARIOS - PRINC.,-10993.41
2026,8,1401,66,1724990123004,SEGURANCA PUBLICA - CORPO DE BOMBEIROS DO ESTADO DE RIO GRANDE DO NORTE - CBMRN,0
2026,8,1401,70,1321010101000,REMUNERACAO DEPOSITOS BANCARIOS - PRINC.,10256.88
2026,8,1401,70,1732990123001,SEGURANCA PUBLICA - DIVERSOS MUNICIPIOS,20000
2026,8,1401,70,2432990122001,SEGURANCA PUBLICA - DIVERSOS MUNICIPIOS,0
2026,8,1401,74,1321010101000,REMUNERACAO DEPOSITOS BANCARIOS - PRINC.,41.95
2026,8,1401,98,1321010101000,REMUNERACAO DEPOSITOS BANCARIOS - PRINC.,75288.21
2026,8,1441,60,1321010101000,REMUNERACAO DEPOSITOS BANCARIOS - PRINC.,3259736.13
2026,8,1441,60,1361010101000,CESSAO DIR. OPERAC. PAG. - PRINC. - FOLHA DE PESSOAL,19997170.68
2026,8,1441,60,1922990199000,OUTRAS RESTITUICOES - PRINC. - DEMAIS,104470.8
2026,8,1451,1,1321010101000,REMUNERACAO DEPOSITOS BANCARIOS - PRINC.,2128.97
2026,8,1451,2,1321010101000,REMUNERACAO DEPOSITOS BANCARIOS - PRINC.,85688.37
2026,8,1451,9,1321010101000,REMUNERACAO DEPOSITOS BANCARIOS - PRINC.,572.56
2026,8,1451,10,7729990125000,REC. INTRA. - OUTRAS TRANSF. ESTADOS DF - PRINC. - REPASSE DO FUNDO ESTADUAL DE SAUDE - FES - LC FEDERAL NO 141/12,4280537.26
2026,8,1451,24,1321010101000,REMUNERACAO DEPOSITOS BANCARIOS - PRINC.,87981.46
2026,8,1451,24,1717990120005,SEGURANCA PUBLICA - MINISTERIO DA JUSTICA E SEGURANCA PUBLICA,856352.75
2026,8,1451,60,1922990199000,OUTRAS RESTITUICOES - PRINC. - DEMAIS,12642.42
2026,8,1451,60,1923990101000,OUTROS RESSARCIMENTOS - PRINC. - RETENCAO SOBRE PAGAMENTO FOLHA DE SENTENCIADO,986213.58
2026,8,1451,70,1321010101000,REMUNERACAO DEPOSITOS BANCARIOS - PRINC.,834.51
2026,8,1451,98,1321010101000,REMUNERACAO DEPOSITOS BANCARIOS - PRINC.,15850.15
2026,8,1481,24,1321010101000,REMUNERACAO DEPOSITOS BANCARIOS - PRINC.,17331.64
2026,8,1481,24,1717990111001,DIR. HUMANOS CIDADANIA - MINISTERIO DA JUSTICA E SEGURANCA PUBLICA,500000
2026,8,1481,57,1321010101000,REMUNERACAO DEPOSITOS BANCARIOS - PRINC.,79107.34
2026,8,1481,57,1719990115001,DESPORTO LAZER - MINISTERIO DO ESPORTE,1779387.26
2026,8,1481,57,1719990115002,DESPORTO LAZER - LOTERIA DE APOSTAS DE QUOTA FIXA - BETS,141478.4
2026,8,1481,59,1741990140999,DESPORTO LAZER - OUTROS,210598.65
2026,8,1481,98,1321010101000,REMUNERACAO DEPOSITOS BANCARIOS - PRINC.,7646.48
2026,8,1511,1,1321010101000,REMUNERACAO DEPOSITOS BANCARIOS - PRINC.,14840.99
2026,8,1511,2,1321010101000,REMUNERACAO DEPOSITOS BANCARIOS - PRINC.,113313
2026,8,1511,9,1321010101000,REMUNERACAO DEPOSITOS BANCARIOS - PRINC.,36446.63
2026,8,1511,24,1321010101000,REMUNERACAO DEPOSITOS BANCARIOS - PRINC.,-2487.59
2026,8,1511,70,1321010101000,REMUNERACAO DEPOSITOS BANCARIOS - PRINC.,1375080.04
2026,8,1511,70,2432990122001,SEGURANCA PUBLICA - DIVERSOS MUNICIPIOS,1365000
2026,8,1511,74,1321010101000,REMUNERACAO DEPOSITOS BANCARIOS - PRINC.,1786.47
2026,8,1511,98,1321010101000,REMUNERACAO DEPOSITOS BANCARIOS - PRINC.,134948.44
2026,8,1511,98,1719570101000,TRANSF. ESPECIAL UNIAO - PRINC. - EMENDAS PARLAMENTARES INDIVIDUAIS,298500
2026,8,1511,98,2419510101000,TRANSF. ESPECIAL UNIAO - PRINC. - EMENDAS PARLAMENTARES INDIVIDUAIS,1056795.86
2026,8,1521,9,1321010101000,REMUNERACAO DEPOSITOS BANCARIOS - PRINC.,15671.92
2026,8,1541,10,7729990125000,REC. INTRA. - OUTRAS TRANSF. ESTADOS DF - PRINC. - REPASSE DO FUNDO ESTADUAL DE SAUDE - FES - LC FEDERAL NO 141/12,5896344.4
2026,8,1911,15,1321010101000,REMUNERACAO DEPOSITOS BANCARIOS - PRINC.,0
2026,8,1911,15,1611040105000,SERVICOS INFORMACAO TECNOLOGIA - PRINC. - PROCESSAMENTO DAS CONSIGNACOES DA FOLHA DE PESSOAL,0
2026,8,1911,15,1999992199000,OUTRAS REC. - PRIMARIAS - PRINC. - DEMAIS,0
2026,8,1911,20,1112510102000,IPVA - PRINC. - COTA PARTE DOS MUNICIPIOS,0
2026,8,1911,20,1112510202000,IPVA - MJM - COTA PARTE DOS MUNICIPIOS,0
2026,8,1911,20,1112510302000,IPVA - DA - COTA PARTE DOS MUNICIPIOS,0
2026,8,1911,20,1114501102000,ICMS - PRINC. - COTA PARTE DOS MUNICIPIOS,0
2026,8,1911,20,1114501202000,ICMS - MJM - COTA PARTE DOS MUNICIPIOS,0
2026,8,1911,20,1114501302000,ICMS - DA - COTA PARTE DOS MUNICIPIOS,0
2026,8,1911,20,9112510102000,DEDUCAO REC. - IPVA - PRINC. - COTA PARTE DOS MUNICIPIOS,0
2026,8,1911,20,9112510202000,DEDUCAO REC. - IPVA - MJM - COTA PARTE DOS MUNICIPIOS,0
2026,8,1911,20,9112510302000,DEDUCAO REC. - IPVA - DA - COTA PARTE DOS MUNICIPIOS,0
2026,8,1911,20,9114501102000,DEDUCAO REC. - ICMS - PRINC. - COTA PARTE DOS MUNICIPIOS,0
2026,8,1911,20,9114501202000,DEDUCAO REC. - ICMS - MJM - COTA PARTE DOS MUNICIPIOS,0
2026,8,1911,20,9114501302000,DEDUCAO REC. - ICMS - DA - COTA PARTE DOS MUNICIPIOS,0
2026,8,1911,23,1112510103000,IPVA - PRINC. - COTA PARTE DO ESTADO PARA O FUNDEB,0
2026,8,1911,23,1112510203000,IPVA - MJM - COTA PARTE DO ESTADO PARA O FUNDEB,0
2026,8,1911,23,1112510303000,IPVA - DA - COTA PARTE DO ESTADO PARA O FUNDEB,0
2026,8,1911,23,1112520102000,ITCD - PRINC. - COTA PARTE DO FUNDEB,0
2026,8,1911,23,1112520202000,ITCD - MJM - COTA PARTE DO FUNDEB,0
2026,8,1911,23,1112520302000,ITCD - DA - COTA PARTE DO FUNDEB,0
2026,8,1911,23,1114501103000,ICMS - PRINC. - COTA PARTE DO ESTADO PARA O FUNDEB,0
2026,8,1911,23,1114501203000,ICMS - MJM - COTA PARTE DO ESTADO PARA O FUNDEB,0
2026,8,1911,23,1114501303000,ICMS - DA - COTA PARTE DO ESTADO PARA O FUNDEB,0
2026,8,1911,23,1114502102000,ADICIONAL ICMS - FEM - PRINC. - COTA PARTE DO FUNDEB,0
2026,8,1911,23,1114502202000,ADICIONAL ICMS - FEM - MJM - COTA PARTE DO FUNDEB,0
2026,8,1911,23,1114502302000,ADICIONAL ICMS - FEM - DA - COTA PARTE DO FUNDEB,0
2026,8,1911,23,1114502402000,ADICIONAL ICMS - FEM - DA-MJM - COTA PARTE DO FUNDEB,0
2026,8,1911,23,9112510103000,DEDUCAO REC. - IPVA - PRINC. - COTA PARTE DO ESTADO PARA O FUNDEB,0
2026,8,1911,23,9112510203000,DEDUCAO REC. - IPVA - MJM - COTA PARTE DO ESTADO PARA O FUNDEB,0
2026,8,1911,23,9112510303000,DEDUCAO REC. - IPVA - DA - COTA PARTE DO ESTADO PARA O FUNDEB,0
2026,8,1911,23,9112520102000,DEDUCAO REC. - ITCD - PRINC. - COTA PARTE DO ESTADO PARA O FUNDEB,0
2026,8,1911,23,9112520202000,DEDUCAO REC. - ITCD - MJM - COTA PARTE DO ESTADO PARA O FUNDEB,0
2026,8,1911,23,9112520302000,DEDUCAO REC. - ITCD - DA - COTA PARTE DO ESTADO PARA O FUNDEB,0
2026,8,1911,23,9114501103000,DEDUCAO REC. - ICMS - PRINC. - COTA PARTE DO ESTADO PARA O FUNDEB,0
2026,8,1911,23,9114501203000,DEDUCAO REC. - ICMS - MJM - COTA PARTE DO ESTADO PARA O FUNDEB,0
2026,8,1911,23,9114501303000,DEDUCAO REC. - ICMS - DA - COTA PARTE DO ESTADO PARA O FUNDEB,0
2026,8,1911,23,9114502102000,DEDUCAO REC. - ADICIONAL ICMS - FEM - PRINC. - COTA PARTE DO FUNDEB,0
2026,8,1911,23,9114502202000,DEDUCAO REC. - ADICIONAL ICMS - FEM - MJM - COTA PARTE DO FUNDEB,0
2026,8,1911,23,9114502302000,DEDUCAO REC. - ADICIONAL ICMS - FEM - DA - COTA PARTE DO FUNDEB,0
2026,8,1911,23,9114502402000,DEDUCAO REC. - ADICIONAL ICMS - FEM - DA-MJM - COTA PARTE DO FUNDEB,0
2026,8,1911,25,1321010101000,REMUNERACAO DEPOSITOS BANCARIOS - PRINC.,0
2026,8,2011,49,1219991101008,DEMAIS CONTRIB. SOC. - PRINC. - CONTRIB. PATRON. CIVIL SAUDE - MUNICIPIOS,14113.01
2026,8,2011,49,1922990199000,OUTRAS RESTITUICOES - PRINC. - DEMAIS,337.44
2026,8,2011,49,7219991101001,REC. INTRA. - DEMAIS CONTRIB. SOC. - PRINC. - CONTRIB. PATRON. CIVIL SAUDE - SERVIDOR ATIVO,11990676.86
2026,8,2011,49,7219991101002,REC. INTRA. - DEMAIS CONTRIB. SOC. - PRINC. - CONTRIB. PATRON. CIVIL SAUDE - SERVIDOR INATIVO,13552010.29
2026,8,2011,49,7219991101003,REC. INTRA. - DEMAIS CONTRIB. SOC. - PRINC. - CONTRIB. PATRON. CIVIL SAUDE - PENSIONISTA,2168704.48
2026,8,2011,49,7219991101004,REC. INTRA. - DEMAIS CONTRIB. SOC. - PRINC. - CONTRIB. PATRON. CIVIL SAUDE - CONTRATO ADMINISTRATIVO,1143303.73
2026,8,2011,49,7219991101005,REC. INTRA. - DEMAIS CONTRIB. SOC. - PRINC. - CONTRIB. PATRON. CIVIL SAUDE - ESTADO - DEPENDENTES,9575505.83
2026,8,2011,49,7219991101006,REC. INTRA. - DEMAIS CONTRIB. SOC. - PRINC. - CONTRIB. PATRON. CIVIL SAUDE - ESTADO - DEPENDENTES - FILHOS,6769925.59
2026,8,2011,49,7219991101007,REC. INTRA. - DEMAIS CONTRIB. SOC. - PRINC. - CONTRIB. PATRON. CIVIL SAUDE - USUARIO FACULTATIVO,198.88
2026,8,2011,50,1219991102001,DEMAIS CONTRIB. SOC. - PRINC. - CONTRIB. CIVIL SAUDE - ATIVO,26293765.43
2026,8,2011,50,1219991102002,DEMAIS CONTRIB. SOC. - PRINC. - CONTRIB. CIVIL SAUDE - INATIVO,35355509.88
2026,8,2011,50,1219991102003,DEMAIS CONTRIB. SOC. - PRINC. - CONTRIB. CIVIL SAUDE - PENSIONISTA,4512516.29
2026,8,2011,50,1219991102004,DEMAIS CONTRIB. SOC. - PRINC. - CONTRIB. CIVIL SAUDE - CONTRATO ADMINISTRATIVO,2591124.13
2026,8,2011,50,1219991102005,DEMAIS CONTRIB. SOC. - PRINC. - CONTRIB. CIVIL SAUDE - ESTADO - DEPENDENTES,22963312.05
2026,8,2011,50,1219991102006,DEMAIS CONTRIB. SOC. - PRINC. - CONTRIB. CIVIL SAUDE - ESTADO - DEPENDENTES - FILHOS,13729139.94
2026,8,2011,50,1219991102007,DEMAIS CONTRIB. SOC. - PRINC. - CONTRIB. CIVIL SAUDE - USUARIO FACULTATIVO,37936.84
2026,8,2011,50,1219991102008,DEMAIS CONTRIB. SOC. - PRINC. - CONTRIB. CIVIL SAUDE - MUNICIPIOS,32104.13
2026,8,2011,50,1219991102009,DEMAIS CONTRIB. SOC. - PRINC. - CONTRIB. CIVIL SAUDE - DEMAIS - SERVIDOR,318583.62
2026,8,2011,50,1219991102010,DEMAIS CONTRIB. SOC. - PRINC. - CONTRIB. CIVIL SAUDE - DEMAIS - DEPENDENTES,128098.7
2026,8,2011,50,1219991102011,DEMAIS CONTRIB. SOC. - PRINC. - CONTRIB. CIVIL SAUDE - DEMAIS - DEPENDENTES - FILHOS,94860.1
2026,8,2011,50,1922063199000,RESTITUICAO DESPESAS PRIMARIAS EXERCICIOS ANTERIORES - PRINC. - DEMAIS,500
2026,8,2011,50,1922990199000,OUTRAS RESTITUICOES - PRINC. - DEMAIS,4178.17
2026,8,2011,60,1219991299000,DEMAIS CONTRIB. SOC. - MJM - DEMAIS,2731.77
2026,8,2011,60,1219991399000,DEMAIS CONTRIB. SOC. - DA - DEMAIS,107668.41
2026,8,2011,60,1219991499000,DEMAIS CONTRIB. SOC. - DA-MJM - DEMAIS,305061.2
2026,8,2011,60,1311020199000,CONC. PERM. AUTOR. CESSAO DIR. USO BENS IMOV. PUB. - PRINC. - DEMAIS,125184.49
2026,8,2011,60,1321010101000,REMUNERACAO DEPOSITOS BANCARIOS - PRINC.,4237047.97
2026,8,2011,60,1611010120000,SERVICOS ADM. COMERC. GER. - PRINC. - ADMINISTRACAO DE FUNDO DE PECULIO,155575.57
2026,8,2011,60,1611010199001,SERVICOS ADM. COMERC. GER. - PRINC. - DEMAIS - SERVICOS ADMINISTRATIVOS,5
2026,8,2011,60,1911090199000,MULTAS JUROS PREVISTOS CONTRATOS - PRINC. - DEMAIS,8339.7
2026,8,2011,60,1922990199000,OUTRAS RESTITUICOES - PRINC. - DEMAIS,48562.07
2026,8,2011,60,1999992199000,OUTRAS REC. - PRIMARIAS - PRINC. - DEMAIS,163087.15
2026,8,2011,61,1631990105001,OUTROS SERV. ATEND. SAUDE - PRINC. - COPARTICIP. SEGURADOS - SERVICOS HOSPITALARES,6318679.98
2026,8,2011,61,1631990105002,OUTROS SERV. ATEND. SAUDE - PRINC. - COPARTICIP. SEGURADOS - SERVICOS ODONTOLOGICOS,333152.37
2026,8,2041,60,1321010101000,REMUNERACAO DEPOSITOS BANCARIOS - PRINC.,32941.09
2026,8,2041,60,1922990199000,OUTRAS RESTITUICOES - PRINC. - DEMAIS,80619.87
2026,8,2041,60,1999992102000,OUTRAS REC. - PRIMARIAS - PRINC. - RENDAS DE LOTERIA INSTANTANEA,55947.22
2026,8,2041,60,1999992103000,OUTRAS REC. - PRIMARIAS - PRINC. - RENDAS DE LOTERIA ONLINE,2273226.83
2026,8,2041,60,1999992116000,OUTRAS REC. - PRIMARIAS - PRINC. - RENDAS DE LOTERIA CONVENCIONAL,29503.33
2026,8,2061,24,1321010101000,REMUNERACAO DEPOSITOS BANCARIOS - PRINC.,5696.8
2026,8,2061,47,2213010101000,ALIENACAO BENS MOVEIS E SEMOVENTES - PRINC.,23000
2026,8,2061,60,1311011101000,ALUGUEIS ARRENDAMENTOS - PRINC. - ALUGUEIS,6417.27
2026,8,2061,60,1611010103000,"SERVICOS ADM. COMERC. GER. - PRINC. - COMERCIALIZACAO DE LIVROS, PERIODICOS, MATERIAIS ESCOLARES E PUBLICIDADE",100
2026,8,2061,60,1611010124000,SERVICOS ADM. COMERC. GER. - PRINC. - EDUCACIONAIS E CAPACITACAO,10663.66
2026,8,2061,60,1611010130000,SERVICOS ADM. COMERC. GER. - PRINC. - ESTUDOS E PESQUISA,395117.04
2026,8,2061,60,1611020101000,INSCRICAO CONCURSOS PROCESSOS SELETIVOS - PRINC.,9428
2026,8,2061,60,1611030104000,SERVICOS REG. CERTIF. FISCALIZ. - PRINC. - EXPEDICAO DE CERTIFICADOS,77473.63
2026,8,2061,60,1922990199000,OUTRAS RESTITUICOES - PRINC. - DEMAIS,724.21
2026,8,2061,60,7611010130000,REC. INTRA. - SERVICOS ADM. COMERC. GER. - PRINC. - ESTUDOS E PESQUISA,42846.31
2026,8,2071,47,2211020199000,ALIEN. TITULOS VALORES MOBIL. APLIC. CONGEN. PERMANENTES - PRINC. - DEMAIS,39461.84
2026,8,2071,60,1321010101000,REMUNERACAO DEPOSITOS BANCARIOS - PRINC.,5746.2
2026,8,2071,60,1922011101000,RESTITUICAO CONVENIOS - PRIMARIAS - PRINC.,3825440.53
2026,8,2071,68,1321010101000,REMUNERACAO DEPOSITOS BANCARIOS - PRINC.,125044.74
2026,8,2071,69,1321010101000,REMUNERACAO DEPOSITOS BANCARIOS - PRINC.,0
2026,8,2091,52,1121040103000,TX. CONTR. FISC. AMBIENT. - PRINC. - TAXA DE CONTROLE E FISCALIZACAO AMBIENTAL,16433721.08
2026,8,2091,52,1121040203000,TX. CONTR. FISC. AMBIENT. - MJM - TAXA DE CONTROLE E FISCALIZACAO AMBIENTAL,204663.23
2026,8,2091,52,1121040303000,TX. CONTR. FISC. AMBIENT. - DA - TAXA DE CONTROLE E FISCALIZACAO AMBIENTAL,111771.05
2026,8,2091,52,1121040403000,TX. CONTR. FISC. AMBIENT. - DA-MJM - TAXA DE CONTROLE E FISCALIZACAO AMBIENTAL,84804.95
2026,8,2091,52,1922990199000,OUTRAS RESTITUICOES - PRINC. - DEMAIS,14601.88
2026,8,2091,59,1921990101000,OUTRAS INDENIZACOES - PRINC. - IMPACTOS E DANOS AMBIENTAIS,261151.01
2026,8,2091,60,1611010199001,SERVICOS ADM. COMERC. GER. - PRINC. - DEMAIS - SERVICOS ADMINISTRATIVOS,1029.05
2026,8,2091,60,1699990301000,OUTROS SERVICOS - DA,444515.81
2026,8,2091,60,1911061101000,MULTAS ADM. DANOS AMBIENTAIS - PRINC.,1976760.54
2026,8,2091,60,1911061201000,MULTAS ADM. DANOS AMBIENTAIS - MJM,59126.93
2026,8,2091,60,1922990199000,OUTRAS RESTITUICOES - PRINC. - DEMAIS,705.02
2026,8,2091,79,1911061101000,MULTAS ADM. DANOS AMBIENTAIS - PRINC.,173886.84
2026,8,2091,91,1121040104000,TX. CONTR. FISC. AMBIENT. - PRINC. - TAXA DE REGULARIZACAO AMBIENTAL,5367.54
2026,8,2091,91,1121040109000,"TX. CONTR. FISC. AMBIENT. - PRINC. - TAXA DE REPROGRAFIA, CERTIDOES E JULGAMENTO DE CONTENCIOSO",130490.11
2026,8,2091,91,1122010101011,TX. PREST. SERV. G. - PRINC. - TX. EXP. - ATOS DE AUTORIDADE ADMINISTRATIVA DO SISTEMA ESTADUAL DE MEIO AMBIENTE E RECURSOS HIDRICOS - SISEMA,1661740.21
2026,8,2101,26,1121040101000,TX. CONTR. FISC. AMBIENT. - PRINC. - TAXA FLORESTAL,7859256.31
2026,8,2101,26,1922990199000,OUTRAS RESTITUICOES - PRINC. - DEMAIS,1571568.32
2026,8,2101,47,2213010101000,ALIENACAO BENS MOVEIS E SEMOVENTES - PRINC.,608667
2026,8,2101,52,1121040103000,TX. CONTR. FISC. AMBIENT. - PRINC. - TAXA DE CONTROLE E FISCALIZACAO AMBIENTAL,112090.48
2026,8,2101,60,1611010116000,SERVICOS ADM. COMERC. GER. - PRINC. - MEIO AMBIENTE,723.74
2026,8,2101,60,1611010121000,SERVICOS ADM. COMERC. GER. - PRINC. - GESTAO DE CRIADORES DE PASSEIFORMES SILVESTRES,934591.36
2026,8,2101,60,1699990301000,OUTROS SERVICOS - DA,1434912.24
2026,8,2101,60,1911061101000,MULTAS ADM. DANOS AMBIENTAIS - PRINC.,801586.05
2026,8,2101,60,1922990199000,OUTRAS RESTITUICOES - PRINC. - DEMAIS,33170.58
2026,8,2101,60,1999992199000,OUTRAS REC. - PRIMARIAS - PRINC. - DEMAIS,2674091.52
2026,8,2101,61,1349010101000,COMPENSACOES AMBIENTAIS - PRINC. - REPOSICAO FLORESTAL,2694001.74
2026,8,2101,61,1349010199000,COMPENSACOES AMBIENTAIS - PRINC. - DEMAIS,3058365.08
2026,8,2101,61,1611010118000,SERVICOS ADM. COMERC. GER. - PRINC. - VISITACAO DAS UNIDADES DE CONSERVACAO DA NATUREZA,48708.95
2026,8,2101,79,1911061101000,MULTAS ADM. DANOS AMBIENTAIS - PRINC.,287076.19
2026,8,2101,91,1121040105000,TX. CONTR. FISC. AMBIENT. - PRINC. - TAXA DA LEI DA PESCA,185544.31
2026,8,2101,91,1121040106000,TX. CONTR. FISC. AMBIENT. - PRINC. - TAXA DE LIBERACAO E MANEJO DA FAUNA E FLORA,54153.62
2026,8,2101,91,1121040107000,TX. CONTR. FISC. AMBIENT. - PRINC. - TAXA DA LEI DE POLITICA FLORESTAL,1682008.71
2026,8,2101,91,1121040109000,"TX. CONTR. FISC. AMBIENT. - PRINC. - TAXA DE REPROGRAFIA, CERTIDOES E JULGAMENTO DE CONTENCIOSO",13795.42
2026,8,2121,49,7219991103052,REC. INTRA. - DEMAIS CONTRIB. SOC. - PRINC. - IPSM - CONTRIB. PATRONAL - INATIVO CIVIL,437607.51
2026,8,2121,49,7219991103053,REC. INTRA. - DEMAIS CONTRIB. SOC. - PRINC. - IPSM - CONTRIB. PATRONAL MILITAR PARA A SAUDE - ATIVO,23361299.3
2026,8,2121,49,7219991103054,REC. INTRA. - DEMAIS CONTRIB. SOC. - PRINC. - IPSM - CONTRIB. PATRONAL MILITAR PARA A SAUDE - INATIVO,32990693.79
2026,8,2121,49,7219991103055,REC. INTRA. - DEMAIS CONTRIB. SOC. - PRINC. - IPSM - CONTRIB. PATRONAL MILITAR PARA A PREVIDENCIA - ATIVO,51997730.68
2026,8,2121,49,7219991103056,REC. INTRA. - DEMAIS CONTRIB. SOC. - PRINC. - IPSM - CONTRIB. PATRONAL MILITAR PARA A PREVIDENCIA - INATIVO,73431477.91
2026,8,2121,50,1219991103002,DEMAIS CONTRIB. SOC. - PRINC. - IPSM - CONTRIB. DO SERVIDOR CIVIL - INATIVO,219281.15
2026,8,2121,50,1219991103003,DEMAIS CONTRIB. SOC. - PRINC. - IPSM - CONTRIB. MILITAR PARA A SAUDE - ATIVO,10534206.69
2026,8,2121,50,1219991103004,DEMAIS CONTRIB. SOC. - PRINC. - IPSM - CONTRIB. MILITAR PARA A SAUDE - INATIVO,16567817.32
2026,8,2121,50,1219991103005,DEMAIS CONTRIB. SOC. - PRINC. - IPSM - CONTRIB. MILITAR PARA A PREVIDENCIA  - ATIVO,23447105.16
2026,8,2121,50,1219991103006,DEMAIS CONTRIB. SOC. - PRINC. - IPSM - CONTRIB. MILITAR PARA A PREVIDENCIA  - INATIVO,36916488.79
2026,8,2121,50,1219991103007,DEMAIS CONTRIB. SOC. - PRINC. - IPSM - CONTRIB. MILITAR PARA A PREVIDENCIA  - PENSIONISTA,702483.85
2026,8,2121,50,1922990199000,OUTRAS RESTITUICOES - PRINC. - DEMAIS,5498.4
2026,8,2121,60,1311011101000,ALUGUEIS ARRENDAMENTOS - PRINC. - ALUGUEIS,307304.13
2026,8,2121,60,1311011201000,ALUGUEIS ARRENDAMENTOS - MJM - ALUGUEIS,2905.3
2026,8,2121,60,1329990102000,OUTROS VALORES MOBILIARIOS - PRINC. - FUNDOS DE INVESTIMENTO,4928763.45
2026,8,2121,60,1611010199001,SERVICOS ADM. COMERC. GER. - PRINC. - DEMAIS - SERVICOS ADMINISTRATIVOS,1889.49
2026,8,2121,60,1631990105001,OUTROS SERV. ATEND. SAUDE - PRINC. - COPARTICIP. SEGURADOS - SERVICOS HOSPITALARES,10940384.35
2026,8,2121,60,1631990105002,OUTROS SERV. ATEND. SAUDE - PRINC. - COPARTICIP. SEGURADOS - SERVICOS ODONTOLOGICOS,1625704.25
2026,8,2121,60,1922990199000,OUTRAS RESTITUICOES - PRINC. - DEMAIS,15373.2
2026,8,2121,60,1999992199000,OUTRAS REC. - PRIMARIAS - PRINC. - DEMAIS,1775949.41
2026,8,2151,47,2213010101000,ALIENACAO BENS MOVEIS E SEMOVENTES - PRINC.,900
2026,8,2151,60,1411010101000,REC. AGROPECUARIA - PRINC. - PRODUCAO VEGETAL,400
2026,8,2151,60,1611010199001,SERVICOS ADM. COMERC. GER. - PRINC. - DEMAIS - SERVICOS ADMINISTRATIVOS,46053.65
2026,8,2171,9,1321010101000,REMUNERACAO DEPOSITOS BANCARIOS - PRINC.,0
2026,8,2171,9,1724990112003,CULTURA - COMPANHIA ENERGETICA DE MINAS GERAIS - CEMIG,174200
2026,8,2171,9,2422990111003,CULTURA - COMPANHIA ENERGETICA DE MINAS GERAIS - CEMIG,1371801
2026,8,2171,60,1699990101000,OUTROS SERVICOS - PRINC.,3488.32
2026,8,2181,60,1311011101000,ALUGUEIS ARRENDAMENTOS - PRINC. - ALUGUEIS,279326.2
2026,8,2181,60,1921990199000,OUTRAS INDENIZACOES - PRINC. - DEMAIS,13939.46
2026,8,2201,9,1321010101000,REMUNERACAO DEPOSITOS BANCARIOS - PRINC.,28146.93
2026,8,2201,9,1741990139999,CULTURA - OUTROS,0
2026,8,2201,24,1321010101000,REMUNERACAO DEPOSITOS BANCARIOS - PRINC.,10298.06
2026,8,2201,45,1321010101000,REMUNERACAO DEPOSITOS BANCARIOS - PRINC.,76666.84
2026,8,2201,60,1699990101000,OUTROS SERVICOS - PRINC.,30
2026,8,2211,60,1311011101000,ALUGUEIS ARRENDAMENTOS - PRINC. - ALUGUEIS,551438.27
2026,8,2211,60,1611010107000,SERVICOS ADM. COMERC. GER. - PRINC. - COMUNICACAO,518.26
2026,8,2241,24,1321010101000,REMUNERACAO DEPOSITOS BANCARIOS - PRINC.,6293.98
2026,8,2241,47,2213010101000,ALIENACAO BENS MOVEIS E SEMOVENTES - PRINC.,13400
2026,8,2241,60,1321010101000,REMUNERACAO DEPOSITOS BANCARIOS - PRINC.,853.1
2026,8,2241,60,1699990301000,OUTROS SERVICOS - DA,15704.74
2026,8,2241,60,1911061101000,MULTAS ADM. DANOS AMBIENTAIS - PRINC.,46816.48
2026,8,2241,60,1922990199000,OUTRAS RESTITUICOES - PRINC. - DEMAIS,-1571.9
2026,8,2241,61,1345010101000,OUTORGA DIR. USO RECURSOS HIDRICOS - PRINC.,28862183.75
2026,8,2241,61,1345010301000,OUTORGA DIR. USO RECURSOS HIDRICOS - DA,72173.11
2026,8,2241,73,1321010101000,REMUNERACAO DEPOSITOS BANCARIOS - PRINC.,38948.41
2026,8,2241,73,1922990199000,OUTRAS RESTITUICOES - PRINC. - DEMAIS,27536.9
2026,8,2241,79,1911061101000,MULTAS ADM. DANOS AMBIENTAIS - PRINC.,6664.51
2026,8,2241,91,1121040104000,TX. CONTR. FISC. AMBIENT. - PRINC. - TAXA DE REGULARIZACAO AMBIENTAL,1068810.33
2026,8,2241,91,1121040109000,"TX. CONTR. FISC. AMBIENT. - PRINC. - TAXA DE REPROGRAFIA, CERTIDOES E JULGAMENTO DE CONTENCIOSO",1929.2
2026,8,2251,60,1611030106000,SERVICOS REG. CERTIF. FISCALIZ. - PRINC. - REGISTRO DO COMERCIO,10484895.24
2026,8,2251,60,1922990199000,OUTRAS RESTITUICOES - PRINC. - DEMAIS,198.5
2026,8,2261,10,1922990101000,OUTRAS RESTITUICOES - PRINC. - RECURSOS ORIGINARIOS DO FUNDO ESTADUAL DE SAUDE - FES,86179.15
2026,8,2261,10,7729990125000,REC. INTRA. - OUTRAS TRANSF. ESTADOS DF - PRINC. - REPASSE DO FUNDO ESTADUAL DE SAUDE - FES - LC FEDERAL NO 141/12,25931837.95
2026,8,2261,24,1321010101000,REMUNERACAO DEPOSITOS BANCARIOS - PRINC.,2544.17
2026,8,2261,60,1311011101000,ALUGUEIS ARRENDAMENTOS - PRINC. - ALUGUEIS,1736.98
2026,8,2261,60,1511010101003,REC. INDUSTRIAL - PRINC. - INDUSTRIA TRANSFORMACAO - INDUSTRIA DE PRODUTOS FARMACEUTICOS E VETERINARIOS,2490165.18
2026,8,2261,60,1922990199000,OUTRAS RESTITUICOES - PRINC. - DEMAIS,60.67
2026,8,2271,10,1922990101000,OUTRAS RESTITUICOES - PRINC. - RECURSOS ORIGINARIOS DO FUNDO ESTADUAL DE SAUDE - FES,1667620.55
2026,8,2271,10,7729990125000,REC. INTRA. - OUTRAS TRANSF. ESTADOS DF - PRINC. - REPASSE DO FUNDO ESTADUAL DE SAUDE - FES - LC FEDERAL NO 141/12,198526942.96
2026,8,2271,45,1321010101000,REMUNERACAO DEPOSITOS BANCARIOS - PRINC.,787.09
2026,8,2271,60,1321010101000,REMUNERACAO DEPOSITOS BANCARIOS - PRINC.,10.46
2026,8,2271,60,1631500101000,SERVICOS HOSPITALARES - PRINC.,20672080.8
2026,8,2271,60,1922990199000,OUTRAS RESTITUICOES - PRINC. - DEMAIS,4503
2026,8,2271,68,1321010101000,REMUNERACAO DEPOSITOS BANCARIOS - PRINC.,90232.97
2026,8,2271,68,1741500199000,SUS-SAUDE - OUTROS,654890.6
2026,8,2271,68,1922990199000,OUTRAS RESTITUICOES - PRINC. - DEMAIS,75
2026,8,2271,68,2441990126001,SUS-SAUDE - INSTITUICOES DE ENSINO,8670.95
2026,8,2271,70,1321010101000,REMUNERACAO DEPOSITOS BANCARIOS - PRINC.,356978.01
2026,8,2271,70,1732500101000,SUS-SAUDE - DIVERSOS MUNICIPIOS,2164471.86
2026,8,2281,36,1321010101000,REMUNERACAO DEPOSITOS BANCARIOS - PRINC.,50872.15
2026,8,2301,51,1321010101000,REMUNERACAO DEPOSITOS BANCARIOS - PRINC.,153548.7
2026,8,2301,60,1911010199000,MULTAS LEGISL. ESPECIFICA - PRINC. - DEMAIS,206.23
2026,8,2301,60,1922990199000,OUTRAS RESTITUICOES - PRINC. - DEMAIS,47.11
2026,8,2301,60,1999992199000,OUTRAS REC. - PRIMARIAS - PRINC. - DEMAIS,55130.65
2026,8,2301,60,1999992299000,OUTRAS REC. - PRIMARIAS - MJM - DEMAIS,434926.03
2026,8,2301,68,1321010101000,REMUNERACAO DEPOSITOS BANCARIOS - PRINC.,265387.15
2026,8,2301,69,1321010101000,REMUNERACAO DEPOSITOS BANCARIOS - PRINC.,1268.37
2026,8,2301,70,1321010101000,REMUNERACAO DEPOSITOS BANCARIOS - PRINC.,87671.7
2026,8,2301,74,1321010101000,REMUNERACAO DEPOSITOS BANCARIOS - PRINC.,516677.26
2026,8,2301,91,1122010101001,TX. PREST. SERV. G. - PRINC. - TX. EXP. - DEPARTAMENTO DE EDIFICACOES E ESTRADAS DE RODAGEM DO ESTADO DE MINAS GERAIS - DERMG,1911755.07
2026,8,2301,91,1122010104000,TX. PREST. SERV. G. - PRINC. - TAXA DE GERENCIAMENTO DO SISTEMA TRANSPORTE RODOVIARIO INTERMUNICIPAL - DEPARTAMENTO DE EDIFICACOES E ESTRADAS DE RODAGEM DO ESTADO DE MINAS GERAIS - DERMG,5825.7
2026,8,2301,91,1122010301006,TX. PREST. SERV. G. - DA - TX. EXP. - TRANSPORTE COLETIVO INTERMUNICIPAL - NOTIFICACAO,844.63
2026,8,2301,91,1122010401006,TX. PREST. SERV. G. - DA-MJM - TX. EXP. - TRANSPORTE COLETIVO INTERMUNICIPAL - NOTIFICACAO,2399.8
2026,8,2311,10,7729990125000,REC. INTRA. - OUTRAS TRANSF. ESTADOS DF - PRINC. - REPASSE DO FUNDO ESTADUAL DE SAUDE - FES - LC FEDERAL NO 141/12,6073860.53
2026,8,2311,24,1321010101000,REMUNERACAO DEPOSITOS BANCARIOS - PRINC.,22999.1
2026,8,2311,36,1321010101000,REMUNERACAO DEPOSITOS BANCARIOS - PRINC.,41275.55
2026,8,2311,60,1311011101000,ALUGUEIS ARRENDAMENTOS - PRINC. - ALUGUEIS,6640.12
2026,8,2311,60,1611010124000,SERVICOS ADM. COMERC. GER. - PRINC. - EDUCACIONAIS E CAPACITACAO,385
2026,8,2311,60,1611020101000,INSCRICAO CONCURSOS PROCESSOS SELETIVOS - PRINC.,25161
2026,8,2311,60,1631500101000,SERVICOS HOSPITALARES - PRINC.,1229715.43
2026,8,2311,60,1922990199000,OUTRAS RESTITUICOES - PRINC. - DEMAIS,408
2026,8,2311,70,1321010101000,REMUNERACAO DEPOSITOS BANCARIOS - PRINC.,169886.08
2026,8,2311,70,1732500101000,SUS-SAUDE - DIVERSOS MUNICIPIOS,7174914.49
2026,8,2321,1,1321010101000,REMUNERACAO DEPOSITOS BANCARIOS - PRINC.,11.8
2026,8,2321,10,1922990101000,OUTRAS RESTITUICOES - PRINC. - RECURSOS ORIGINARIOS DO FUNDO ESTADUAL DE SAUDE - FES,80092.8
2026,8,2321,10,7729990125000,REC. INTRA. - OUTRAS TRANSF. ESTADOS DF - PRINC. - REPASSE DO FUNDO ESTADUAL DE SAUDE - FES - LC FEDERAL NO 141/12,31046693.04
2026,8,2321,24,1321010101000,REMUNERACAO DEPOSITOS BANCARIOS - PRINC.,12543.86
2026,8,2321,60,1631500101000,SERVICOS HOSPITALARES - PRINC.,62673.12
2026,8,2321,60,1631530101000,SERVICOS AMBULATORIAIS - PRINC.,157807.22
2026,8,2321,60,1631990102000,"OUTROS SERV. ATEND. SAUDE - PRINC. - SERVICOS DE COLETA, PROCESSAMENTO E ARMAZENAMENTO DE CELULAS E TECIDOS BIOLOGICOS",121327.01
2026,8,2321,60,1631990104000,OUTROS SERV. ATEND. SAUDE - PRINC. - SERVICOS DE SAUDE PRESTADOS A PARTICULARES,1752116.06
2026,8,2321,60,1631990204000,OUTROS SERV. ATEND. SAUDE - MJM - SERVICOS DE SAUDE PRESTADOS A PARTICULARES,8113.67
2026,8,2321,60,1911090199000,MULTAS JUROS PREVISTOS CONTRATOS - PRINC. - DEMAIS,128345.9
2026,8,2321,60,1922990199000,OUTRAS RESTITUICOES - PRINC. - DEMAIS,39730.48
2026,8,2321,60,7631990103000,REC. INTRA. - OUTROS SERV. ATEND. SAUDE - PRINC. - SERVICOS DE SAUDE PRESTADOS AO SIA/SUS,0
2026,8,2321,60,7631990204000,REC. INTRA. - OUTROS SERV. ATEND. SAUDE - MJM - SERVICOS DE SAUDE PRESTADOS A PARTICULARES,0
2026,8,2331,73,1321010101000,REMUNERACAO DEPOSITOS BANCARIOS - PRINC.,38899.51
2026,8,2331,73,1717990106001,"CIENCIA TECNOLOGIA - INSTITUTO NACIONAL DE METROLOGIA, QUALIDADE E TECNOLOGIA - INMETRO",2984259
2026,8,2331,73,1922990199000,OUTRAS RESTITUICOES - PRINC. - DEMAIS,15546.71
2026,8,2351,24,1321010101000,REMUNERACAO DEPOSITOS BANCARIOS - PRINC.,-3741.16
2026,8,2351,47,2213010101000,ALIENACAO BENS MOVEIS E SEMOVENTES - PRINC.,47080
2026,8,2351,60,1311011102000,ALUGUEIS ARRENDAMENTOS - PRINC. - ARRENDAMENTOS,11304.42
2026,8,2351,60,1611010124000,SERVICOS ADM. COMERC. GER. - PRINC. - EDUCACIONAIS E CAPACITACAO,10117.29
2026,8,2351,60,1922990199000,OUTRAS RESTITUICOES - PRINC. - DEMAIS,8929.37
2026,8,2351,60,2213010101000,ALIENACAO BENS MOVEIS E SEMOVENTES - PRINC.,-47080
2026,8,2361,60,1219991101001,DEMAIS CONTRIB. SOC. - PRINC. - CONTRIB. PATRON. CIVIL SAUDE - SERVIDOR ATIVO,203615.13
2026,8,2361,60,1219991104002,DEMAIS CONTRIB. SOC. - PRINC. - IPLEMG - CONTRIB. DO SEGURADO - INATIVO,284926.68
2026,8,2361,60,1219991104003,DEMAIS CONTRIB. SOC. - PRINC. - IPLEMG - CONTRIB. DO SEGURADO - PENSIONISTA,201216.27
2026,8,2361,60,1219991104052,DEMAIS CONTRIB. SOC. - PRINC. - IPLEMG - CONTRIB. PATRONAL - EXERCENTE DE MANDATO ELETIVO FEDERAL OU MUNICIPAL,129011.12
2026,8,2361,60,1321010101000,REMUNERACAO DEPOSITOS BANCARIOS - PRINC.,8142365.01
2026,8,2361,60,1641010101000,RETORNO OPER. JUROS ENCARG. FINANCEIROS - PRINC. - JUROS DE EMPRESTIMOS,103823.3
2026,8,2361,60,1999992199000,OUTRAS REC. - PRIMARIAS - PRINC. - DEMAIS,704594.47
2026,8,2361,60,7219991104051,REC. INTRA. - DEMAIS CONTRIB. SOC. - PRINC. - IPLEMG - CONTRIB. PATRONAL - EXERCENTE DE MANDATO ESTADUAL,229512.6
2026,8,2361,60,7999992105000,REC. INTRA. - OUTRAS REC. - PRIMARIAS - PRINC. - RESERVA TECNICA OBRIGATORIA - EQUILIBRIO ATUARIAL,996083
2026,8,2371,60,1611010125000,SERVICOS ADM. COMERC. GER. - PRINC. - AGROPECUARIOS,47655.07
2026,8,2371,60,1611030104000,SERVICOS REG. CERTIF. FISCALIZ. - PRINC. - EXPEDICAO DE CERTIFICADOS,8396.54
2026,8,2371,60,1611030106000,SERVICOS REG. CERTIF. FISCALIZ. - PRINC. - REGISTRO DO COMERCIO,61027.06
2026,8,2371,60,1611030199000,SERVICOS REG. CERTIF. FISCALIZ. - PRINC. - DEMAIS,108972.72
2026,8,2371,60,1699990101000,OUTROS SERVICOS - PRINC.,71392.92
2026,8,2371,60,1922990199000,OUTRAS RESTITUICOES - PRINC. - DEMAIS,-106.71
2026,8,2371,60,1999992299000,OUTRAS REC. - PRIMARIAS - MJM - DEMAIS,1435030.05
2026,8,2371,91,1122010101003,TX. PREST. SERV. G. - PRINC. - TX. EXP. - INSTITUTO MINEIRO DE AGROPECUARIA - IMA,6391127.15
2026,8,2371,91,1321010101000,REMUNERACAO DEPOSITOS BANCARIOS - PRINC.,0
2026,8,2371,91,1922990199000,OUTRAS RESTITUICOES - PRINC. - DEMAIS,0
2026,8,2421,1,1321010101000,REMUNERACAO DEPOSITOS BANCARIOS - PRINC.,0
2026,8,2421,24,1321010101000,REMUNERACAO DEPOSITOS BANCARIOS - PRINC.,0
2026,8,2421,24,1922990199000,OUTRAS RESTITUICOES - PRINC. - DEMAIS,0
2026,8,2431,60,1611010199001,SERVICOS ADM. COMERC. GER. - PRINC. - DEMAIS - SERVICOS ADMINISTRATIVOS,135223.07
2026,8,2441,59,1121010104000,TX. INSP. CONTR. FISC. - PRINC. - TAXA DE FISCALIZACAO SOBRE SERVICOS PUBLICOS DE ABASTECIMENTO DE AGUA E SANEAMENTO,0
2026,8,2441,59,1121010107000,TX. INSP. CONTR. FISC. - PRINC. -  TAXA DE REGULACAO E FISCALIZACAO SOBRE SERVICOS PUBLICOS DE ABASTECIMENTO DE AGUA E DE ESGOTAMENTO SANITARIO,3887616.4
2026,8,2441,59,1922990199000,OUTRAS RESTITUICOES - PRINC. - DEMAIS,1178.22
2026,8,3041,60,1611010128000,"SERVICOS ADM. COMERC. GER. - PRINC. - CONSULTORIA, ASSISTENCIA TECNICA E ANALISE DE PROJETOS",4528870.56
2026,8,3041,67,1732990108001,AGROPECUARIA - DIVERSOS MUNICIPIOS,9239958.77
2026,8,3051,60,1411010101000,REC. AGROPECUARIA - PRINC. - PRODUCAO VEGETAL,1478610.5
2026,8,3051,60,1411010102999,REC. AGROPECUARIA - PRINC. - PRODUCAO ANIMAL DERIVADOS - OUTROS,483579.57
2026,8,3051,60,1511010101004,REC. INDUSTRIAL - PRINC. - INDUSTRIA TRANSFORMACAO - INDUSTRIA DE PRODUTOS ALIMENTARES,145372.97
2026,8,3051,60,1611010130000,SERVICOS ADM. COMERC. GER. - PRINC. - ESTUDOS E PESQUISA,101808.66
2026,8,3051,60,1611040102000,SERVICOS INFORMACAO TECNOLOGIA - PRINC. - INFORMACOES CIENTIFICAS E TECNOLOGICAS,1184.01
2026,8,3051,60,1999992199000,OUTRAS REC. - PRIMARIAS - PRINC. - DEMAIS,116416.46
2026,8,3051,60,7411010101000,REC. INTRA. - REC. AGROPECUARIA - PRINC. - PRODUCAO VEGETAL,119999.82
2026,8,3051,70,1732990108001,AGROPECUARIA - DIVERSOS MUNICIPIOS,40245.1
2026,8,3051,70,2432990107001,AGROPECUARIA - DIVERSOS MUNICIPIOS,34764.9
2026,8,3151,60,1611010107000,SERVICOS ADM. COMERC. GER. - PRINC. - COMUNICACAO,653073.54
2026,8,4031,60,1311020101000,CONC. PERM. AUTOR. CESSAO DIR. USO BENS IMOV. PUB. - PRINC. - CONCESSAO DE DIREITO REAL DE USO DE AREA PUBLICA,99322.79
2026,8,4031,60,1321010101000,REMUNERACAO DEPOSITOS BANCARIOS - PRINC.,76024955.87
2026,8,4031,60,1611010101000,SERVICOS ADM. COMERC. GER. - PRINC. - ADMINISTRACAO DE DEPOSITOS JUDICIAIS,52379654.06
2026,8,4031,60,1611010123002,SERVICOS ADM. COMERC. GER. - PRINC. - PODER JUDIC. - DESPESAS PROCESSUAIS,5084799.66
2026,8,4031,60,1611010323002,SERVICOS ADM. COMERC. GER. - DA - PODER JUDIC. - DESPESAS PROCESSUAIS,321512.9
2026,8,4031,60,1611010423002,SERVICOS ADM. COMERC. GER. - DA-MJM - PODER JUDIC. - DESPESAS PROCESSUAIS,106627.97
2026,8,4031,60,1611020101000,INSCRICAO CONCURSOS PROCESSOS SELETIVOS - PRINC.,-319260
2026,8,4031,60,1611040105000,SERVICOS INFORMACAO TECNOLOGIA - PRINC. - PROCESSAMENTO DAS CONSIGNACOES DA FOLHA DE PESSOAL,195311.38
2026,8,4031,60,1911010308001,MULTAS LEGISL. ESPECIFICA - DA - MULTA ADM. DISCIPLINAR - NOTARIOS REGISTRADORES - PRINC.,2989.64
2026,8,4031,60,1911090199000,MULTAS JUROS PREVISTOS CONTRATOS - PRINC. - DEMAIS,51398.46
2026,8,4031,60,1911090399000,MULTAS JUROS PREVISTOS CONTRATOS - DA,1942.6
2026,8,4031,60,1911090499000,MULTAS JUROS PREVISTOS CONTRATOS - DA-MJM - DEMAIS,1062.24
2026,8,4031,60,1921990199000,OUTRAS INDENIZACOES - PRINC. - DEMAIS,678.18
2026,8,4031,60,1922990199000,OUTRAS RESTITUICOES - PRINC. - DEMAIS,84755.18
2026,8,4031,60,1999992109001,OUTRAS REC. - PRIMARIAS - PRINC. - EXCEDENTE TETO INTERINOS - PRINC.,31188606.87
2026,8,4031,60,1999992109002,OUTRAS REC. - PRIMARIAS - PRINC. - EXCEDENTE TETO INTERINOS - CORRECAO MONETARIA,18402.02
2026,8,4031,60,1999992199000,OUTRAS REC. - PRIMARIAS - PRINC. - DEMAIS,-20762.11
2026,8,4031,60,1999992209001,OUTRAS REC. - PRIMARIAS - MJM - EXCEDENTE TETO INTERINOS - PRINC.,55473.69
2026,8,4031,60,1999992309001,OUTRAS REC. - PRIMARIAS - DA - EXCEDENTE TETO INTERINOS - PRINC.,21137.93
2026,8,4031,60,1999992309002,OUTRAS REC. - PRIMARIAS - DA - EXCEDENTE TETO INTERINOS - CORRECAO MONETARIA,3335.71
2026,8,4031,60,7311020101000,REC. INTRA. - CONC. PERM. AUTOR. CESSAO DIR. USO BENS IMOV. PUB. - PRINC. - CONCESSAO DE DIREITO REAL DE USO DE AREA PUBLICA,254801.57
2026,8,4031,60,7611010101000,REC. INTRA. - SERVICOS ADM. COMERC. GER. - PRINC. - ADMINISTRACAO DE DEPOSITOS JUDICIAIS,6927208.85
2026,8,4031,61,1611010123003,SERVICOS ADM. COMERC. GER. - PRINC. - PODER JUDIC. - VERBA INDENIZATORIA DE TRANSPORTE CUSTEADA PELAS PARTES,7772107.96
2026,8,4031,70,1321010101000,REMUNERACAO DEPOSITOS BANCARIOS - PRINC.,1533.6
2026,8,4031,70,1732990105001,ACOES JUDICIARIAS - DIVERSOS MUNICIPIOS,20000
2026,8,4031,77,1121010102000,TX. INSP. CONTR. FISC. - PRINC. - TAXA DE FISCALIZACAO JUDICIARIA,173278051.88
2026,8,4031,77,1121010202000,TX. INSP. CONTR. FISC. - MJM - TAXA DE FISCALIZACAO JUDICIARIA,145534.41
2026,8,4031,77,1121010302000,TX. INSP. CONTR. FISC. - DA - TAXA DE FISCALIZACAO JUDICIARIA,21821.6
2026,8,4031,77,1121010402000,TX. INSP. CONTR. FISC. - DA-MJM - TAXA DE FISCALIZACAO JUDICIARIA,34110.85
2026,8,4031,77,1122020101000,EMOLUMENTOS CUSTAS JUDICIAIS - PRINC. - CUSTAS JUDICIAIS - JUSTICA COMUM,27476089.5
2026,8,4031,77,1122020102000,EMOLUMENTOS CUSTAS JUDICIAIS - PRINC. - CUSTAS JUDICIAIS - JUIZADO ESPECIAL,2344335.59
2026,8,4031,77,1122020103000,EMOLUMENTOS CUSTAS JUDICIAIS - PRINC. - TAXA JUDICIARIA,22042756.38
2026,8,4031,77,1122020301000,EMOLUMENTOS CUSTAS JUDICIAIS - DA - CUSTAS JUDICIAIS - JUSTICA COMUM,1234593.03
2026,8,4031,77,1122020302000,EMOLUMENTOS CUSTAS JUDICIAIS - DA - CUSTAS JUDICIAIS - JUIZADO ESPECIAL,98907.6
2026,8,4031,77,1122020303000,EMOLUMENTOS CUSTAS JUDICIAIS - DA - TAXA JUDICIARIA,436075.91
2026,8,4031,77,1122020401000,EMOLUMENTOS CUSTAS JUDICIAIS - DA-MJM - CUSTAS JUDICIAIS - JUSTICA COMUM,439407.49
2026,8,4031,77,1122020402000,EMOLUMENTOS CUSTAS JUDICIAIS - DA-MJM - CUSTAS JUDICIAIS - JUIZADO ESPECIAL,22306.82
2026,8,4031,77,1122020403000,EMOLUMENTOS CUSTAS JUDICIAIS - DA-MJM - TAXA JUDICIARIA,148085.49
2026,8,4031,77,1911080101000,MULTAS SENTENCAS JUDICIAIS - PRINC. - MULTAS PECUNIARIAS E JUROS DE MORA,254008.42
2026,8,4031,77,1911080301000,MULTAS SENTENCAS JUDICIAIS - DA - MULTAS PECUNIARIAS E JUROS DE MORA,11176.03
2026,8,4031,77,1911080401000,MULTAS SENTENCAS JUDICIAIS - DA-MJM - MULTAS PECUNIARIAS E JUROS DE MORA,5015.05
2026,8,4091,45,1741990141999,DIR. HUMANOS CIDADANIA - OUTROS,133.98
2026,8,4091,45,1791990114000,OUTRAS TRANSF. PESSOAS FISICAS - PRINC. - DIREITOS HUMANOS E DE CIDADANIA,5100
2026,8,4101,60,2311071199000,AMORTIZACAO FINANCIAMENTOS GERAL - PRINC. - DEMAIS,3223030.45
2026,8,4111,60,2311071199000,AMORTIZACAO FINANCIAMENTOS GERAL - PRINC. - DEMAIS,11613.58
2026,8,4111,61,2311071199000,AMORTIZACAO FINANCIAMENTOS GERAL - PRINC. - DEMAIS,1009.88
2026,8,4121,60,1321010101000,REMUNERACAO DEPOSITOS BANCARIOS - PRINC.,5168870.8
2026,8,4121,60,1641010101000,RETORNO OPER. JUROS ENCARG. FINANCEIROS - PRINC. - JUROS DE EMPRESTIMOS,56218.91
2026,8,4121,60,1999992107000,OUTRAS REC. - PRIMARIAS - PRINC. - ASSISTENCIA COMPLEMENTAR - SERVIDOR,4962622.65
2026,8,4121,60,2311060101000,AMORTIZACAO EMPRESTIMOS CONTRATUAIS - PRINC.,685016.22
2026,8,4141,39,1911080101000,MULTAS SENTENCAS JUDICIAIS - PRINC. - MULTAS PECUNIARIAS E JUROS DE MORA,726444.69
2026,8,4141,39,1911080301000,MULTAS SENTENCAS JUDICIAIS - DA - MULTAS PECUNIARIAS E JUROS DE MORA,131712.51
2026,8,4141,57,1321010101000,REMUNERACAO DEPOSITOS BANCARIOS - PRINC.,229836.8
2026,8,4251,5,1321010101000,REMUNERACAO DEPOSITOS BANCARIOS - PRINC.,4929
2026,8,4251,56,1321010101000,REMUNERACAO DEPOSITOS BANCARIOS - PRINC.,49359.67
2026,8,4251,56,1716500199000,TRANSF. RECURSOS FNAS - PRINC. - DEMAIS,870495.62
2026,8,4291,10,1922990101000,OUTRAS RESTITUICOES - PRINC. - RECURSOS ORIGINARIOS DO FUNDO ESTADUAL DE SAUDE - FES,2312302.54
2026,8,4291,24,1321010101000,REMUNERACAO DEPOSITOS BANCARIOS - PRINC.,34117.54
2026,8,4291,37,1321010101000,REMUNERACAO DEPOSITOS BANCARIOS - PRINC.,168395.55
2026,8,4291,57,1713505104000,TRANSF. BLOCO MANUT. ASPS - GESTAO SUS - PRINC. - PISO DA ENFERMAGEM,3662029.98
2026,8,4291,60,1321010101000,REMUNERACAO DEPOSITOS BANCARIOS - PRINC.,2243593.24
2026,8,4291,60,1631990199000,OUTROS SERV. ATEND. SAUDE - PRINC. - DEMAIS,4918368.53
2026,8,4291,60,1922990199000,OUTRAS RESTITUICOES - PRINC. - DEMAIS,218486.77
2026,8,4291,92,1321010101000,REMUNERACAO DEPOSITOS BANCARIOS - PRINC.,-982073.18
2026,8,4291,92,1713502101001,TRANSF. BLOCO MANUT. ASPS - ATENCAO ESPECIALIZADA - PRINC. - ATENCAO MAC - PRESTADORES AMBULATORIAIS E HOSPITALARES,7660566.77
2026,8,4291,92,1713502101002,TRANSF. BLOCO MANUT. ASPS - ATENCAO ESPECIALIZADA - PRINC. - ATENCAO MAC - SAMU,15352629.5
2026,8,4291,92,1713502101003,TRANSF. BLOCO MANUT. ASPS - ATENCAO ESPECIALIZADA - PRINC. - ATENCAO MAC - TRANSPLANTES,536103.34
2026,8,4291,92,1713503101000,TRANSF. BLOCO MANUT. ASPS - VIGILANCIA SAUDE - PRINC. - VIGILANCIA EPIDEMIOLOGICA,3402125.28
2026,8,4291,92,1713503103000,TRANSF. BLOCO MANUT. ASPS - VIGILANCIA SAUDE - PRINC. - VIGILANCIA SANITARIA,1370598
2026,8,4291,92,1713504102000,TRANSF. BLOCO MANUT. ASPS - ASSISTENCIA FARMACEUTICA - PRINC. - MEDICAMENTOS EXCEPCIONAIS,13835111.92
2026,8,4291,92,1922990199000,OUTRAS RESTITUICOES - PRINC. - DEMAIS,29337.87
2026,8,4291,93,1321010101000,REMUNERACAO DEPOSITOS BANCARIOS - PRINC.,0
2026,8,4291,98,1321010101000,REMUNERACAO DEPOSITOS BANCARIOS - PRINC.,0
2026,8,4331,59,1999992299000,OUTRAS REC. - PRIMARIAS - MJM - DEMAIS,165580.63
2026,8,4341,61,1911010112000,MULTAS LEGISL. ESPECIFICA - PRINC. - INFRACAO A LEGISLACAO DE ABASTECIMENTO DE AGUA E ESGOTAMENTO SANITARIO,277577.55
2026,8,4381,54,1121010103000,TX. INSP. CONTR. FISC. - PRINC. - TAXA DE LICENCIAMENTO PARA USO OU OCUPACAO DA FAIXA DE DOMINIO DAS RODOVIAS,17078.93
2026,8,4381,54,1121010203000,TX. INSP. CONTR. FISC. - MJM - TAXA DE LICENCIAMENTO PARA USO OU OCUPACAO DA FAIXA DE DOMINIO DAS RODOVIAS,3539.23
2026,8,4381,60,1332011101000,DELEG. EXPLOR. INFRA. TRANSP. RODOVIARIO SETOR PRIVADO - PRINC. - FUNDO ESTADUAL DE DESENVOLVIMENTO DE TRANSPORTES - FUNTRANS,9948756.7
2026,8,4381,60,1611030199000,SERVICOS REG. CERTIF. FISCALIZ. - PRINC. - DEMAIS,1796943.55
2026,8,4381,83,1911010103002,MULTAS LEGISL. ESPECIFICA - PRINC. - LEGISL. TRANSITO - COTA PARTE DO DEPARTAMENTO DE EDIFICACOES E ESTRADAS DE RODAGEM DO ESTADO DE MINAS GERAIS - DERMG,20353757.75
2026,8,4381,83,1911010103003,MULTAS LEGISL. ESPECIFICA - PRINC. - LEGISL. TRANSITO - COTA PARTE DO FUNDO NACIONAL DE SEGURANCA E EDUCACAO NO TRANSITO - FUNSET,1355555.88
2026,8,4381,83,9911010103003,DEDUCAO REC. - MULTAS LEGISL. ESPECIFICA - PRINC. - LEGISL. TRANSITO - COTA PARTE DO FUNDO NACIONAL DE SEGURANCA E EDUCACAO NO TRANSITO - FUNSET,-1355555.88
2026,8,4421,39,1911080101000,MULTAS SENTENCAS JUDICIAIS - PRINC. - MULTAS PECUNIARIAS E JUROS DE MORA,256167.6
2026,8,4441,60,1321010101000,REMUNERACAO DEPOSITOS BANCARIOS - PRINC.,1855416.97
2026,8,4441,60,1911040103000,MULTAS LEGISL. DEFESA DIR. DIFUSOS - PRINC. - TERMO DE AJUSTAMENTO DE CONDUTA - TAC,3033691.36
2026,8,4441,60,1922011101000,RESTITUICAO CONVENIOS - PRIMARIAS - PRINC.,1007.99
2026,8,4441,60,1922990199000,OUTRAS RESTITUICOES - PRINC. - DEMAIS,0
2026,8,4451,60,1321010101000,REMUNERACAO DEPOSITOS BANCARIOS - PRINC.,2702716.78
2026,8,4451,60,1911040102000,MULTAS LEGISL. DEFESA DIR. DIFUSOS - PRINC. - APLICADAS PELO PROCON-MG,4562290.13
2026,8,4491,59,1999992199000,OUTRAS REC. - PRIMARIAS - PRINC. - DEMAIS,1586335.29
2026,8,4541,60,1641010101000,RETORNO OPER. JUROS ENCARG. FINANCEIROS - PRINC. - JUROS DE EMPRESTIMOS,187047.53
2026,8,4541,60,2311060101000,AMORTIZACAO EMPRESTIMOS CONTRATUAIS - PRINC.,2035474.97
2026,8,4551,59,1219991106000,DEMAIS CONTRIB. SOC. - PRINC. - PECULIO,4835343.19
2026,8,4551,59,1219991107000,DEMAIS CONTRIB. SOC. - PRINC. - SEGURO COLETIVO,2304124.46
2026,8,4551,59,1219991108000,DEMAIS CONTRIB. SOC. - PRINC. - SEGURO DO CONJUGE,96005.19
2026,8,4601,45,1741990141999,DIR. HUMANOS CIDADANIA - OUTROS,0
2026,8,4611,60,1311020101000,CONC. PERM. AUTOR. CESSAO DIR. USO BENS IMOV. PUB. - PRINC. - CONCESSAO DE DIREITO REAL DE USO DE AREA PUBLICA,35151.98
2026,8,4611,60,1321010101000,REMUNERACAO DEPOSITOS BANCARIOS - PRINC.,1363659.4
2026,8,4611,60,1922990199000,OUTRAS RESTITUICOES - PRINC. - DEMAIS,142816139.68
2026,8,4611,60,1999992199000,OUTRAS REC. - PRIMARIAS - PRINC. - DEMAIS,206
2026,8,4611,60,1999992299000,OUTRAS REC. - PRIMARIAS - MJM - DEMAIS,152898.38
2026,8,4621,60,1641010101000,RETORNO OPER. JUROS ENCARG. FINANCEIROS - PRINC. - JUROS DE EMPRESTIMOS,3655.77
2026,8,4631,60,1321010101000,REMUNERACAO DEPOSITOS BANCARIOS - PRINC.,1031331.11
2026,8,4691,57,1321010101000,REMUNERACAO DEPOSITOS BANCARIOS - PRINC.,1073224.97
2026,8,4701,57,1321010101000,REMUNERACAO DEPOSITOS BANCARIOS - PRINC.,296165.13
2026,8,4711,42,7215021101001,REC. INTRA. - CONTRIB. PATRON. - SERV. CIVIL ATIVO - PRINC. - EXECUTIVO - CONTRIB. ORDINARIA,197461376.43
2026,8,4711,42,7215021101002,REC. INTRA. - CONTRIB. PATRON. - SERV. CIVIL ATIVO - PRINC. - EXECUTIVO - CONTRIB. SUPLEMENTAR,231673966.76
2026,8,4711,42,7215021102001,REC. INTRA. - CONTRIB. PATRON. - SERV. CIVIL ATIVO - PRINC. - ALMG - CONTRIB. ORDINARIA,8881873.54
2026,8,4711,42,7215021103001,REC. INTRA. - CONTRIB. PATRON. - SERV. CIVIL ATIVO - PRINC. - TCEMG - CONTRIB. ORDINARIA,7386430.06
2026,8,4711,42,7215021104001,REC. INTRA. - CONTRIB. PATRON. - SERV. CIVIL ATIVO - PRINC. - TJMG - CONTRIB. ORDINARIA,76440242.36
2026,8,4711,42,7215021105001,REC. INTRA. - CONTRIB. PATRON. - SERV. CIVIL ATIVO - PRINC. - TJMMG - CONTRIB. ORDINARIA,657253.29
2026,8,4711,42,7215021106001,REC. INTRA. - CONTRIB. PATRON. - SERV. CIVIL ATIVO - PRINC. - MPMG - CONTRIB. ORDINARIA,28192989.1
2026,8,4711,42,7215021107001,REC. INTRA. - CONTRIB. PATRON. - SERV. CIVIL ATIVO - PRINC. - DEFPUB - CONTRIB. ORDINARIA,7444138.4
2026,8,4711,43,1215011101000,CONTRIB. SERV. CIVIL ATIVO - PRINC. - PODER EXECUTIVO,116466725.93
2026,8,4711,43,1215011102000,CONTRIB. SERV. CIVIL ATIVO - PRINC. - ASSEMBLEIA LEGISLATIVA DO ESTADO DE MINAS GERAIS - ALMG,4449736.15
2026,8,4711,43,1215011103000,CONTRIB. SERV. CIVIL ATIVO - PRINC. - TRIBUNAL DE CONTAS DO ESTADO DE MINAS GERAIS - TCEMG,3803514.79
2026,8,4711,43,1215011104000,CONTRIB. SERV. CIVIL ATIVO - PRINC. - TRIBUNAL DE JUSTICA DO ESTADO DE MINAS GERAIS - TJMG,38220121.18
2026,8,4711,43,1215011105000,CONTRIB. SERV. CIVIL ATIVO - PRINC. - TRIBUNAL DE JUSTICA MILITAR DO ESTADO DE MINAS GERAIS - TJMMG,328626.71
2026,8,4711,43,1215011106000,CONTRIB. SERV. CIVIL ATIVO - PRINC. - MINISTERIO PUBLICO DO ESTADO DE MINAS GERAIS - MPMG,14096494.55
2026,8,4711,43,1215011107000,CONTRIB. SERV. CIVIL ATIVO - PRINC. - DEFENSORIA PUBLICA DO ESTADO DE MINAS GERAIS - DEFPUB,3721639.33
2026,8,4711,43,1215011199001,CONTRIB. SERV. CIVIL ATIVO - PRINC. - DEMAIS - PESSOAL LICENCIADO/A DISPOSICAO,1792660.57
2026,8,4711,43,1215012101000,CONTRIB. SERV. CIVIL INATIVO - PRINC. - PODER EXECUTIVO,55141426.42
2026,8,4711,43,1215012102000,CONTRIB. SERV. CIVIL INATIVO - PRINC. - ASSEMBLEIA LEGISLATIVA DO ESTADO DE MINAS GERAIS - ALMG,5374432.81
2026,8,4711,43,1215012103000,CONTRIB. SERV. CIVIL INATIVO - PRINC. - TRIBUNAL DE CONTAS DO ESTADO DE MINAS GERAIS - TCEMG,4490504.2
2026,8,4711,43,1215012104000,CONTRIB. SERV. CIVIL INATIVO - PRINC. - TRIBUNAL DE JUSTICA DO ESTADO DE MINAS GERAIS - TJMG,17703071.7
2026,8,4711,43,1215012105000,CONTRIB. SERV. CIVIL INATIVO - PRINC. - TRIBUNAL DE JUSTICA MILITAR DO ESTADO DE MINAS GERAIS - TJMMG,0
2026,8,4711,43,1215012106000,CONTRIB. SERV. CIVIL INATIVO - PRINC. - MINISTERIO PUBLICO DO ESTADO DE MINAS GERAIS - MPMG,3701463.19
2026,8,4711,43,1215012107000,CONTRIB. SERV. CIVIL INATIVO - PRINC. - DEFENSORIA PUBLICA DO ESTADO DE MINAS GERAIS - DEFPUB,1408246.47
2026,8,4711,43,1215013101000,CONTRIB. SERV. CIVIL - PENSIONISTAS - PRINC. - PODER EXECUTIVO,15639935.12
2026,8,4711,43,1215013102000,CONTRIB. SERV. CIVIL - PENSIONISTAS - PRINC. - ASSEMBLEIA LEGISLATIVA DO ESTADO DE MINAS GERAIS - ALMG,14744.97
2026,8,4711,43,1215013104000,CONTRIB. SERV. CIVIL - PENSIONISTAS - PRINC. - TRIBUNAL DE JUSTICA DO ESTADO DE MINAS GERAIS - TJMG,3688505.32
2026,8,4711,43,1215013105000,CONTRIB. SERV. CIVIL - PENSIONISTAS - PRINC. - TRIBUNAL DE JUSTICA MILITAR DO ESTADO DE MINAS GERAIS - TJMMG,207458.12
2026,8,4711,43,1215013106000,CONTRIB. SERV. CIVIL - PENSIONISTAS - PRINC. - MINISTERIO PUBLICO DO ESTADO DE MINAS GERAIS - MPMG,1082400.54
2026,8,4711,43,1215014101000,CONTRIB. ORIUNDA SENT. JUDIC. - SERV. CIVIL ATIVO - PRINC.,1932232.61
2026,8,4711,43,1215015101000,CONTRIB. ORIUNDA SENT. JUDIC. - SERV. CIVIL INATIVO - PRINC.,1931697.68
2026,8,4711,44,1999030101000,COMPENSACOES FINANCEIRAS REGIMES DE PREVIDENCIA - PRINC.,10306866.79
2026,8,4711,60,1922990199000,OUTRAS RESTITUICOES - PRINC. - DEMAIS,5021.54
2026,8,4711,61,1219991399000,DEMAIS CONTRIB. SOC. - DA - DEMAIS,176237.56
2026,8,4711,61,1219991499000,DEMAIS CONTRIB. SOC. - DA-MJM - DEMAIS,464648.85
2026,8,4711,61,1321040101000,REMUNERACAO RECURSOS RPPS - PRINC. - RENDA FIXA,2492687.48
2026,8,4711,61,1321040102000,REMUNERACAO RECURSOS RPPS - PRINC. - RENDA VARIAVEL,39375
2026,8,4711,61,1922990199000,OUTRAS RESTITUICOES - PRINC. - DEMAIS,306903.49
2026,8,4731,59,1122020104000,EMOLUMENTOS CUSTAS JUDICIAIS - PRINC. - EMOLUMENTOS,9292330
2026,8,4731,59,1122020204000,EMOLUMENTOS CUSTAS JUDICIAIS - MJM - EMOLUMENTOS,409011.69
2026,8,4731,59,1321010101000,REMUNERACAO DEPOSITOS BANCARIOS - PRINC.,0
2026,8,4741,59,1122020104000,EMOLUMENTOS CUSTAS JUDICIAIS - PRINC. - EMOLUMENTOS,9292665.45
2026,8,4741,59,1122020204000,EMOLUMENTOS CUSTAS JUDICIAIS - MJM - EMOLUMENTOS,408676.22
2026,8,4741,59,1321010101000,REMUNERACAO DEPOSITOS BANCARIOS - PRINC.,2394827.87
2026,8,4741,60,1321010101000,REMUNERACAO DEPOSITOS BANCARIOS - PRINC.,634210.07
2026,8,4741,60,1999122101000,ONUS SUCUMBENCIA - PRINC. - HONORARIOS,536436.14
2026,8,4751,59,1122020104000,EMOLUMENTOS CUSTAS JUDICIAIS - PRINC. - EMOLUMENTOS,1188574.58
2026,8,4751,59,1122020204000,EMOLUMENTOS CUSTAS JUDICIAIS - MJM - EMOLUMENTOS,51997.78
2026,8,9999,1,1321010101000,REMUNERACAO DEPOSITOS BANCARIOS - PRINC.,0
2026,8,9999,10,1112510101000,IPVA - PRINC. - COTA PARTE DO ESTADO,128564174.08
2026,8,9999,10,1112510201000,IPVA - MJM - COTA PARTE DO ESTADO,30335484.08
2026,8,9999,10,1112510301000,IPVA - DA - COTA PARTE DO ESTADO,9812424.05
2026,8,9999,10,1112520101000,ITCD - PRINC. - COTA PARTE DO ESTADO,119983012.73
2026,8,9999,10,1112520201000,ITCD - MJM - COTA PARTE DO ESTADO,13658509.6
2026,8,9999,10,1112520301000,ITCD - DA - COTA PARTE DO ESTADO,2108106.49
2026,8,9999,10,1113031101000,IR - RETIDO FONTE - TRABALHO - PRINC.,607171827.25
2026,8,9999,10,1113034101000,IR - RETIDO FONTE - OUTROS RENDIMENTOS - PRINC.,58167336.62
2026,8,9999,10,1114501101001,ICMS - PRINC. - COTA PARTE ESTADO,4621181072.65
2026,8,9999,10,1114501201001,ICMS - MJM - COTA PARTE ESTADO,42226343.14
2026,8,9999,10,1114501301001,ICMS - DA - COTA PARTE ESTADO,35298622.81
2026,8,9999,10,1114501301002,ICMS - DA - COTA PARTE ESTADO - CESSAO DE DIREITOS CREDITORIOS - LEI ESTADUAL NO 19.266/10,0
2026,8,9999,10,1321010101000,REMUNERACAO DEPOSITOS BANCARIOS - PRINC.,311987.41
2026,8,9999,10,1711500101000,COTA-PARTE FPE - PRINC. - ESTADO,694991786.99
2026,8,9999,10,1711530101000,COTA-PARTE IPI - ESTADOS EXPORT. PROD. INDUST. - PRINC. - ESTADO,72888152.35
2026,8,9999,10,1911090199000,MULTAS JUROS PREVISTOS CONTRATOS - PRINC. - DEMAIS,138585.08
2026,8,9999,10,1922011101000,RESTITUICAO CONVENIOS - PRIMARIAS - PRINC.,2678970.03
2026,8,9999,10,1922520101000,RESTITUICAO REMUNERACAO FOLHA PAGAMENTO - PESSOAL ATIVO - PRINC.,92172.33
2026,8,9999,10,1922990101000,OUTRAS RESTITUICOES - PRINC. - RECURSOS ORIGINARIOS DO FUNDO ESTADUAL DE SAUDE - FES,0
2026,8,9999,10,1922990199000,OUTRAS RESTITUICOES - PRINC. - DEMAIS,25907942.58
2026,8,9999,10,9114501301002,DEDUCAO REC. - ICMS - DA - COTA PARTE DO ESTADO - CESSAO DE DIREITOS CREDITORIOS - LEI ESTADUAL NO 19.266/10,0
2026,8,9999,11,1114502101000,ADICIONAL ICMS - FEM - PRINC. - COTA PARTE DO ESTADO,21887931.21
2026,8,9999,11,1114502201000,ADICIONAL ICMS - FEM - MJM - COTA PARTE DO ESTADO,73060.18
2026,8,9999,11,1114502301000,ADICIONAL ICMS - FEM - DA - COTA PARTE DO ESTADO,65025.72
2026,8,9999,11,1114502401000,ADICIONAL ICMS - FEM - DA-MJM - COTA PARTE DO ESTADO,67018.75
2026,8,9999,11,1121010101001,TX. INSP. CONTR. FISC. - PRINC. - TX. SEGURANCA PUBLICA - POLICIA CIVIL DO ESTADO DE MINAS GERAIS - PCMG E COORDENADORIA ESTADUAL DE GESTAO DO TRANSITO - CET,30737667.91
2026,8,9999,11,1121010101002,TX. INSP. CONTR. FISC. - PRINC. - TX. SEGURANCA PUBLICA - CORPO DE BOMBEIROS MILITAR DO ESTADO DE MINAS GERAIS - CBMMG,415831.06
2026,8,9999,11,1121010101003,TX. INSP. CONTR. FISC. - PRINC. - TX. SEGURANCA PUBLICA - POLICIA MILITAR DO ESTADO DE MINAS GERAIS - PMMG,2771.24
2026,8,9999,11,1121010101004,TX. INSP. CONTR. FISC. - PRINC. - TX. SEGURANCA PUBLICA - TAXA DE RENOVACAO DE LICENCIAMENTO ANUAL DE VEICULO,3398135.14
2026,8,9999,11,1121010101006,TX. INSP. CONTR. FISC. - PRINC. - TX. SEGURANCA PUBLICA - DEPARTAMENTO DE EDIFICACOES E ESTRADAS DE RODAGEM DO ESTADO DE MINAS GERAIS - DERMG,275529.58
2026,8,9999,11,1121010103000,TX. INSP. CONTR. FISC. - PRINC. - TAXA DE LICENCIAMENTO PARA USO OU OCUPACAO DA FAIXA DE DOMINIO DAS RODOVIAS,7319.53
2026,8,9999,11,1121010104000,TX. INSP. CONTR. FISC. - PRINC. - TAXA DE FISCALIZACAO SOBRE SERVICOS PUBLICOS DE ABASTECIMENTO DE AGUA E SANEAMENTO,-11671134.89
2026,8,9999,11,1121010107000,TX. INSP. CONTR. FISC. - PRINC. -  TAXA DE REGULACAO E FISCALIZACAO SOBRE SERVICOS PUBLICOS DE ABASTECIMENTO DE AGUA E DE ESGOTAMENTO SANITARIO,13338361.21
2026,8,9999,11,1121010201001,TX. INSP. CONTR. FISC. - MJM - TX. SEGURANCA PUBLICA - POLICIA CIVIL DO ESTADO DE MINAS GERAIS - PCMG E COORDENADORIA ESTADUAL DE GESTAO DO TRANSITO - CET,1.27
2026,8,9999,11,1121010201004,TX. INSP. CONTR. FISC. - MJM - TX. SEGURANCA PUBLICA - TAXA DE RENOVACAO DE LICENCIAMENTO ANUAL DE VEICULO,888282.52
2026,8,9999,11,1121010203000,TX. INSP. CONTR. FISC. - MJM - TAXA DE LICENCIAMENTO PARA USO OU OCUPACAO DA FAIXA DE DOMINIO DAS RODOVIAS,1119.77
2026,8,9999,11,1121040101000,TX. CONTR. FISC. AMBIENT. - PRINC. - TAXA FLORESTAL,3539258.66
2026,8,9999,11,1121040102000,TX. CONTR. FISC. AMBIENT. - PRINC. - TAXA DE FISCALIZACAO DE RECURSOS MINERARIOS,17388773.95
2026,8,9999,11,1121040103000,TX. CONTR. FISC. AMBIENT. - PRINC. - TAXA DE CONTROLE E FISCALIZACAO AMBIENTAL,247272.64
2026,8,9999,11,1121040104000,TX. CONTR. FISC. AMBIENT. - PRINC. - TAXA DE REGULARIZACAO AMBIENTAL,479722.49
2026,8,9999,11,1121040105000,TX. CONTR. FISC. AMBIENT. - PRINC. - TAXA DA LEI DA PESCA,79518.97
2026,8,9999,11,1121040106000,TX. CONTR. FISC. AMBIENT. - PRINC. - TAXA DE LIBERACAO E MANEJO DA FAUNA E FLORA,23208.71
2026,8,9999,11,1121040107000,TX. CONTR. FISC. AMBIENT. - PRINC. - TAXA DA LEI DE POLITICA FLORESTAL,735264.37
2026,8,9999,11,1121040109000,"TX. CONTR. FISC. AMBIENT. - PRINC. - TAXA DE REPROGRAFIA, CERTIDOES E JULGAMENTO DE CONTENCIOSO",62663.52
2026,8,9999,11,1121040202000,TX. CONTR. FISC. AMBIENT. - MJM - TAXA DE FISCALIZACAO DE RECURSOS MINERARIOS,48925.8
2026,8,9999,11,1121040203000,TX. CONTR. FISC. AMBIENT. - MJM - TAXA DE CONTROLE E FISCALIZACAO AMBIENTAL,87712.79
2026,8,9999,11,1121040302000,TX. CONTR. FISC. AMBIENT. - DA - TAXA DE FISCALIZACAO DE RECURSOS MINERARIOS,6518.21
2026,8,9999,11,1121040402000,TX. CONTR. FISC. AMBIENT. - DA-MJM - TAXA DE FISCALIZACAO DE RECURSOS MINERARIOS,11440.06
2026,8,9999,11,1122010101001,TX. PREST. SERV. G. - PRINC. - TX. EXP. - DEPARTAMENTO DE EDIFICACOES E ESTRADAS DE RODAGEM DO ESTADO DE MINAS GERAIS - DERMG,7992.02
2026,8,9999,11,1122010101002,TX. PREST. SERV. G. - PRINC. - TX. EXP. - ATOS DA SECRETARIA DE ESTADO DA FAZENDA - SEF,608170.3
2026,8,9999,11,1122010101003,TX. PREST. SERV. G. - PRINC. - TX. EXP. - INSTITUTO MINEIRO DE AGROPECUARIA - IMA,2740571.98
2026,8,9999,11,1122010101004,TX. PREST. SERV. G. - PRINC. - TX. EXP. - ATOS DA SECRETARIA DE ESTADO DE SAUDE - SES,851.43
2026,8,9999,11,1122010101011,TX. PREST. SERV. G. - PRINC. - TX. EXP. - ATOS DE AUTORIDADE ADMINISTRATIVA DO SISTEMA ESTADUAL DE MEIO AMBIENTE E RECURSOS HIDRICOS - SISEMA,771469.85
2026,8,9999,11,1122010104000,TX. PREST. SERV. G. - PRINC. - TAXA DE GERENCIAMENTO DO SISTEMA TRANSPORTE RODOVIARIO INTERMUNICIPAL - DEPARTAMENTO DE EDIFICACOES E ESTRADAS DE RODAGEM DO ESTADO DE MINAS GERAIS - DERMG,2496.73
2026,8,9999,11,1122010201002,TX. PREST. SERV. G. - MJM - TX. EXP. - ATOS DA SECRETARIA DE ESTADO DA FAZENDA - SEF,906.35
2026,8,9999,11,1122010201004,TX. PREST. SERV. G. - MJM - TX. EXP. - ATOS DA SECRETARIA DE ESTADO DE SAUDE - SES,0.3
2026,8,9999,11,1349010101000,COMPENSACOES AMBIENTAIS - PRINC. - REPOSICAO FLORESTAL,1154572.13
2026,8,9999,11,1349010103000,COMPENSACOES AMBIENTAIS - PRINC. - SUPRESSAO DO PEQUI,60323.26
2026,8,9999,11,1349010199000,COMPENSACOES AMBIENTAIS - PRINC. - DEMAIS,1310727.89
2026,8,9999,11,1611010118000,SERVICOS ADM. COMERC. GER. - PRINC. - VISITACAO DAS UNIDADES DE CONSERVACAO DA NATUREZA,20875.26
2026,8,9999,11,1712500101000,COTA-PARTE COMPENSACAO FINANCEIRA RECURSOS HIDRICOS - PRINC.,4355167.66
2026,8,9999,11,1712510101000,COTA-PARTE CFEM - PRINC.,13237728.94
2026,8,9999,11,1712521101000,COTA-PARTE COMPENSACAO FINANCEIRA PRODUCAO PETROLEO - LEI FEDERAL NO 7.990/89 - PRINC.,1699026.72
2026,8,9999,11,1741990140999,DESPORTO LAZER - OUTROS,90256.58
2026,8,9999,11,1911010103001,MULTAS LEGISL. ESPECIFICA - PRINC. - LEGISL. TRANSITO - COTA PARTE DO ESTADO,6019231.68
2026,8,9999,11,1911010103002,MULTAS LEGISL. ESPECIFICA - PRINC. - LEGISL. TRANSITO - COTA PARTE DO DEPARTAMENTO DE EDIFICACOES E ESTRADAS DE RODAGEM DO ESTADO DE MINAS GERAIS - DERMG,8624267.65
2026,8,9999,11,1921990101000,OUTRAS INDENIZACOES - PRINC. - IMPACTOS E DANOS AMBIENTAIS,111921.86
2026,8,9999,11,1999992199000,OUTRAS REC. - PRIMARIAS - PRINC. - DEMAIS,679857.94
2026,8,9999,15,1122010101999,TX. PREST. SERV. G. - PRINC. - TX. EXP. - OUTROS,1742.79
2026,8,9999,15,1311011101000,ALUGUEIS ARRENDAMENTOS - PRINC. - ALUGUEIS,52601.95
2026,8,9999,15,1311020199000,CONC. PERM. AUTOR. CESSAO DIR. USO BENS IMOV. PUB. - PRINC. - DEMAIS,133088.77
2026,8,9999,15,1321010101000,REMUNERACAO DEPOSITOS BANCARIOS - PRINC.,164472720.65
2026,8,9999,15,1321020101000,REMUNERACAO DEPOSITOS ESPECIAIS - PRINC.,2819104.7
2026,8,9999,15,1321060101000,JUROS CAPITAL PROPRIO - PRINC. - EMPRESAS ESTATAIS,4750018.01
2026,8,9999,15,1321060102000,JUROS CAPITAL PROPRIO - PRINC. - EMPRESAS NAO ESTATAIS,7192615.35
2026,8,9999,15,1322010101000,DIVIDENDOS - PRINC. - EMPRESAS ESTATAIS,174926167.28
2026,8,9999,15,1511010102001,REC. INDUSTRIAL - PRINC. - INDUSTRIA EDITORIAL GRAFICA - RECEITA DE PUBLICACOES,1484458.5
2026,8,9999,15,1611010106000,SERVICOS ADM. COMERC. GER. - PRINC. - RESERVA DE PLACA ESPECIAL,990360.5
2026,8,9999,15,1611010119000,SERVICOS ADM. COMERC. GER. - PRINC. - REGULARIZACAO FUNDIARIA,6917.83
2026,8,9999,15,1611040103000,SERVICOS INFORMACAO TECNOLOGIA - PRINC. - FORNECIMENTO DE DADOS FISCAIS,38339.9
2026,8,9999,15,1611040105000,SERVICOS INFORMACAO TECNOLOGIA - PRINC. - PROCESSAMENTO DAS CONSIGNACOES DA FOLHA DE PESSOAL,3650062.84
2026,8,9999,15,1699990301000,OUTROS SERVICOS - DA,8477111.71
2026,8,9999,15,1719580101000,TRANSF. OBRIGATORIA DECORRENTE LC FEDERAL NO 176/20 - PRINC.,37724064.65
2026,8,9999,15,1911010101000,MULTAS LEGISL. ESPECIFICA - PRINC. - LEGISLACAO SANITARIA,234.34
2026,8,9999,15,1911010104999,MULTAS LEGISL. ESPECIFICA - PRINC. - MULTA ISOLADA OBRIG. ACESSORIA - OUTROS,1912467.61
2026,8,9999,15,1911010204999,MULTAS LEGISL. ESPECIFICA - MJM - MULTA ISOLADA OBRIG. ACESSORIA - OUTROS,62.82
2026,8,9999,15,1911010304999,MULTAS LEGISL. ESPECIFICA - DA - MULTA ISOLADA OBRIG. ACESSORIA - OUTROS,2346394.68
2026,8,9999,15,1911010404999,MULTAS LEGISL. ESPECIFICA - DA-MJM - MULTA ISOLADA OBRIG. ACESSORIA - OUTROS,152.55
2026,8,9999,15,1911061101000,MULTAS ADM. DANOS AMBIENTAIS - PRINC.,7982999.06
2026,8,9999,15,1911090199000,MULTAS JUROS PREVISTOS CONTRATOS - PRINC. - DEMAIS,16600.49
2026,8,9999,15,1911132101000,MULTAS LEGISLACAO ANTICORRUPCAO ACORDOS LENIENCIA - PRINC.,2100396.73
2026,8,9999,15,1921990199000,OUTRAS INDENIZACOES - PRINC. - DEMAIS,556504.89
2026,8,9999,15,1922990199000,OUTRAS RESTITUICOES - PRINC. - DEMAIS,590364.61
2026,8,9999,15,1931060101000,BENS DIREITOS VALORES RENUNCIA VOLUNTARIA ACORDO NAO PERSECUCAO PENAL - PRINC.,54207.22
2026,8,9999,15,1999992111000,OUTRAS REC. - PRIMARIAS - PRINC. - BANCO DO ESTADO DE MINAS GERAIS - BEMGE,1608694.05
2026,8,9999,15,1999992115000,OUTRAS REC. - PRIMARIAS - PRINC. - GESTAO DE VEICULOS APREENDIDOS E REMOVIDOS,27517546.38
2026,8,9999,15,1999992117000,"OUTRAS REC. - PRIMARIAS - PRINC. - BENS, DIREITOS E VALORES OBJETO DE RENUNCIA VOLUNTARIA EM ACORDO DE NAO PERSECUCAO CIVEL",16248.95
2026,8,9999,15,1999992199000,OUTRAS REC. - PRIMARIAS - PRINC. - DEMAIS,-25040.06
2026,8,9999,15,1999992299000,OUTRAS REC. - PRIMARIAS - MJM - DEMAIS,15014.5
2026,8,9999,15,1999992399000,OUTRAS REC. - PRIMARIAS - DA - DEMAIS,0
2026,8,9999,15,1999992499000,OUTRAS REC. - PRIMARIAS - DA-MJM - DEMAIS,0
2026,8,9999,15,2311060101000,AMORTIZACAO EMPRESTIMOS CONTRATUAIS - PRINC.,20308.39
2026,8,9999,15,7922990199000,REC. INTRA. - OUTRAS RESTITUICOES - PRINC. - DEMAIS,17509.74
2026,8,9999,20,1112510102000,IPVA - PRINC. - COTA PARTE DOS MUNICIPIOS,160760825.2
2026,8,9999,20,1112510202000,IPVA - MJM - COTA PARTE DOS MUNICIPIOS,37920407.78
2026,8,9999,20,1112510302000,IPVA - DA - COTA PARTE DOS MUNICIPIOS,12265530.56
2026,8,9999,20,1114501102000,ICMS - PRINC. - COTA PARTE DOS MUNICIPIOS,1925492090.3
2026,8,9999,20,1114501202000,ICMS - MJM - COTA PARTE DOS MUNICIPIOS,17594310.38
2026,8,9999,20,1114501302000,ICMS - DA - COTA PARTE DOS MUNICIPIOS,14707760.77
2026,8,9999,20,1711530102000,COTA-PARTE IPI - ESTADOS EXPORT. PROD. INDUST. - PRINC. - MUNICIPIOS,30370063.41
2026,8,9999,20,9112510102000,DEDUCAO REC. - IPVA - PRINC. - COTA PARTE DOS MUNICIPIOS,-160760825.2
2026,8,9999,20,9112510202000,DEDUCAO REC. - IPVA - MJM - COTA PARTE DOS MUNICIPIOS,-37920407.78
2026,8,9999,20,9112510302000,DEDUCAO REC. - IPVA - DA - COTA PARTE DOS MUNICIPIOS,-12265530.56
2026,8,9999,20,9114501102000,DEDUCAO REC. - ICMS - PRINC. - COTA PARTE DOS MUNICIPIOS,-1925492090.3
2026,8,9999,20,9114501202000,DEDUCAO REC. - ICMS - MJM - COTA PARTE DOS MUNICIPIOS,-17594310.38
2026,8,9999,20,9114501302000,DEDUCAO REC. - ICMS - DA - COTA PARTE DOS MUNICIPIOS,-14707760.77
2026,8,9999,20,9711530102000,DEDUCAO REC. - COTA-PARTE IPI - ESTADOS EXPORT. PROD. INDUST. - PRINC. - MUNICIPIOS,-30370063.41
2026,8,9999,23,1112510103000,IPVA - PRINC. - COTA PARTE DO ESTADO PARA O FUNDEB,32086278.51
2026,8,9999,23,1112510203000,IPVA - MJM - COTA PARTE DO ESTADO PARA O FUNDEB,7583735.02
2026,8,9999,23,1112510303000,IPVA - DA - COTA PARTE DO ESTADO PARA O FUNDEB,2453106.12
2026,8,9999,23,1112520102000,ITCD - PRINC. - COTA PARTE DO FUNDEB,29995753.14
2026,8,9999,23,1112520202000,ITCD - MJM - COTA PARTE DO FUNDEB,3414627.46
2026,8,9999,23,1112520302000,ITCD - DA - COTA PARTE DO FUNDEB,527026.58
2026,8,9999,23,1114501103000,ICMS - PRINC. - COTA PARTE DO ESTADO PARA O FUNDEB,1155295253.59
2026,8,9999,23,1114501203000,ICMS - MJM - COTA PARTE DO ESTADO PARA O FUNDEB,10556585.98
2026,8,9999,23,1114501303000,ICMS - DA - COTA PARTE DO ESTADO PARA O FUNDEB,8824655.53
2026,8,9999,23,1114502102000,ADICIONAL ICMS - FEM - PRINC. - COTA PARTE DO FUNDEB,18260220.06
2026,8,9999,23,1114502202000,ADICIONAL ICMS - FEM - MJM - COTA PARTE DO FUNDEB,60865.62
2026,8,9999,23,1114502302000,ADICIONAL ICMS - FEM - DA - COTA PARTE DO FUNDEB,54188.1
2026,8,9999,23,1114502402000,ADICIONAL ICMS - FEM - DA-MJM - COTA PARTE DO FUNDEB,55848.96
2026,8,9999,23,1711500102000,COTA-PARTE FPE - PRINC. - FUNDEB,173747946.73
2026,8,9999,23,1711530103000,COTA-PARTE IPI - ESTADOS EXPORT. PROD. INDUST. - PRINC. - FUNDEB,18222038.06
2026,8,9999,23,9112510103000,DEDUCAO REC. - IPVA - PRINC. - COTA PARTE DO ESTADO PARA O FUNDEB,-32086278.51
2026,8,9999,23,9112510203000,DEDUCAO REC. - IPVA - MJM - COTA PARTE DO ESTADO PARA O FUNDEB,-7583735.02
2026,8,9999,23,9112510303000,DEDUCAO REC. - IPVA - DA - COTA PARTE DO ESTADO PARA O FUNDEB,-2453106.12
2026,8,9999,23,9112520102000,DEDUCAO REC. - ITCD - PRINC. - COTA PARTE DO ESTADO PARA O FUNDEB,-29995753.14
2026,8,9999,23,9112520202000,DEDUCAO REC. - ITCD - MJM - COTA PARTE DO ESTADO PARA O FUNDEB,-3414627.46
2026,8,9999,23,9112520302000,DEDUCAO REC. - ITCD - DA - COTA PARTE DO ESTADO PARA O FUNDEB,-527026.58
2026,8,9999,23,9114501103000,DEDUCAO REC. - ICMS - PRINC. - COTA PARTE DO ESTADO PARA O FUNDEB,-1155295268.79
2026,8,9999,23,9114501203000,DEDUCAO REC. - ICMS - MJM - COTA PARTE DO ESTADO PARA O FUNDEB,-10556585.98
2026,8,9999,23,9114501303000,DEDUCAO REC. - ICMS - DA - COTA PARTE DO ESTADO PARA O FUNDEB,-8824655.53
2026,8,9999,23,9114502102000,DEDUCAO REC. - ADICIONAL ICMS - FEM - PRINC. - COTA PARTE DO FUNDEB,-18260220.06
2026,8,9999,23,9114502202000,DEDUCAO REC. - ADICIONAL ICMS - FEM - MJM - COTA PARTE DO FUNDEB,-60865.62
2026,8,9999,23,9114502302000,DEDUCAO REC. - ADICIONAL ICMS - FEM - DA - COTA PARTE DO FUNDEB,-54188.1
2026,8,9999,23,9114502402000,DEDUCAO REC. - ADICIONAL ICMS - FEM - DA-MJM - COTA PARTE DO FUNDEB,-55848.96
2026,8,9999,23,9711500102000,DEDUCAO REC. - COTA-PARTE FPE - PRINC. - FUNDEB,-173747946.73
2026,8,9999,23,9711530103000,DEDUCAO REC. - COTA-PARTE IPI - ESTADOS EXPORT. PROD. INDUST. - PRINC. - FUNDEB,-18222038.06
2026,8,9999,24,1717990120006,SEGURANCA PUBLICA - BANCO CENTRAL DO BRASIL - BCB,0
2026,8,9999,24,2414990120005,SEGURANCA PUBLICA - BANCO CENTRAL DO BRASIL - BCB,0
2026,8,9999,24,2414990120013,SEGURANCA PUBLICA - INSTITUTO NACIONAL DE ESTUDOS E PESQUISAS NACIONAIS ANISIO TEIXEIRA - INEP,0
2026,8,9999,25,1321010101000,REMUNERACAO DEPOSITOS BANCARIOS - PRINC.,1519659.63
2026,8,9999,25,2119990102002,CAIXA ECONOMICA FEDERAL - PROGRAMA DE ACELERACAO DO CRESCIMENTO - PAC - CONTAGEM,349470.32
2026,8,9999,27,1121010101001,TX. INSP. CONTR. FISC. - PRINC. - TX. SEGURANCA PUBLICA - POLICIA CIVIL DO ESTADO DE MINAS GERAIS - PCMG E COORDENADORIA ESTADUAL DE GESTAO DO TRANSITO - CET,71549114.49
2026,8,9999,27,1121010101002,TX. INSP. CONTR. FISC. - PRINC. - TX. SEGURANCA PUBLICA - CORPO DE BOMBEIROS MILITAR DO ESTADO DE MINAS GERAIS - CBMMG,935248.43
2026,8,9999,27,1121010101003,TX. INSP. CONTR. FISC. - PRINC. - TX. SEGURANCA PUBLICA - POLICIA MILITAR DO ESTADO DE MINAS GERAIS - PMMG,6466.26
2026,8,9999,27,1121010101004,TX. INSP. CONTR. FISC. - PRINC. - TX. SEGURANCA PUBLICA - TAXA DE RENOVACAO DE LICENCIAMENTO ANUAL DE VEICULO,7925807.44
2026,8,9999,27,1121010101006,TX. INSP. CONTR. FISC. - PRINC. - TX. SEGURANCA PUBLICA - DEPARTAMENTO DE EDIFICACOES E ESTRADAS DE RODAGEM DO ESTADO DE MINAS GERAIS - DERMG,642902.36
2026,8,9999,27,1121010201001,TX. INSP. CONTR. FISC. - MJM - TX. SEGURANCA PUBLICA - POLICIA CIVIL DO ESTADO DE MINAS GERAIS - PCMG E COORDENADORIA ESTADUAL DE GESTAO DO TRANSITO - CET,2.95
2026,8,9999,27,1121010201004,TX. INSP. CONTR. FISC. - MJM - TX. SEGURANCA PUBLICA - TAXA DE RENOVACAO DE LICENCIAMENTO ANUAL DE VEICULO,2071905.4
2026,8,9999,27,1922990199000,OUTRAS RESTITUICOES - PRINC. - DEMAIS,0
2026,8,9999,29,1122010101002,TX. PREST. SERV. G. - PRINC. - TX. EXP. - ATOS DA SECRETARIA DE ESTADO DA FAZENDA - SEF,1417535.86
2026,8,9999,29,1122010101004,TX. PREST. SERV. G. - PRINC. - TX. EXP. - ATOS DA SECRETARIA DE ESTADO DE SAUDE - SES,1986.71
2026,8,9999,29,1122010101011,TX. PREST. SERV. G. - PRINC. - TX. EXP. - ATOS DE AUTORIDADE ADMINISTRATIVA DO SISTEMA ESTADUAL DE MEIO AMBIENTE E RECURSOS HIDRICOS - SISEMA,128569.42
2026,8,9999,29,1122010201002,TX. PREST. SERV. G. - MJM - TX. EXP. - ATOS DA SECRETARIA DE ESTADO DA FAZENDA - SEF,2114.86
2026,8,9999,29,1122010201004,TX. PREST. SERV. G. - MJM - TX. EXP. - ATOS DA SECRETARIA DE ESTADO DE SAUDE - SES,0.7
2026,8,9999,30,1219991110001,DEMAIS CONTRIB. SOC. - PRINC. - CONTRIB. MILITAR APOSENTADORIA - ATIVO,14982788.13
2026,8,9999,31,1321010101000,REMUNERACAO DEPOSITOS BANCARIOS - PRINC.,5242.48
2026,8,9999,31,1712500101000,COTA-PARTE COMPENSACAO FINANCEIRA RECURSOS HIDRICOS - PRINC.,10162057.92
2026,8,9999,31,1922011101000,RESTITUICAO CONVENIOS - PRIMARIAS - PRINC.,0
2026,8,9999,31,1922990199000,OUTRAS RESTITUICOES - PRINC. - DEMAIS,320.23
2026,8,9999,32,1712510101000,COTA-PARTE CFEM - PRINC.,30888034.21
2026,8,9999,33,1712521101000,COTA-PARTE COMPENSACAO FINANCEIRA PRODUCAO PETROLEO - LEI FEDERAL NO 7.990/89 - PRINC.,3964395.71
2026,8,9999,36,1714530101000,TRANSF. REF. PNATE - PRINC.,0
2026,8,9999,48,2213010101000,ALIENACAO BENS MOVEIS E SEMOVENTES - PRINC.,2738337.5
2026,8,9999,48,2221010101000,ALIENACAO BENS IMOVEIS - PRINC.,2825863.1
2026,8,9999,60,1361010101000,CESSAO DIR. OPERAC. PAG. - PRINC. - FOLHA DE PESSOAL,0
2026,8,9999,60,1922011101000,RESTITUICAO CONVENIOS - PRIMARIAS - PRINC.,0
2026,8,9999,60,1922990199000,OUTRAS RESTITUICOES - PRINC. - DEMAIS,0
2026,8,9999,71,1114502101000,ADICIONAL ICMS - FEM - PRINC. - COTA PARTE DO ESTADO,51152949.2
2026,8,9999,71,1114502201000,ADICIONAL ICMS - FEM - MJM - COTA PARTE DO ESTADO,170402.57
2026,8,9999,71,1114502301000,ADICIONAL ICMS - FEM - DA - COTA PARTE DO ESTADO,151726.57
2026,8,9999,71,1114502401000,ADICIONAL ICMS - FEM - DA-MJM - COTA PARTE DO ESTADO,156377.08
2026,8,9999,71,1321010101000,REMUNERACAO DEPOSITOS BANCARIOS - PRINC.,16359.05
2026,8,9999,72,1121040102000,TX. CONTR. FISC. AMBIENT. - PRINC. - TAXA DE FISCALIZACAO DE RECURSOS MINERARIOS,40573805.9
2026,8,9999,72,1121040202000,TX. CONTR. FISC. AMBIENT. - MJM - TAXA DE FISCALIZACAO DE RECURSOS MINERARIOS,114160.22
2026,8,9999,72,1121040302000,TX. CONTR. FISC. AMBIENT. - DA - TAXA DE FISCALIZACAO DE RECURSOS MINERARIOS,15209.17
2026,8,9999,72,1121040402000,TX. CONTR. FISC. AMBIENT. - DA-MJM - TAXA DE FISCALIZACAO DE RECURSOS MINERARIOS,26693.47
2026,8,9999,72,1321010101000,REMUNERACAO DEPOSITOS BANCARIOS - PRINC.,2109.05
2026,8,9999,72,1922011101000,RESTITUICAO CONVENIOS - PRIMARIAS - PRINC.,158342.59
2026,8,9999,72,1922990199000,OUTRAS RESTITUICOES - PRINC. - DEMAIS,44234.5
2026,8,9999,75,7219991110051,REC. INTRA. - DEMAIS CONTRIB. SOC. - PRINC. - CONTRIB. PATRONAL MILITAR APOSENTADORIA - ATIVO,32952680.27
2026,8,9999,75,7219991110052,REC. INTRA. - DEMAIS CONTRIB. SOC. - PRINC. - CONTRIB. PATRONAL MILITAR APOSENTADORIA - INATIVO,48785225.04
2026,8,9999,80,1321010101000,REMUNERACAO DEPOSITOS BANCARIOS - PRINC.,31686600.62
2026,8,9999,82,1911010103001,MULTAS LEGISL. ESPECIFICA - PRINC. - LEGISL. TRANSITO - COTA PARTE DO ESTADO,14003876.48
2026,8,9999,82,1911010103004,MULTAS LEGISL. ESPECIFICA - PRINC. - LEGISL. TRANSITO - COTA PARTE DO FUNDO NACIONAL DE SEGURANCA E EDUCACAO NO TRANSITO - FUNSET - ESTADO,1052401.52
2026,8,9999,82,1911010103005,MULTAS LEGISL. ESPECIFICA - PRINC. - LEGISL. TRANSITO - RENAINF,14403.64
2026,8,9999,82,9911010103004,DEDUCAO REC. - MULTAS LEGISL. ESPECIFICA - PRINC. - LEGISL. TRANSITO - COTA PARTE DO FUNDO NACIONAL DE SEGURANCA E EDUCACAO NO TRANSITO - FUNSET - ESTADO,-1052401.52
2026,8,9999,89,1321010101000,REMUNERACAO DEPOSITOS BANCARIOS - PRINC.,616323.89
2026,8,9999,94,1121040101000,TX. CONTR. FISC. AMBIENT. - PRINC. - TAXA FLORESTAL,289427.27
2026,8,9999,95,1321010101000,REMUNERACAO DEPOSITOS BANCARIOS - PRINC.,119515577.93
2026,8,9999,95,1922990199000,OUTRAS RESTITUICOES - PRINC. - DEMAIS,4174.17
2026,8,9999,97,1321010101000,REMUNERACAO DEPOSITOS BANCARIOS - PRINC.,348120.95
